<?xml version="1.0" encoding="UTF-8"?>
<osm version="0.6" generator="OpenStreetMap server" copyright="OpenStreetMap and contributors" attribution="http://www.openstreetmap.org/copyright" license="http://opendatacommons.org/licenses/odbl/1-0/">
  <relation id="1001400" visible="true" timestamp="2010-06-23T23:16:41Z" version="1" changeset="5062821" user="ndecaris" uid="155015">
    <member type="way" ref="63468138" role=""/>
    <member type="way" ref="63461101" role=""/>
    <member type="way" ref="63468128" role=""/>
    <member type="way" ref="63468125" role=""/>
    <member type="way" ref="63468151" role=""/>
    <member type="way" ref="63002933" role=""/>
    <member type="way" ref="63468102" role=""/>
    <member type="node" ref="670656855" role="admin_centre"/>
    <tag k="admin_level" v="8"/>
    <tag k="boundary" v="administrative"/>
    <tag k="name" v="Jublains"/>
    <tag k="ref:INSEE" v="53122"/>
    <tag k="type" v="boundary"/>
  </relation>
</osm>
