<?xml version="1.0" encoding="UTF-8"?>
<osm version="0.6" generator="OpenStreetMap server" copyright="OpenStreetMap and contributors" attribution="http://www.openstreetmap.org/copyright" license="http://opendatacommons.org/licenses/odbl/1-0/">
  <relation id="1004400" visible="true" timestamp="2010-06-24T21:28:39Z" version="1" changeset="5069762" user="ab_fab" uid="167634">
    <member type="way" ref="63826177" role=""/>
    <member type="way" ref="63826178" role=""/>
    <member type="way" ref="56007229" role=""/>
    <member type="way" ref="63816219" role=""/>
    <tag k="admin_level" v="8"/>
    <tag k="boundary" v="administrative"/>
    <tag k="name" v="Saint-Maur-des-Bois"/>
    <tag k="postal_code" v="50800"/>
    <tag k="ref:INSEE" v="50521"/>
    <tag k="type" v="boundary"/>
  </relation>
</osm>
