<?xml version="1.0" encoding="UTF-8"?>
<osm version="0.6" generator="OpenStreetMap server" copyright="OpenStreetMap and contributors" attribution="http://www.openstreetmap.org/copyright" license="http://opendatacommons.org/licenses/odbl/1-0/">
  <relation id="1014400" visible="true" timestamp="2010-06-25T19:16:39Z" version="1" changeset="5076082" user="ab_fab" uid="167634">
    <member type="way" ref="64089702" role=""/>
    <member type="way" ref="64089701" role=""/>
    <member type="way" ref="64005748" role=""/>
    <tag k="admin_level" v="8"/>
    <tag k="boundary" v="administrative"/>
    <tag k="name" v="Saint-Brice"/>
    <tag k="postal_code" v="50300"/>
    <tag k="ref:INSEE" v="50451"/>
    <tag k="type" v="boundary"/>
  </relation>
</osm>
