<?xml version="1.0" encoding="UTF-8"?>
<osm version="0.6" generator="OpenStreetMap server" copyright="OpenStreetMap and contributors" attribution="http://www.openstreetmap.org/copyright" license="http://opendatacommons.org/licenses/odbl/1-0/">
  <relation id="1016200" visible="true" timestamp="2010-06-27T12:11:51Z" version="1" changeset="5088993" user="Karamel" uid="263266">
    <member type="way" ref="64442747" role=""/>
    <member type="way" ref="64442748" role=""/>
    <tag k="admin_level" v="8"/>
    <tag k="boundary" v="administrative"/>
    <tag k="name" v="Annezin"/>
    <tag k="type" v="boundary"/>
  </relation>
</osm>
