<?xml version="1.0" encoding="UTF-8"?>
<osm version="0.6" generator="OpenStreetMap server" copyright="OpenStreetMap and contributors" attribution="http://www.openstreetmap.org/copyright" license="http://opendatacommons.org/licenses/odbl/1-0/">
  <relation id="103700" visible="true" timestamp="2009-03-24T07:23:40Z" version="1" changeset="852245" user="Damouns" uid="13442">
    <member type="way" ref="32484000" role=""/>
    <tag k="admin_level" v="8"/>
    <tag k="boundary" v="administrative"/>
    <tag k="code_INSEE" v="25121"/>
    <tag k="created_by" v="Potlatch 0.10f"/>
    <tag k="name" v="Chapelle-des-Bois"/>
    <tag k="type" v="boundary"/>
  </relation>
</osm>
