<?xml version="1.0" encoding="UTF-8"?>
<osm version="0.6" generator="OpenStreetMap server" copyright="OpenStreetMap and contributors" attribution="http://www.openstreetmap.org/copyright" license="http://opendatacommons.org/licenses/odbl/1-0/">
  <relation id="1042900" visible="true" timestamp="2010-07-07T22:31:27Z" version="1" changeset="5162549" user="Aroche" uid="50179">
    <member type="way" ref="66622733" role=""/>
    <member type="way" ref="66622877" role=""/>
    <member type="way" ref="65029837" role=""/>
    <member type="way" ref="66622888" role=""/>
    <member type="way" ref="66622753" role=""/>
    <tag k="admin_level" v="8"/>
    <tag k="boundary" v="administrative"/>
    <tag k="name" v="Quettreville-sur-Sienne"/>
    <tag k="type" v="boundary"/>
  </relation>
</osm>
