<?xml version="1.0" encoding="UTF-8"?>
<osm version="0.6" generator="OpenStreetMap server" copyright="OpenStreetMap and contributors" attribution="http://www.openstreetmap.org/copyright" license="http://opendatacommons.org/licenses/odbl/1-0/">
  <relation id="1060300" visible="true" timestamp="2010-07-10T13:50:25Z" version="1" changeset="5182737" user="ab_fab" uid="167634">
    <member type="way" ref="67027891" role=""/>
    <member type="way" ref="67027909" role=""/>
    <member type="node" ref="474777792" role="admin_centre"/>
    <tag k="admin_level" v="8"/>
    <tag k="boundary" v="administrative"/>
    <tag k="name" v="Hardinvast"/>
    <tag k="postal_code" v="50690"/>
    <tag k="ref:INSEE" v="50230"/>
    <tag k="type" v="boundary"/>
  </relation>
</osm>
