<?xml version="1.0" encoding="UTF-8"?>
<osm version="0.6" generator="OpenStreetMap server" copyright="OpenStreetMap and contributors" attribution="http://www.openstreetmap.org/copyright" license="http://opendatacommons.org/licenses/odbl/1-0/">
  <relation id="1069700" visible="true" timestamp="2010-07-14T12:32:16Z" version="1" changeset="5216509" user="ab_fab" uid="167634">
    <member type="way" ref="67630169" role=""/>
    <member type="way" ref="67630165" role=""/>
    <member type="way" ref="67628570" role=""/>
    <member type="way" ref="67523973" role=""/>
    <member type="way" ref="67347500" role=""/>
    <tag k="admin_level" v="8"/>
    <tag k="boundary" v="administrative"/>
    <tag k="name" v="Beuzeville-au-Plain"/>
    <tag k="postal_code" v="50480"/>
    <tag k="ref:INSEE" v="50051"/>
    <tag k="type" v="boundary"/>
  </relation>
</osm>
