<?xml version="1.0" encoding="UTF-8"?>
<osm version="0.6" generator="OpenStreetMap server" copyright="OpenStreetMap and contributors" attribution="http://www.openstreetmap.org/copyright" license="http://opendatacommons.org/licenses/odbl/1-0/">
  <relation id="107200" visible="true" timestamp="2009-04-03T11:49:55Z" version="1" changeset="111111" user="Zedh" uid="24200">
    <member type="way" ref="32779767" role=""/>
    <member type="way" ref="32781024" role=""/>
    <member type="way" ref="32781382" role=""/>
    <member type="way" ref="32781612" role=""/>
    <member type="way" ref="32783136" role=""/>
    <tag k="admin_level" v="8"/>
    <tag k="boundary" v="administrative"/>
    <tag k="name" v="Vailly"/>
    <tag k="type" v="boundary"/>
  </relation>
</osm>
