<?xml version="1.0" encoding="UTF-8"?>
<osm version="0.6" generator="OpenStreetMap server" copyright="OpenStreetMap and contributors" attribution="http://www.openstreetmap.org/copyright" license="http://opendatacommons.org/licenses/odbl/1-0/">
  <relation id="1074300" visible="true" timestamp="2010-07-16T11:24:58Z" version="1" changeset="5234072" user="Mawie" uid="150619">
    <member type="way" ref="68023735" role=""/>
    <member type="way" ref="68023739" role=""/>
    <member type="way" ref="68023734" role=""/>
    <member type="way" ref="68023750" role=""/>
    <tag k="addr:postcode" v="60420"/>
    <tag k="admin_level" v="8"/>
    <tag k="boundary" v="administrative"/>
    <tag k="name" v="Ferrières"/>
    <tag k="ref:INSEE" v="60232"/>
    <tag k="source:addr:postcode" v="source of postcode is from osm nodes"/>
    <tag k="source:ref:INSEE" v="source of ref is from osm nodes"/>
    <tag k="type" v="boundary"/>
  </relation>
</osm>
