<?xml version="1.0" encoding="UTF-8"?>
<osm version="0.6" generator="OpenStreetMap server" copyright="OpenStreetMap and contributors" attribution="http://www.openstreetmap.org/copyright" license="http://opendatacommons.org/licenses/odbl/1-0/">
  <relation id="107400" visible="true" timestamp="2009-04-03T21:06:49Z" version="1" changeset="136410" user="EtienneChove" uid="30252">
    <member type="way" ref="32793752" role=""/>
    <member type="way" ref="32793874" role=""/>
    <member type="way" ref="32794013" role=""/>
    <member type="way" ref="32794214" role=""/>
    <tag k="admin_level" v="8"/>
    <tag k="boundary" v="administrative"/>
    <tag k="name" v="Vouvray-sur-Loir"/>
    <tag k="ref_INSEE" v="72384"/>
    <tag k="type" v="boundary"/>
  </relation>
</osm>
