<?xml version="1.0" encoding="UTF-8"?>
<osm version="0.6" generator="OpenStreetMap server" copyright="OpenStreetMap and contributors" attribution="http://www.openstreetmap.org/copyright" license="http://opendatacommons.org/licenses/odbl/1-0/">
  <relation id="107700" visible="true" timestamp="2009-04-03T21:30:40Z" version="1" changeset="136410" user="EtienneChove" uid="30252">
    <member type="way" ref="32793318" role=""/>
    <member type="way" ref="32793447" role=""/>
    <member type="way" ref="32793473" role=""/>
    <member type="way" ref="32793608" role=""/>
    <member type="way" ref="32793763" role=""/>
    <member type="way" ref="32793802" role=""/>
    <member type="way" ref="32793863" role=""/>
    <member type="way" ref="32794208" role=""/>
    <member type="way" ref="32794480" role=""/>
    <tag k="admin_level" v="8"/>
    <tag k="boundary" v="administrative"/>
    <tag k="name" v="Sablé-sur-Sarthe"/>
    <tag k="ref_INSEE" v="72264"/>
    <tag k="type" v="boundary"/>
  </relation>
</osm>
