<?xml version="1.0" encoding="UTF-8"?>
<osm version="0.6" generator="OpenStreetMap server" copyright="OpenStreetMap and contributors" attribution="http://www.openstreetmap.org/copyright" license="http://opendatacommons.org/licenses/odbl/1-0/">
  <relation id="1083800" visible="true" timestamp="2010-07-21T21:34:25Z" version="1" changeset="5282685" user="Thomas Petillon" uid="23966">
    <member type="way" ref="34648763" role="outer"/>
    <member type="way" ref="35210338" role="outer"/>
    <member type="way" ref="35210337" role="outer"/>
    <member type="way" ref="61914024" role="outer"/>
    <member type="way" ref="68997812" role="outer"/>
    <member type="way" ref="68997751" role="outer"/>
    <member type="way" ref="68997740" role="outer"/>
    <member type="way" ref="68997709" role="outer"/>
    <member type="way" ref="68997782" role="outer"/>
    <member type="way" ref="68997721" role="outer"/>
    <member type="way" ref="68997771" role="outer"/>
    <member type="way" ref="68997701" role="outer"/>
    <member type="way" ref="61913379" role="outer"/>
    <member type="way" ref="61912659" role="outer"/>
    <member type="way" ref="61912658" role="outer"/>
    <member type="node" ref="26695732" role="admin_centre"/>
    <tag k="addr:postcode" v="35330"/>
    <tag k="admin_level" v="8"/>
    <tag k="boundary" v="administrative"/>
    <tag k="name" v="Maure-de-Bretagne"/>
    <tag k="ref:INSEE" v="35168"/>
    <tag k="type" v="boundary"/>
  </relation>
</osm>
