<?xml version="1.0" encoding="UTF-8"?>
<osm version="0.6" generator="OpenStreetMap server" copyright="OpenStreetMap and contributors" attribution="http://www.openstreetmap.org/copyright" license="http://opendatacommons.org/licenses/odbl/1-0/">
  <relation id="1083100" visible="true" timestamp="2010-07-21T12:06:27Z" version="1" changeset="5278352" user="Mawie" uid="150619">
    <member type="way" ref="68885009" role=""/>
    <member type="way" ref="68884775" role=""/>
    <member type="way" ref="68885008" role=""/>
    <member type="way" ref="68885007" role=""/>
    <tag k="addr:postcode" v="60890"/>
    <tag k="admin_level" v="8"/>
    <tag k="boundary" v="administrative"/>
    <tag k="name" v="Neufchelles"/>
    <tag k="ref:INSEE" v="60448"/>
    <tag k="source:addr:postcode" v="source of postcode is from osm nodes"/>
    <tag k="source:ref:INSEE" v="source of ref is from osm nodes"/>
    <tag k="type" v="boundary"/>
  </relation>
</osm>
