<?xml version="1.0" encoding="UTF-8"?>
<osm version="0.6" generator="OpenStreetMap server" copyright="OpenStreetMap and contributors" attribution="http://www.openstreetmap.org/copyright" license="http://opendatacommons.org/licenses/odbl/1-0/">
  <relation id="108300" visible="true" timestamp="2009-04-05T14:39:34Z" version="1" changeset="229357" user="Link Mauve" uid="45615">
    <member type="way" ref="32845269" role=""/>
    <member type="way" ref="32845271" role=""/>
    <member type="way" ref="32845752" role=""/>
    <member type="way" ref="32845753" role=""/>
    <tag k="admin_level" v="8"/>
    <tag k="boundary" v="administrative"/>
    <tag k="name" v="Villiers-sur-Marne"/>
    <tag k="type" v="boundary"/>
  </relation>
</osm>
