<?xml version="1.0" encoding="UTF-8"?>
<osm version="0.6" generator="OpenStreetMap server" copyright="OpenStreetMap and contributors" attribution="http://www.openstreetmap.org/copyright" license="http://opendatacommons.org/licenses/odbl/1-0/">
  <relation id="109400" visible="true" timestamp="2009-04-07T20:42:27Z" version="1" changeset="302070" user="François Blondel" uid="43845">
    <member type="way" ref="32727869" role=""/>
    <member type="way" ref="32728510" role=""/>
    <member type="way" ref="32909475" role=""/>
    <tag k="admin_level" v="8"/>
    <tag k="boundary" v="administrative"/>
    <tag k="name" v="Joinville-le-pont"/>
    <tag k="type" v="boundary"/>
  </relation>
</osm>
