<?xml version="1.0" encoding="UTF-8"?>
<osm version="0.6" generator="OpenStreetMap server" copyright="OpenStreetMap and contributors" attribution="http://www.openstreetmap.org/copyright" license="http://opendatacommons.org/licenses/odbl/1-0/">
  <relation id="1106200" visible="true" timestamp="2010-07-31T08:59:29Z" version="1" changeset="5360908" user="ab_fab" uid="167634">
    <member type="way" ref="67329642" role=""/>
    <member type="way" ref="67330825" role=""/>
    <member type="way" ref="67330073" role=""/>
    <member type="way" ref="67330072" role=""/>
    <tag k="admin_level" v="8"/>
    <tag k="boundary" v="administrative"/>
    <tag k="name" v="Baubigny"/>
    <tag k="postal_code" v="50270"/>
    <tag k="ref:INSEE" v="50033"/>
    <tag k="type" v="boundary"/>
  </relation>
</osm>
