<?xml version="1.0" encoding="UTF-8"?>
<osm version="0.6" generator="OpenStreetMap server" copyright="OpenStreetMap and contributors" attribution="http://www.openstreetmap.org/copyright" license="http://opendatacommons.org/licenses/odbl/1-0/">
  <relation id="1111700" visible="true" timestamp="2010-08-05T07:57:00Z" version="1" changeset="5405504" user="Mawie" uid="150619">
    <member type="way" ref="71080977" role=""/>
    <member type="way" ref="71080968" role=""/>
    <member type="way" ref="71080975" role=""/>
    <member type="way" ref="71080976" role=""/>
    <tag k="addr:postcode" v="61250"/>
    <tag k="admin_level" v="8"/>
    <tag k="boundary" v="administrative"/>
    <tag k="name" v="Neuilly-le-Bisson"/>
    <tag k="ref:INSEE" v="61304"/>
    <tag k="source:addr:postcode" v="source of postcode is from osm nodes"/>
    <tag k="source:ref:INSEE" v="source of ref is from osm nodes"/>
    <tag k="type" v="boundary"/>
  </relation>
</osm>
