<?xml version="1.0" encoding="UTF-8"?>
<osm version="0.6" generator="OpenStreetMap server" copyright="OpenStreetMap and contributors" attribution="http://www.openstreetmap.org/copyright" license="http://opendatacommons.org/licenses/odbl/1-0/">
  <relation id="1112200" visible="true" timestamp="2010-08-05T15:54:42Z" version="1" changeset="5409431" user="Mawie" uid="150619">
    <member type="way" ref="71133516" role=""/>
    <member type="way" ref="71133367" role=""/>
    <member type="way" ref="71133406" role=""/>
    <member type="way" ref="71133494" role=""/>
    <member type="way" ref="71133556" role=""/>
    <member type="way" ref="71133345" role=""/>
    <tag k="addr:postcode" v="58140"/>
    <tag k="admin_level" v="8"/>
    <tag k="boundary" v="administrative"/>
    <tag k="name" v="Brassy"/>
    <tag k="ref:INSEE" v="58037"/>
    <tag k="source:addr:postcode" v="source of postcode is from galichon.com/INSEE"/>
    <tag k="source:ref:INSEE" v="source of ref is from galichon.com/INSEE"/>
    <tag k="type" v="boundary"/>
  </relation>
</osm>
