<?xml version="1.0" encoding="UTF-8"?>
<osm version="0.6" generator="OpenStreetMap server" copyright="OpenStreetMap and contributors" attribution="http://www.openstreetmap.org/copyright" license="http://opendatacommons.org/licenses/odbl/1-0/">
  <relation id="1112800" visible="true" timestamp="2010-08-06T07:31:06Z" version="1" changeset="5414287" user="Mawie" uid="150619">
    <member type="way" ref="71190792" role=""/>
    <member type="way" ref="71190784" role=""/>
    <member type="way" ref="71101040" role=""/>
    <member type="way" ref="71190788" role=""/>
    <member type="way" ref="71190787" role=""/>
    <member type="way" ref="71123771" role=""/>
    <tag k="addr:postcode" v="61570"/>
    <tag k="admin_level" v="8"/>
    <tag k="boundary" v="administrative"/>
    <tag k="name" v="Saint-Loyer-des-Champs"/>
    <tag k="ref:INSEE" v="61417"/>
    <tag k="source:addr:postcode" v="source of postcode is from osm nodes"/>
    <tag k="source:ref:INSEE" v="source of ref is from osm nodes"/>
    <tag k="type" v="boundary"/>
  </relation>
</osm>
