<?xml version="1.0" encoding="UTF-8"?>
<osm version="0.6" generator="OpenStreetMap server" copyright="OpenStreetMap and contributors" attribution="http://www.openstreetmap.org/copyright" license="http://opendatacommons.org/licenses/odbl/1-0/">
  <relation id="111300" visible="true" timestamp="2009-04-11T19:54:46Z" version="1" changeset="412941" user="sly" uid="24572">
    <member type="way" ref="33056603" role=""/>
    <member type="way" ref="33056605" role=""/>
    <member type="way" ref="33056607" role=""/>
    <member type="way" ref="33056609" role=""/>
    <member type="way" ref="33056612" role=""/>
    <member type="way" ref="33056618" role=""/>
    <member type="way" ref="33056626" role=""/>
    <tag k="admin_level" v="8"/>
    <tag k="boundary" v="administrative"/>
    <tag k="name" v="Fréterive"/>
    <tag k="type" v="boundary"/>
  </relation>
</osm>
