<?xml version="1.0" encoding="UTF-8"?>
<osm version="0.6" generator="OpenStreetMap server" copyright="OpenStreetMap and contributors" attribution="http://www.openstreetmap.org/copyright" license="http://opendatacommons.org/licenses/odbl/1-0/">
  <relation id="111600" visible="true" timestamp="2009-04-12T06:53:47Z" version="1" changeset="434903" user="Gustry" uid="86289">
    <member type="way" ref="33069394" role=""/>
    <member type="way" ref="33069397" role=""/>
    <member type="way" ref="33069398" role=""/>
    <member type="way" ref="33069419" role=""/>
    <tag k="admin_level" v="8"/>
    <tag k="boundary" v="administrative"/>
    <tag k="name" v="AMAGNEY"/>
    <tag k="type" v="boundary"/>
  </relation>
</osm>
