<?xml version="1.0" encoding="UTF-8"?>
<osm version="0.6" generator="OpenStreetMap server" copyright="OpenStreetMap and contributors" attribution="http://www.openstreetmap.org/copyright" license="http://opendatacommons.org/licenses/odbl/1-0/">
  <relation id="111900" visible="true" timestamp="2009-04-12T17:07:22Z" version="1" changeset="447632" user="Julien Catalano" uid="10449">
    <member type="way" ref="33082671" role=""/>
    <member type="way" ref="33082740" role=""/>
    <member type="way" ref="33082832" role=""/>
    <tag k="admin_level" v="8"/>
    <tag k="boundary" v="administrative"/>
    <tag k="name" v="Sainte-Colombe-de-Peyre"/>
    <tag k="type" v="boundary"/>
  </relation>
</osm>
