<?xml version="1.0" encoding="UTF-8"?>
<osm version="0.6" generator="OpenStreetMap server" copyright="OpenStreetMap and contributors" attribution="http://www.openstreetmap.org/copyright" license="http://opendatacommons.org/licenses/odbl/1-0/">
  <relation id="112500" visible="true" timestamp="2009-04-13T13:40:30Z" version="1" changeset="474129" user="DrazziB" uid="53081">
    <member type="way" ref="33121654" role=""/>
    <member type="way" ref="33121662" role=""/>
    <member type="way" ref="33121670" role=""/>
    <tag k="admin_level" v="8"/>
    <tag k="boundary" v="administrative"/>
    <tag k="name" v="Soulvache"/>
    <tag k="type" v="boundary"/>
  </relation>
</osm>
