<?xml version="1.0" encoding="UTF-8"?>
<osm version="0.6" generator="OpenStreetMap server" copyright="OpenStreetMap and contributors" attribution="http://www.openstreetmap.org/copyright" license="http://opendatacommons.org/licenses/odbl/1-0/">
  <relation id="112800" visible="true" timestamp="2009-04-13T21:09:36Z" version="1" changeset="484123" user="yoann" uid="12116">
    <member type="way" ref="33138695" role=""/>
    <member type="way" ref="33138700" role=""/>
    <member type="way" ref="33140305" role=""/>
    <member type="way" ref="33140307" role=""/>
    <tag k="admin_level" v="8"/>
    <tag k="boundary" v="administrative"/>
    <tag k="name" v="Teillet-Argenty"/>
    <tag k="type" v="boundary"/>
  </relation>
</osm>
