<?xml version="1.0" encoding="UTF-8"?>
<osm version="0.6" generator="OpenStreetMap server" copyright="OpenStreetMap and contributors" attribution="http://www.openstreetmap.org/copyright" license="http://opendatacommons.org/licenses/odbl/1-0/">
  <relation id="113100" visible="true" timestamp="2009-04-14T03:01:38Z" version="1" changeset="508871" user="Aurelien Jacobs" uid="19237">
    <member type="way" ref="33157453" role=""/>
    <member type="way" ref="33157596" role=""/>
    <member type="way" ref="33157605" role=""/>
    <member type="way" ref="33157678" role=""/>
    <tag k="admin_level" v="8"/>
    <tag k="boundary" v="administrative"/>
    <tag k="name" v="Dommartin-sous-Amance"/>
    <tag k="ref" v="54168"/>
    <tag k="type" v="boundary"/>
  </relation>
</osm>
