<?xml version="1.0" encoding="UTF-8"?>
<osm version="0.6" generator="OpenStreetMap server" copyright="OpenStreetMap and contributors" attribution="http://www.openstreetmap.org/copyright" license="http://opendatacommons.org/licenses/odbl/1-0/">
  <relation id="1135400" visible="true" timestamp="2010-08-19T11:39:49Z" version="1" changeset="5534592" user="Mawie" uid="150619">
    <member type="way" ref="73205426" role=""/>
    <member type="way" ref="73205447" role=""/>
    <tag k="addr:postcode" v="62350"/>
    <tag k="admin_level" v="8"/>
    <tag k="boundary" v="administrative"/>
    <tag k="name" v="Busnes"/>
    <tag k="ref:INSEE" v="62190"/>
    <tag k="source:addr:postcode" v="source of postcode is from osm nodes"/>
    <tag k="source:ref:INSEE" v="source of ref is from osm nodes"/>
    <tag k="type" v="boundary"/>
  </relation>
</osm>
