<?xml version="1.0" encoding="UTF-8"?>
<osm version="0.6" generator="OpenStreetMap server" copyright="OpenStreetMap and contributors" attribution="http://www.openstreetmap.org/copyright" license="http://opendatacommons.org/licenses/odbl/1-0/">
  <relation id="1136200" visible="true" timestamp="2010-08-19T22:11:58Z" version="1" changeset="5539560" user="Pieren" uid="17286">
    <member type="node" ref="97968555" role="admin_centre"/>
    <member type="way" ref="73305154" role=""/>
    <member type="way" ref="73305156" role=""/>
    <member type="way" ref="73305155" role=""/>
    <tag k="admin_level" v="8"/>
    <tag k="boundary" v="administrative"/>
    <tag k="name" v="Memmelshoffen"/>
    <tag k="ref:INSEE" v="67288"/>
    <tag k="type" v="boundary"/>
  </relation>
</osm>
