<?xml version="1.0" encoding="UTF-8"?>
<osm version="0.6" generator="OpenStreetMap server" copyright="OpenStreetMap and contributors" attribution="http://www.openstreetmap.org/copyright" license="http://opendatacommons.org/licenses/odbl/1-0/">
  <relation id="114200" visible="true" timestamp="2009-04-15T18:52:51Z" version="1" changeset="556963" user="petrovsk" uid="90394">
    <member type="way" ref="31303903" role=""/>
    <member type="way" ref="31303905" role=""/>
    <member type="way" ref="31483583" role=""/>
    <member type="way" ref="31483585" role=""/>
    <member type="way" ref="31506409" role=""/>
    <member type="way" ref="33219503" role=""/>
    <member type="way" ref="33222099" role=""/>
    <member type="way" ref="33222110" role=""/>
    <member type="way" ref="33222119" role=""/>
    <tag k="admin_level" v="8"/>
    <tag k="boundary" v="administrative"/>
    <tag k="name" v="Vézins-de-Lévézou"/>
    <tag k="type" v="boundary"/>
  </relation>
</osm>
