<?xml version="1.0" encoding="UTF-8"?>
<osm version="0.6" generator="OpenStreetMap server" copyright="OpenStreetMap and contributors" attribution="http://www.openstreetmap.org/copyright" license="http://opendatacommons.org/licenses/odbl/1-0/">
  <relation id="114800" visible="true" timestamp="2009-04-16T14:19:43Z" version="1" changeset="582734" user="mat" uid="3085">
    <member type="way" ref="33276224" role=""/>
    <member type="way" ref="33276255" role=""/>
    <member type="way" ref="33276268" role=""/>
    <member type="way" ref="33276280" role=""/>
    <tag k="admin_level" v="8"/>
    <tag k="boundary" v="administrative"/>
    <tag k="name" v="Bonnac-la-Côte"/>
    <tag k="type" v="boundary"/>
  </relation>
</osm>
