<?xml version="1.0" encoding="UTF-8"?>
<osm version="0.6" generator="OpenStreetMap server" copyright="OpenStreetMap and contributors" attribution="http://www.openstreetmap.org/copyright" license="http://opendatacommons.org/licenses/odbl/1-0/">
  <relation id="1157700" visible="true" timestamp="2010-09-01T11:26:28Z" version="1" changeset="5653165" user="Mawie" uid="150619">
    <member type="way" ref="75518041" role=""/>
    <member type="way" ref="73205708" role=""/>
    <member type="way" ref="75518045" role=""/>
    <tag k="addr:postcode" v="62580"/>
    <tag k="admin_level" v="8"/>
    <tag k="boundary" v="administrative"/>
    <tag k="name" v="Farbus"/>
    <tag k="ref:INSEE" v="62324"/>
    <tag k="source:addr:postcode" v="source of postcode is from osm node"/>
    <tag k="source:ref:INSEE" v="source of ref is from osm node"/>
    <tag k="type" v="boundary"/>
  </relation>
</osm>
