<?xml version="1.0" encoding="UTF-8"?>
<osm version="0.6" generator="OpenStreetMap server" copyright="OpenStreetMap and contributors" attribution="http://www.openstreetmap.org/copyright" license="http://opendatacommons.org/licenses/odbl/1-0/">
  <relation id="115800" visible="true" timestamp="2009-04-21T13:40:58Z" version="1" changeset="879459" user="petrovsk" uid="90394">
    <member type="way" ref="33331741" role=""/>
    <member type="way" ref="33331668" role=""/>
    <member type="way" ref="33331786" role=""/>
    <member type="way" ref="33331779" role=""/>
    <member type="way" ref="33331830" role=""/>
    <member type="way" ref="33331720" role=""/>
    <tag k="admin_level" v="8"/>
    <tag k="boundary" v="administrative"/>
    <tag k="name" v="Drulhe"/>
    <tag k="type" v="boundary"/>
  </relation>
</osm>
