<?xml version="1.0" encoding="UTF-8"?>
<osm version="0.6" generator="OpenStreetMap server" copyright="OpenStreetMap and contributors" attribution="http://www.openstreetmap.org/copyright" license="http://opendatacommons.org/licenses/odbl/1-0/">
  <relation id="116300" visible="true" timestamp="2009-04-22T00:02:35Z" version="1" changeset="890288" user="quicky" uid="99151">
    <member type="way" ref="33390198" role=""/>
    <member type="way" ref="33400548" role=""/>
    <member type="way" ref="33400574" role=""/>
    <member type="node" ref="82344910" role=""/>
    <tag k="admin_level" v="8"/>
    <tag k="boundary" v="administrative"/>
    <tag k="name" v="Sainte-Foy-Saint-Sulpice"/>
    <tag k="source" v="cadastre-dgi-fr source : Direction Générale des Impôts - Cadastre ; mise à jour : 2008"/>
    <tag k="type" v="boundary"/>
  </relation>
</osm>
