<?xml version="1.0" encoding="UTF-8"?>
<osm version="0.6" generator="OpenStreetMap server" copyright="OpenStreetMap and contributors" attribution="http://www.openstreetmap.org/copyright" license="http://opendatacommons.org/licenses/odbl/1-0/">
  <relation id="1169800" visible="true" timestamp="2010-09-09T21:15:47Z" version="1" changeset="5736432" user="Gustry" uid="86289">
    <member type="way" ref="76781236" role=""/>
    <member type="way" ref="76781230" role=""/>
    <member type="node" ref="282748502" role="admin_centre"/>
    <tag k="admin_level" v="8"/>
    <tag k="boundary" v="administrative"/>
    <tag k="name" v="Créot"/>
    <tag k="ref:INSEE" v="71151"/>
    <tag k="type" v="boundary"/>
  </relation>
</osm>
