<?xml version="1.0" encoding="UTF-8"?>
<osm version="0.6" generator="OpenStreetMap server" copyright="OpenStreetMap and contributors" attribution="http://www.openstreetmap.org/copyright" license="http://opendatacommons.org/licenses/odbl/1-0/">
  <relation id="117000" visible="true" timestamp="2009-04-22T20:19:10Z" version="1" changeset="905113" user="petrovsk" uid="90394">
    <member type="way" ref="33477040" role=""/>
    <member type="way" ref="33477041" role=""/>
    <member type="way" ref="33477042" role=""/>
    <member type="way" ref="33477048" role=""/>
    <tag k="admin_level" v="8"/>
    <tag k="boundary" v="administrative"/>
    <tag k="name" v="Vitrac-en-Viadène"/>
    <tag k="type" v="boundary"/>
  </relation>
</osm>
