<?xml version="1.0" encoding="UTF-8"?>
<osm version="0.6" generator="OpenStreetMap server" copyright="OpenStreetMap and contributors" attribution="http://www.openstreetmap.org/copyright" license="http://opendatacommons.org/licenses/odbl/1-0/">
  <relation id="117200" visible="true" timestamp="2009-04-23T07:47:49Z" version="1" changeset="909141" user="Denis_Helfer" uid="22165">
    <member type="way" ref="33502764" role=""/>
    <member type="way" ref="33502993" role=""/>
    <member type="node" ref="290878934" role="admin_center"/>
    <member type="way" ref="33503117" role=""/>
    <member type="way" ref="33502852" role=""/>
    <member type="way" ref="33502636" role=""/>
    <member type="way" ref="33503118" role=""/>
    <tag k="admin_level" v="8"/>
    <tag k="boundary" v="administrative"/>
    <tag k="name" v="Froidefontaine"/>
    <tag k="ref" v="90051"/>
    <tag k="type" v="boundary"/>
  </relation>
</osm>
