<?xml version="1.0" encoding="UTF-8"?>
<osm version="0.6" generator="OpenStreetMap server" copyright="OpenStreetMap and contributors" attribution="http://www.openstreetmap.org/copyright" license="http://opendatacommons.org/licenses/odbl/1-0/">
  <relation id="117300" visible="true" timestamp="2009-04-23T13:25:21Z" version="1" changeset="911906" user="NicoB" uid="89288">
    <member type="way" ref="33309853" role=""/>
    <member type="way" ref="33309824" role=""/>
    <member type="way" ref="33327195" role=""/>
    <tag k="admin_level" v="8"/>
    <tag k="boundary" v="administrative"/>
    <tag k="name" v="Saint-Genès Champespe"/>
    <tag k="type" v="boundary"/>
  </relation>
</osm>
