<?xml version="1.0" encoding="UTF-8"?>
<osm version="0.6" generator="OpenStreetMap server" copyright="OpenStreetMap and contributors" attribution="http://www.openstreetmap.org/copyright" license="http://opendatacommons.org/licenses/odbl/1-0/">
  <relation id="117700" visible="true" timestamp="2009-04-23T21:11:14Z" version="1" changeset="918869" user="quicky" uid="99151">
    <member type="way" ref="33534167" role=""/>
    <member type="way" ref="33294835" role=""/>
    <member type="way" ref="32893399" role=""/>
    <member type="way" ref="33366321" role=""/>
    <member type="way" ref="33403830" role=""/>
    <member type="way" ref="33534165" role=""/>
    <member type="node" ref="82344554" role=""/>
    <tag k="admin_level" v="8"/>
    <tag k="boundary" v="administrative"/>
    <tag k="name" v="Saint-Bonnet-les-Oules"/>
    <tag k="source" v="cadastre-dgi-fr source : Direction Générale des Impôts - Cadastre ; mise à jour : 2009"/>
    <tag k="type" v="boundary"/>
  </relation>
</osm>
