<?xml version="1.0" encoding="UTF-8"?>
<osm version="0.6" generator="OpenStreetMap server" copyright="OpenStreetMap and contributors" attribution="http://www.openstreetmap.org/copyright" license="http://opendatacommons.org/licenses/odbl/1-0/">
  <relation id="117900" visible="true" timestamp="2009-04-23T23:39:39Z" version="1" changeset="920178" user="xschaeffer" uid="89861">
    <member type="way" ref="33538980" role=""/>
    <member type="way" ref="33538985" role=""/>
    <member type="way" ref="33538957" role=""/>
    <member type="way" ref="33538954" role=""/>
    <tag k="admin_level" v="8"/>
    <tag k="boundary" v="administrative"/>
    <tag k="name" v="Villedoux"/>
    <tag k="type" v="boundary"/>
  </relation>
</osm>
