<?xml version="1.0" encoding="UTF-8"?>
<osm version="0.6" generator="OpenStreetMap server" copyright="OpenStreetMap and contributors" attribution="http://www.openstreetmap.org/copyright" license="http://opendatacommons.org/licenses/odbl/1-0/">
  <relation id="1192100" visible="true" timestamp="2010-09-26T11:23:04Z" version="1" changeset="5879536" user="PhQ" uid="141978">
    <member type="relation" ref="1189592" role="subarea"/>
    <member type="relation" ref="120204" role="subarea"/>
    <member type="relation" ref="1145072" role="subarea"/>
    <member type="relation" ref="359400" role="subarea"/>
    <member type="relation" ref="1189620" role="subarea"/>
    <member type="relation" ref="362708" role="subarea"/>
    <member type="relation" ref="1189622" role="admin_centre"/>
    <member type="relation" ref="120208" role="subarea"/>
    <member type="relation" ref="363642" role="subarea"/>
    <tag k="address:centre" v="4, Avenue Jean Jaurès 63120 COURPIERE"/>
    <tag k="admin_level" v="8"/>
    <tag k="local_authority:FR:EPCI" v="CC"/>
    <tag k="name" v="Communauté de Communes du Pays de Courpière"/>
    <tag k="ref:EPCI" v="246 301 014"/>
    <tag k="region_category" v="administrative"/>
    <tag k="region_type" v="EPCI"/>
    <tag k="type" v="region"/>
    <tag k="website" v="http://www.pays-courpiere.fr/"/>
  </relation>
</osm>
