<?xml version="1.0" encoding="UTF-8"?>
<osm version="0.6" generator="OpenStreetMap server" copyright="OpenStreetMap and contributors" attribution="http://www.openstreetmap.org/copyright" license="http://opendatacommons.org/licenses/odbl/1-0/">
  <relation id="119300" visible="true" timestamp="2009-04-25T08:07:37Z" version="1" changeset="939175" user="mat" uid="3085">
    <member type="way" ref="33617103" role=""/>
    <member type="way" ref="33617102" role=""/>
    <member type="way" ref="33617106" role=""/>
    <member type="way" ref="33617100" role=""/>
    <member type="way" ref="33617104" role=""/>
    <member type="way" ref="33617108" role=""/>
    <tag k="admin_level" v="8"/>
    <tag k="boundary" v="administrative"/>
    <tag k="name" v="Lupersat"/>
    <tag k="type" v="boundary"/>
  </relation>
</osm>
