<?xml version="1.0" encoding="UTF-8"?>
<osm version="0.6" generator="OpenStreetMap server" copyright="OpenStreetMap and contributors" attribution="http://www.openstreetmap.org/copyright" license="http://opendatacommons.org/licenses/odbl/1-0/">
  <relation id="119700" visible="true" timestamp="2009-04-25T11:53:22Z" version="1" changeset="945728" user="NicoB" uid="89288">
    <member type="way" ref="33626547" role=""/>
    <member type="way" ref="33626554" role=""/>
    <member type="way" ref="33626551" role=""/>
    <member type="way" ref="33626543" role=""/>
    <tag k="admin_level" v="8"/>
    <tag k="boundary" v="administrative"/>
    <tag k="name" v="Chaspinhac"/>
    <tag k="type" v="boundary"/>
  </relation>
</osm>
