<?xml version="1.0" encoding="UTF-8"?>
<osm version="0.6" generator="OpenStreetMap server" copyright="OpenStreetMap and contributors" attribution="http://www.openstreetmap.org/copyright" license="http://opendatacommons.org/licenses/odbl/1-0/">
  <relation id="120500" visible="true" timestamp="2009-04-26T10:05:17Z" version="1" changeset="970537" user="mat" uid="3085">
    <member type="way" ref="33616513" role=""/>
    <member type="way" ref="33610773" role=""/>
    <member type="way" ref="33682759" role=""/>
    <member type="way" ref="33682761" role=""/>
    <tag k="admin_level" v="8"/>
    <tag k="boundary" v="administrative"/>
    <tag k="name" v="Sous-Parsat"/>
    <tag k="type" v="boundary"/>
  </relation>
</osm>
