<?xml version="1.0" encoding="UTF-8"?>
<osm version="0.6" generator="OpenStreetMap server" copyright="OpenStreetMap and contributors" attribution="http://www.openstreetmap.org/copyright" license="http://opendatacommons.org/licenses/odbl/1-0/">
  <relation id="1206400" visible="true" timestamp="2010-10-04T07:08:25Z" version="1" changeset="5950798" user="Damouns" uid="13442">
    <member type="way" ref="75395722" role=""/>
    <member type="way" ref="74293901" role=""/>
    <tag k="admin_level" v="8"/>
    <tag k="boundary" v="administrative"/>
    <tag k="name" v="Boubers-lès-Hesmond"/>
    <tag k="ref:INSEE" v="62157"/>
    <tag k="type" v="boundary"/>
  </relation>
</osm>
