<?xml version="1.0" encoding="UTF-8"?>
<osm version="0.6" generator="OpenStreetMap server" copyright="OpenStreetMap and contributors" attribution="http://www.openstreetmap.org/copyright" license="http://opendatacommons.org/licenses/odbl/1-0/">
  <relation id="120700" visible="true" timestamp="2009-04-26T16:08:01Z" version="1" changeset="975458" user="Pieren" uid="17286">
    <member type="node" ref="287938193" role="admin_centre"/>
    <member type="way" ref="32732503" role=""/>
    <member type="way" ref="33701250" role=""/>
    <tag k="admin_level" v="8"/>
    <tag k="boundary" v="administrative"/>
    <tag k="name" v="Lemud"/>
    <tag k="type" v="boundary"/>
  </relation>
</osm>
