<?xml version="1.0" encoding="UTF-8"?>
<osm version="0.6" generator="OpenStreetMap server" copyright="OpenStreetMap and contributors" attribution="http://www.openstreetmap.org/copyright" license="http://opendatacommons.org/licenses/odbl/1-0/">
  <relation id="1216600" visible="true" timestamp="2010-10-11T13:02:27Z" version="1" changeset="6011493" user="Mawie" uid="150619">
    <member type="way" ref="77362100" role=""/>
    <member type="way" ref="81091126" role=""/>
    <member type="way" ref="81091139" role=""/>
    <member type="way" ref="80341196" role=""/>
    <member type="way" ref="80341200" role=""/>
    <tag k="addr:postcode" v="62450"/>
    <tag k="admin_level" v="8"/>
    <tag k="boundary" v="administrative"/>
    <tag k="name" v="Villers-au-Flos"/>
    <tag k="ref:INSEE" v="62855"/>
    <tag k="source:addr:postcode" v="source of postcode is from osm node"/>
    <tag k="source:ref:INSEE" v="source of ref is from osm node"/>
    <tag k="type" v="boundary"/>
  </relation>
</osm>
