<?xml version="1.0" encoding="UTF-8"?>
<osm version="0.6" generator="OpenStreetMap server" copyright="OpenStreetMap and contributors" attribution="http://www.openstreetmap.org/copyright" license="http://opendatacommons.org/licenses/odbl/1-0/">
  <relation id="1217000" visible="true" timestamp="2010-10-11T18:45:03Z" version="1" changeset="6014634" user="Eric V" uid="163480">
    <member type="way" ref="80840070" role=""/>
    <member type="way" ref="80852173" role=""/>
    <member type="way" ref="80864855" role=""/>
    <member type="way" ref="80988419" role=""/>
    <tag k="admin_level" v="8"/>
    <tag k="boundary" v="administrative"/>
    <tag k="name" v="Mesnil-Verclives"/>
    <tag k="ref:INSEE" v="27407"/>
    <tag k="type" v="boundary"/>
  </relation>
</osm>
