<?xml version="1.0" encoding="UTF-8"?>
<osm version="0.6" generator="OpenStreetMap server" copyright="OpenStreetMap and contributors" attribution="http://www.openstreetmap.org/copyright" license="http://opendatacommons.org/licenses/odbl/1-0/">
  <relation id="121800" visible="true" timestamp="2009-04-27T18:04:44Z" version="1" changeset="993597" user="mat" uid="3085">
    <member type="way" ref="33749638" role=""/>
    <member type="way" ref="33749856" role=""/>
    <tag k="admin_level" v="8"/>
    <tag k="boundary" v="administrative"/>
    <tag k="name" v="Aujols"/>
    <tag k="type" v="boundary"/>
  </relation>
</osm>
