<?xml version="1.0" encoding="UTF-8"?>
<osm version="0.6" generator="OpenStreetMap server" copyright="OpenStreetMap and contributors" attribution="http://www.openstreetmap.org/copyright" license="http://opendatacommons.org/licenses/odbl/1-0/">
  <relation id="122200" visible="true" timestamp="2009-04-28T12:39:28Z" version="1" changeset="1003105" user="mat" uid="3085">
    <member type="way" ref="33775347" role=""/>
    <member type="way" ref="33775341" role=""/>
    <tag k="admin_level" v="8"/>
    <tag k="boundary" v="administrative"/>
    <tag k="name" v="Belmontet"/>
    <tag k="type" v="boundary"/>
  </relation>
</osm>
