<?xml version="1.0" encoding="UTF-8"?>
<osm version="0.6" generator="OpenStreetMap server" copyright="OpenStreetMap and contributors" attribution="http://www.openstreetmap.org/copyright" license="http://opendatacommons.org/licenses/odbl/1-0/">
  <relation id="1223200" visible="true" timestamp="2010-10-12T21:34:15Z" version="1" changeset="6025470" user="vincent_95" uid="49047">
    <member type="way" ref="81213385" role=""/>
    <member type="way" ref="81131487" role=""/>
    <member type="way" ref="81213392" role=""/>
    <tag k="addr:postcode" v="91410"/>
    <tag k="admin_level" v="8"/>
    <tag k="boundary" v="administrative"/>
    <tag k="name" v="Saint-Escobille"/>
    <tag k="ref:INSEE" v="91547"/>
    <tag k="source:addr:postcode" v="source of postcode is from osm nodes"/>
    <tag k="source:ref:INSEE" v="source of ref is from osm nodes"/>
    <tag k="type" v="boundary"/>
  </relation>
</osm>
