<?xml version="1.0" encoding="UTF-8"?>
<osm version="0.6" generator="OpenStreetMap server" copyright="OpenStreetMap and contributors" attribution="http://www.openstreetmap.org/copyright" license="http://opendatacommons.org/licenses/odbl/1-0/">
  <relation id="122300" visible="true" timestamp="2009-04-28T15:03:56Z" version="1" changeset="1004391" user="sly" uid="24572">
    <member type="way" ref="33778399" role=""/>
    <member type="way" ref="33778402" role=""/>
    <member type="way" ref="33778397" role=""/>
    <member type="way" ref="33778396" role=""/>
    <member type="way" ref="33778374" role=""/>
    <member type="way" ref="33778413" role=""/>
    <tag k="admin_level" v="8"/>
    <tag k="boundary" v="administrative"/>
    <tag k="name" v="Saint Georges des Hurtières"/>
    <tag k="type" v="boundary"/>
  </relation>
</osm>
