<?xml version="1.0" encoding="UTF-8"?>
<osm version="0.6" generator="OpenStreetMap server" copyright="OpenStreetMap and contributors" attribution="http://www.openstreetmap.org/copyright" license="http://opendatacommons.org/licenses/odbl/1-0/">
  <relation id="122400" visible="true" timestamp="2009-04-28T20:21:00Z" version="1" changeset="1008367" user="Pieren" uid="17286">
    <member type="node" ref="287938321" role="admin_centre"/>
    <member type="way" ref="33790816" role=""/>
    <member type="way" ref="33790817" role=""/>
    <tag k="admin_level" v="8"/>
    <tag k="boundary" v="administrative"/>
    <tag k="name" v="Pagny-lès-Goin"/>
    <tag k="type" v="boundary"/>
  </relation>
</osm>
