<?xml version="1.0" encoding="UTF-8"?>
<osm version="0.6" generator="OpenStreetMap server" copyright="OpenStreetMap and contributors" attribution="http://www.openstreetmap.org/copyright" license="http://opendatacommons.org/licenses/odbl/1-0/">
  <relation id="122800" visible="true" timestamp="2009-04-29T18:33:06Z" version="1" changeset="1018362" user="Pinpin" uid="1685">
    <member type="way" ref="33531172" role=""/>
    <member type="way" ref="33821842" role=""/>
    <member type="way" ref="33815050" role=""/>
    <member type="way" ref="33821839" role=""/>
    <member type="way" ref="33821834" role=""/>
    <member type="way" ref="33821837" role=""/>
    <member type="way" ref="33819283" role=""/>
    <member type="way" ref="33817827" role=""/>
    <member type="way" ref="33819281" role=""/>
    <member type="way" ref="33817826" role=""/>
    <member type="way" ref="33821838" role=""/>
    <member type="way" ref="33821841" role=""/>
    <member type="way" ref="33821835" role=""/>
    <member type="way" ref="33821833" role=""/>
    <member type="way" ref="33821831" role=""/>
    <tag k="admin_level" v="8"/>
    <tag k="boundary" v="administrative"/>
    <tag k="name" v="Muret"/>
    <tag k="type" v="boundary"/>
  </relation>
</osm>
