<?xml version="1.0" encoding="UTF-8"?>
<osm version="0.6" generator="OpenStreetMap server" copyright="OpenStreetMap and contributors" attribution="http://www.openstreetmap.org/copyright" license="http://opendatacommons.org/licenses/odbl/1-0/">
  <relation id="123400" visible="true" timestamp="2009-04-30T23:34:39Z" version="1" changeset="1031563" user="mat" uid="3085">
    <member type="way" ref="33459821" role=""/>
    <member type="way" ref="33859850" role=""/>
    <member type="way" ref="33859847" role=""/>
    <tag k="admin_level" v="8"/>
    <tag k="boundary" v="administrative"/>
    <tag k="name" v="Laramière"/>
    <tag k="type" v="boundary"/>
  </relation>
</osm>
