<?xml version="1.0" encoding="UTF-8"?>
<osm version="0.6" generator="OpenStreetMap server" copyright="OpenStreetMap and contributors" attribution="http://www.openstreetmap.org/copyright" license="http://opendatacommons.org/licenses/odbl/1-0/">
  <relation id="123500" visible="true" timestamp="2009-05-01T07:26:31Z" version="1" changeset="1033050" user="mat" uid="3085">
    <member type="node" ref="336499145" role="admin_centre"/>
    <member type="way" ref="33837905" role=""/>
    <member type="way" ref="33871521" role=""/>
    <member type="way" ref="33837894" role=""/>
    <member type="way" ref="33871522" role=""/>
    <member type="way" ref="33871417" role=""/>
    <member type="way" ref="33871520" role=""/>
    <tag k="admin_level" v="8"/>
    <tag k="boundary" v="administrative"/>
    <tag k="name" v="Salviac"/>
    <tag k="type" v="boundary"/>
  </relation>
</osm>
