<?xml version="1.0" encoding="UTF-8"?>
<osm version="0.6" generator="OpenStreetMap server" copyright="OpenStreetMap and contributors" attribution="http://www.openstreetmap.org/copyright" license="http://opendatacommons.org/licenses/odbl/1-0/">
  <relation id="1236000" visible="true" timestamp="2010-10-20T15:07:22Z" version="1" changeset="6115229" user="Mawie" uid="150619">
    <member type="way" ref="80589272" role=""/>
    <member type="way" ref="82286225" role=""/>
    <member type="way" ref="82286224" role=""/>
    <tag k="addr:postcode" v="62158"/>
    <tag k="admin_level" v="8"/>
    <tag k="boundary" v="administrative"/>
    <tag k="name" v="Humbercamps"/>
    <tag k="ref:INSEE" v="62465"/>
    <tag k="source:addr:postcode" v="source of postcode is from osm node"/>
    <tag k="source:ref:INSEE" v="source of ref is from osm node"/>
    <tag k="type" v="boundary"/>
  </relation>
</osm>
