<?xml version="1.0" encoding="UTF-8"?>
<osm version="0.6" generator="OpenStreetMap server" copyright="OpenStreetMap and contributors" attribution="http://www.openstreetmap.org/copyright" license="http://opendatacommons.org/licenses/odbl/1-0/">
  <relation id="1240200" visible="true" timestamp="2010-10-22T11:48:37Z" version="1" changeset="6135379" user="Mawie" uid="150619">
    <member type="way" ref="55214209" role=""/>
    <member type="way" ref="41387626" role=""/>
    <member type="way" ref="82508151" role=""/>
    <member type="way" ref="82508147" role=""/>
    <member type="way" ref="82508149" role=""/>
    <tag k="addr:postcode" v="38350"/>
    <tag k="admin_level" v="8"/>
    <tag k="boundary" v="administrative"/>
    <tag k="name" v="La Valette"/>
    <tag k="ref:INSEE" v="38521"/>
    <tag k="source:addr:postcode" v="source of postcode is from osm nodes"/>
    <tag k="source:ref:INSEE" v="source of ref is from osm nodes"/>
    <tag k="type" v="boundary"/>
  </relation>
</osm>
