<?xml version="1.0" encoding="UTF-8"?>
<osm version="0.6" generator="OpenStreetMap server" copyright="OpenStreetMap and contributors" attribution="http://www.openstreetmap.org/copyright" license="http://opendatacommons.org/licenses/odbl/1-0/">
  <relation id="124600" visible="true" timestamp="2009-05-02T21:32:10Z" version="1" changeset="1053920" user="mat" uid="3085">
    <member type="way" ref="33968775" role=""/>
    <member type="way" ref="33819139" role=""/>
    <member type="way" ref="33902583" role=""/>
    <member type="way" ref="33968774" role=""/>
    <tag k="admin_level" v="8"/>
    <tag k="boundary" v="administrative"/>
    <tag k="name" v="Lunegarde"/>
    <tag k="type" v="boundary"/>
  </relation>
</osm>
