<?xml version="1.0" encoding="UTF-8"?>
<osm version="0.6" generator="OpenStreetMap server" copyright="OpenStreetMap and contributors" attribution="http://www.openstreetmap.org/copyright" license="http://opendatacommons.org/licenses/odbl/1-0/">
  <relation id="1247000" visible="true" timestamp="2010-10-29T07:50:21Z" version="1" changeset="6215208" user="Mawie" uid="150619">
    <member type="way" ref="83238249" role=""/>
    <member type="way" ref="83149365" role=""/>
    <member type="way" ref="83238251" role=""/>
    <member type="way" ref="83238248" role=""/>
    <member type="way" ref="83238250" role=""/>
    <tag k="addr:postcode" v="58420"/>
    <tag k="admin_level" v="8"/>
    <tag k="boundary" v="administrative"/>
    <tag k="name" v="Grenois"/>
    <tag k="ref:INSEE" v="58130"/>
    <tag k="source:addr:postcode" v="source of postcode is from osm node"/>
    <tag k="source:ref:INSEE" v="source of ref is from osm node"/>
    <tag k="type" v="boundary"/>
  </relation>
</osm>
