<?xml version="1.0" encoding="UTF-8"?>
<osm version="0.6" generator="OpenStreetMap server" copyright="OpenStreetMap and contributors" attribution="http://www.openstreetmap.org/copyright" license="http://opendatacommons.org/licenses/odbl/1-0/">
  <relation id="1248400" visible="true" timestamp="2010-10-30T15:20:06Z" version="1" changeset="6229367" user="Jeffdelonge" uid="121295">
    <member type="way" ref="81291013" role=""/>
    <member type="way" ref="81211956" role=""/>
    <member type="way" ref="81141674" role=""/>
    <member type="way" ref="81141676" role=""/>
    <member type="way" ref="81142463" role=""/>
    <member type="way" ref="81146490" role=""/>
    <member type="way" ref="81146486" role=""/>
    <member type="way" ref="81146489" role=""/>
    <member type="way" ref="81145779" role=""/>
    <tag k="addr:postcode" v="70500"/>
    <tag k="admin_level" v="8"/>
    <tag k="boundary" v="administrative"/>
    <tag k="name" v="Vitrey-sur-Mance"/>
    <tag k="ref:INSEE" v="70572"/>
    <tag k="type" v="boundary"/>
  </relation>
</osm>
