<?xml version="1.0" encoding="UTF-8"?>
<osm version="0.6" generator="OpenStreetMap server" copyright="OpenStreetMap and contributors" attribution="http://www.openstreetmap.org/copyright" license="http://opendatacommons.org/licenses/odbl/1-0/">
  <relation id="124900" visible="true" timestamp="2009-05-03T09:51:29Z" version="1" changeset="1057890" user="mat" uid="3085">
    <member type="node" ref="389454153" role="admin_centre"/>
    <member type="way" ref="33998257" role=""/>
    <member type="way" ref="33998258" role=""/>
    <tag k="admin_level" v="8"/>
    <tag k="boundary" v="administrative"/>
    <tag k="name" v="Castelnavet"/>
    <tag k="type" v="boundary"/>
  </relation>
</osm>
