<?xml version="1.0" encoding="UTF-8"?>
<osm version="0.6" generator="OpenStreetMap server" copyright="OpenStreetMap and contributors" attribution="http://www.openstreetmap.org/copyright" license="http://opendatacommons.org/licenses/odbl/1-0/">
  <relation id="125000" visible="true" timestamp="2009-05-03T12:39:47Z" version="1" changeset="1059772" user="mat" uid="3085">
    <member type="node" ref="389521501" role="admin_centre"/>
    <member type="way" ref="34003039" role=""/>
    <member type="way" ref="34002822" role=""/>
    <member type="way" ref="34003133" role=""/>
    <member type="way" ref="34003135" role=""/>
    <member type="way" ref="34003134" role=""/>
    <tag k="admin_level" v="8"/>
    <tag k="boundary" v="administrative"/>
    <tag k="name" v="Ladevèze-Ville"/>
    <tag k="type" v="boundary"/>
  </relation>
</osm>
