<?xml version="1.0" encoding="UTF-8"?>
<osm version="0.6" generator="OpenStreetMap server" copyright="OpenStreetMap and contributors" attribution="http://www.openstreetmap.org/copyright" license="http://opendatacommons.org/licenses/odbl/1-0/">
  <relation id="125100" visible="true" timestamp="2009-05-03T14:30:49Z" version="1" changeset="1061206" user="mat" uid="3085">
    <member type="node" ref="389629462" role="admin_centre"/>
    <member type="way" ref="34007999" role=""/>
    <member type="way" ref="34008160" role=""/>
    <member type="way" ref="34008161" role=""/>
    <member type="way" ref="34008162" role=""/>
    <member type="way" ref="34007753" role=""/>
    <tag k="admin_level" v="8"/>
    <tag k="boundary" v="administrative"/>
    <tag k="name" v="Sarraguzan"/>
    <tag k="type" v="boundary"/>
  </relation>
</osm>
