<?xml version="1.0" encoding="UTF-8"?>
<osm version="0.6" generator="OpenStreetMap server" copyright="OpenStreetMap and contributors" attribution="http://www.openstreetmap.org/copyright" license="http://opendatacommons.org/licenses/odbl/1-0/">
  <relation id="1251100" visible="true" timestamp="2010-11-01T10:15:10Z" version="1" changeset="6252546" user="Eric V" uid="163480">
    <member type="way" ref="83598618" role=""/>
    <member type="way" ref="83600254" role=""/>
    <member type="way" ref="83600258" role=""/>
    <member type="way" ref="83598616" role=""/>
    <tag k="admin_level" v="8"/>
    <tag k="boundary" v="administrative"/>
    <tag k="name" v="Oust-Marest"/>
    <tag k="ref:INSEE" v="80613"/>
    <tag k="type" v="boundary"/>
  </relation>
</osm>
