<?xml version="1.0" encoding="UTF-8"?>
<osm version="0.6" generator="OpenStreetMap server" copyright="OpenStreetMap and contributors" attribution="http://www.openstreetmap.org/copyright" license="http://opendatacommons.org/licenses/odbl/1-0/">
  <relation id="125200" visible="true" timestamp="2009-05-03T15:26:46Z" version="1" changeset="1062056" user="mat" uid="3085">
    <member type="node" ref="389686299" role="admin_centre"/>
    <member type="way" ref="34010816" role=""/>
    <member type="way" ref="34012457" role=""/>
    <member type="way" ref="34012462" role=""/>
    <member type="way" ref="34012448" role=""/>
    <member type="way" ref="34012449" role=""/>
    <tag k="admin_level" v="8"/>
    <tag k="boundary" v="administrative"/>
    <tag k="name" v="Saint-Arroman"/>
    <tag k="type" v="boundary"/>
  </relation>
</osm>
