<?xml version="1.0" encoding="UTF-8"?>
<osm version="0.6" generator="OpenStreetMap server" copyright="OpenStreetMap and contributors" attribution="http://www.openstreetmap.org/copyright" license="http://opendatacommons.org/licenses/odbl/1-0/">
  <relation id="125400" visible="true" timestamp="2009-05-03T18:21:35Z" version="1" changeset="1064601" user="Cyrille Nofficial" uid="29467">
    <member type="way" ref="34021119" role=""/>
    <member type="way" ref="34021122" role=""/>
    <member type="way" ref="34021106" role=""/>
    <member type="way" ref="34021126" role=""/>
    <member type="way" ref="34021127" role=""/>
    <tag k="admin_level" v="8"/>
    <tag k="boundary" v="administrative"/>
    <tag k="name" v="Beignon"/>
    <tag k="type" v="boundary"/>
  </relation>
</osm>
