<?xml version="1.0" encoding="UTF-8"?>
<osm version="0.6" generator="OpenStreetMap server" copyright="OpenStreetMap and contributors" attribution="http://www.openstreetmap.org/copyright" license="http://opendatacommons.org/licenses/odbl/1-0/">
  <relation id="125500" visible="true" timestamp="2009-05-03T20:02:13Z" version="1" changeset="1066503" user="NicoB" uid="89288">
    <member type="way" ref="34018198" role=""/>
    <member type="way" ref="34017190" role=""/>
    <member type="way" ref="34027617" role=""/>
    <member type="way" ref="33885073" role=""/>
    <member type="way" ref="34027623" role=""/>
    <tag k="admin_level" v="8"/>
    <tag k="boundary" v="administrative"/>
    <tag k="name" v="Gelles"/>
    <tag k="source" v="cadastre-dgi-fr source : Direction Générale des Impôts - Cadastre ; mise à jour : 2009"/>
    <tag k="type" v="boundary"/>
  </relation>
</osm>
