<?xml version="1.0" encoding="UTF-8"?>
<osm version="0.6" generator="OpenStreetMap server" copyright="OpenStreetMap and contributors" attribution="http://www.openstreetmap.org/copyright" license="http://opendatacommons.org/licenses/odbl/1-0/">
  <relation id="1259400" visible="true" timestamp="2010-11-06T17:04:41Z" version="1" changeset="6304146" user="Pantoine" uid="339468">
    <member type="way" ref="84184813" role=""/>
    <member type="way" ref="33775434" role=""/>
    <member type="way" ref="84184844" role=""/>
    <member type="way" ref="84186810" role=""/>
    <tag k="admin_level" v="8"/>
    <tag k="boundary" v="administrative"/>
    <tag k="name" v="Chavanac"/>
    <tag k="source" v="cadastre-dgi-fr source : Direction Générale des Impôts - Cadastre ; mise à jour : 2009"/>
  </relation>
</osm>
