<?xml version="1.0" encoding="UTF-8"?>
<osm version="0.6" generator="OpenStreetMap server" copyright="OpenStreetMap and contributors" attribution="http://www.openstreetmap.org/copyright" license="http://opendatacommons.org/licenses/odbl/1-0/">
  <relation id="126400" visible="true" timestamp="2009-05-04T14:08:07Z" version="1" changeset="1074545" user="NicoB" uid="89288">
    <member type="way" ref="34063027" role=""/>
    <member type="way" ref="34063028" role=""/>
    <member type="way" ref="34063024" role=""/>
    <member type="way" ref="34063025" role=""/>
    <member type="node" ref="26695397" role="admin_center"/>
    <tag k="admin_level" v="8"/>
    <tag k="boundary" v="administrative"/>
    <tag k="name" v="Vertaizon"/>
    <tag k="source" v="cadastre-dgi-fr source : Direction Générale des Impôts - Cadastre ; mise à jour : 2009"/>
    <tag k="type" v="boundary"/>
  </relation>
</osm>
