<?xml version="1.0" encoding="UTF-8"?>
<osm version="0.6" generator="OpenStreetMap server" copyright="OpenStreetMap and contributors" attribution="http://www.openstreetmap.org/copyright" license="http://opendatacommons.org/licenses/odbl/1-0/">
  <relation id="1267800" visible="true" timestamp="2010-11-10T20:58:30Z" version="1" changeset="6339488" user="the_smile" uid="178396">
    <member type="way" ref="84803979" role=""/>
    <member type="way" ref="84803985" role=""/>
    <member type="way" ref="84803964" role=""/>
    <member type="way" ref="84803942" role=""/>
    <member type="way" ref="84803959" role=""/>
    <member type="way" ref="84803974" role=""/>
    <tag k="admin_level" v="8"/>
    <tag k="boundary" v="administrative"/>
    <tag k="name" v="Mouton"/>
    <tag k="ref:INSEE" v="16237"/>
    <tag k="type" v="boundary"/>
  </relation>
</osm>
