<?xml version="1.0" encoding="UTF-8"?>
<osm version="0.6" generator="OpenStreetMap server" copyright="OpenStreetMap and contributors" attribution="http://www.openstreetmap.org/copyright" license="http://opendatacommons.org/licenses/odbl/1-0/">
  <relation id="1268200" visible="true" timestamp="2010-11-11T10:09:12Z" version="1" changeset="6342318" user="the_smile" uid="178396">
    <member type="way" ref="84842516" role=""/>
    <member type="way" ref="84842509" role=""/>
    <member type="way" ref="84842488" role=""/>
    <member type="way" ref="84842472" role=""/>
    <member type="way" ref="84842542" role=""/>
    <member type="way" ref="84842544" role=""/>
    <tag k="admin_level" v="8"/>
    <tag k="boundary" v="administrative"/>
    <tag k="name" v="Valence"/>
    <tag k="ref:INSEE" v="16392"/>
    <tag k="type" v="boundary"/>
  </relation>
</osm>
