<?xml version="1.0" encoding="UTF-8"?>
<osm version="0.6" generator="OpenStreetMap server" copyright="OpenStreetMap and contributors" attribution="http://www.openstreetmap.org/copyright" license="http://opendatacommons.org/licenses/odbl/1-0/">
  <relation id="1268700" visible="true" timestamp="2010-11-11T17:40:25Z" version="1" changeset="6345257" user="ndecaris" uid="155015">
    <member type="way" ref="84905546" role=""/>
    <member type="way" ref="84908439" role=""/>
    <member type="way" ref="84908509" role=""/>
    <member type="way" ref="84908457" role=""/>
    <member type="way" ref="84905562" role=""/>
    <member type="node" ref="285988536" role="admin_centre"/>
    <tag k="admin_level" v="8"/>
    <tag k="boundary" v="administrative"/>
    <tag k="name" v="Sauvelade"/>
    <tag k="ref:INSEE" v="64512"/>
    <tag k="type" v="boundary"/>
  </relation>
</osm>
