<?xml version="1.0" encoding="UTF-8"?>
<osm version="0.6" generator="OpenStreetMap server" copyright="OpenStreetMap and contributors" attribution="http://www.openstreetmap.org/copyright" license="http://opendatacommons.org/licenses/odbl/1-0/">
  <relation id="127100" visible="true" timestamp="2009-05-04T22:44:28Z" version="1" changeset="1080924" user="mat" uid="3085">
    <member type="node" ref="390559915" role="admin_centre"/>
    <member type="way" ref="34082338" role=""/>
    <member type="way" ref="34082535" role=""/>
    <member type="way" ref="34082534" role=""/>
    <tag k="admin_level" v="8"/>
    <tag k="boundary" v="administrative"/>
    <tag k="name" v="Monfort"/>
    <tag k="type" v="boundary"/>
  </relation>
</osm>
