<?xml version="1.0" encoding="UTF-8"?>
<osm version="0.6" generator="OpenStreetMap server" copyright="OpenStreetMap and contributors" attribution="http://www.openstreetmap.org/copyright" license="http://opendatacommons.org/licenses/odbl/1-0/">
  <relation id="1286000" visible="true" timestamp="2010-11-25T21:04:05Z" version="1" changeset="6457661" user="D Dellier" uid="28311">
    <member type="way" ref="42317010" role=""/>
    <member type="way" ref="55983924" role=""/>
    <member type="way" ref="86435565" role=""/>
    <member type="way" ref="86435566" role=""/>
    <member type="way" ref="55824403" role=""/>
    <member type="way" ref="55824412" role=""/>
    <member type="way" ref="86435564" role=""/>
    <member type="way" ref="86435575" role=""/>
    <tag k="addr:postcode" v="41200"/>
    <tag k="admin_level" v="8"/>
    <tag k="boundary" v="administrative"/>
    <tag k="name" v="Pruniers-en-Sologne"/>
    <tag k="ref:INSEE" v="41185"/>
    <tag k="source" v="cadastre-dgi-fr source : Direction Générale des Impôts - Cadastre. Mise à jour : 2009"/>
    <tag k="type" v="boundary"/>
  </relation>
</osm>
