<?xml version="1.0" encoding="UTF-8"?>
<osm version="0.6" generator="OpenStreetMap server" copyright="OpenStreetMap and contributors" attribution="http://www.openstreetmap.org/copyright" license="http://opendatacommons.org/licenses/odbl/1-0/">
  <relation id="1292800" visible="true" timestamp="2010-11-28T22:36:37Z" version="1" changeset="6482802" user="vincent_95" uid="49047">
    <member type="way" ref="86968177" role=""/>
    <member type="way" ref="86968176" role=""/>
    <member type="way" ref="86955901" role=""/>
    <member type="way" ref="86960900" role=""/>
    <member type="way" ref="50552093" role=""/>
    <member type="way" ref="50552094" role=""/>
    <member type="way" ref="86969351" role=""/>
    <member type="node" ref="1011777411" role=""/>
    <tag k="addr:postcode" v="77230"/>
    <tag k="admin_level" v="8"/>
    <tag k="boundary" v="administrative"/>
    <tag k="name" v="Montgé-en-Goële"/>
    <tag k="population" v="700"/>
    <tag k="ref:INSEE" v="77308"/>
    <tag k="type" v="boundary"/>
  </relation>
</osm>
