<?xml version="1.0" encoding="UTF-8"?>
<osm version="0.6" generator="OpenStreetMap server" copyright="OpenStreetMap and contributors" attribution="http://www.openstreetmap.org/copyright" license="http://opendatacommons.org/licenses/odbl/1-0/">
  <relation id="1298100" visible="true" timestamp="2010-11-30T22:25:07Z" version="1" changeset="6498579" user="vincent_95" uid="49047">
    <member type="node" ref="449022144" role=""/>
    <member type="way" ref="87203295" role=""/>
    <member type="way" ref="87203297" role=""/>
    <member type="way" ref="87203294" role=""/>
    <member type="way" ref="87203283" role=""/>
    <tag k="addr:postcode" v="77730"/>
    <tag k="admin_level" v="8"/>
    <tag k="boundary" v="administrative"/>
    <tag k="name" v="Nanteuil-sur-Marne"/>
    <tag k="ref:INSEE" v="77331"/>
    <tag k="source:addr:postcode" v="source of postcode is from osm nodes"/>
    <tag k="source:ref:INSEE" v="source of ref is from osm nodes"/>
    <tag k="type" v="boundary"/>
  </relation>
</osm>
