<?xml version="1.0" encoding="UTF-8"?>
<osm version="0.6" generator="OpenStreetMap server" copyright="OpenStreetMap and contributors" attribution="http://www.openstreetmap.org/copyright" license="http://opendatacommons.org/licenses/odbl/1-0/">
  <relation id="1308400" visible="true" timestamp="2010-12-07T08:42:46Z" version="1" changeset="6572128" user="Damouns" uid="13442">
    <member type="way" ref="88241278" role=""/>
    <member type="way" ref="88246462" role=""/>
    <member type="way" ref="88246453" role=""/>
    <member type="way" ref="88246459" role=""/>
    <tag k="admin_level" v="8"/>
    <tag k="boundary" v="administrative"/>
    <tag k="name" v="Voires"/>
    <tag k="ref:INSEE" v="25630"/>
    <tag k="type" v="boundary"/>
  </relation>
</osm>
