<?xml version="1.0" encoding="UTF-8"?>
<osm version="0.6" generator="OpenStreetMap server" copyright="OpenStreetMap and contributors" attribution="http://www.openstreetmap.org/copyright" license="http://opendatacommons.org/licenses/odbl/1-0/">
  <relation id="131000" visible="true" timestamp="2009-05-07T18:58:55Z" version="1" changeset="1109824" user="Denis_Helfer" uid="22165">
    <member type="way" ref="34176812" role=""/>
    <member type="way" ref="34177018" role=""/>
    <member type="way" ref="34177026" role=""/>
    <tag k="admin_level" v="8"/>
    <tag k="boundary" v="administrative"/>
    <tag k="name" v="Aubigny-la-Ronce"/>
    <tag k="ref" v="21032"/>
    <tag k="type" v="boundary"/>
  </relation>
</osm>
