<?xml version="1.0" encoding="UTF-8"?>
<osm version="0.6" generator="OpenStreetMap server" copyright="OpenStreetMap and contributors" attribution="http://www.openstreetmap.org/copyright" license="http://opendatacommons.org/licenses/odbl/1-0/">
  <relation id="131300" visible="true" timestamp="2009-05-08T14:59:41Z" version="1" changeset="1117789" user="mat" uid="3085">
    <member type="node" ref="392307789" role="admin_centre"/>
    <member type="way" ref="34207606" role=""/>
    <member type="way" ref="34207602" role=""/>
    <member type="way" ref="34207608" role=""/>
    <member type="way" ref="34207603" role=""/>
    <tag k="admin_level" v="8"/>
    <tag k="boundary" v="administrative"/>
    <tag k="name" v="Vouilly"/>
    <tag k="type" v="boundary"/>
  </relation>
</osm>
