<?xml version="1.0" encoding="UTF-8"?>
<osm version="0.6" generator="OpenStreetMap server" copyright="OpenStreetMap and contributors" attribution="http://www.openstreetmap.org/copyright" license="http://opendatacommons.org/licenses/odbl/1-0/">
  <relation id="131500" visible="true" timestamp="2009-05-08T21:49:27Z" version="1" changeset="1121925" user="mat" uid="3085">
    <member type="node" ref="392458108" role="admin_centre"/>
    <member type="way" ref="34221438" role=""/>
    <member type="way" ref="34221430" role=""/>
    <member type="way" ref="34221437" role=""/>
    <member type="way" ref="34221432" role=""/>
    <member type="way" ref="34157548" role=""/>
    <tag k="admin_level" v="8"/>
    <tag k="boundary" v="administrative"/>
    <tag k="name" v="Loubersan"/>
    <tag k="type" v="boundary"/>
  </relation>
</osm>
