<?xml version="1.0" encoding="UTF-8"?>
<osm version="0.6" generator="OpenStreetMap server" copyright="OpenStreetMap and contributors" attribution="http://www.openstreetmap.org/copyright" license="http://opendatacommons.org/licenses/odbl/1-0/">
  <relation id="131600" visible="true" timestamp="2009-05-09T07:43:32Z" version="1" changeset="1124026" user="Denis_Helfer" uid="22165">
    <member type="way" ref="34216812" role=""/>
    <member type="way" ref="34230953" role=""/>
    <member type="way" ref="34230889" role=""/>
    <member type="way" ref="34230951" role=""/>
    <tag k="admin_level" v="8"/>
    <tag k="boundary" v="administrative"/>
    <tag k="name" v="Magny-lès-Villers"/>
    <tag k="ref" v="21368"/>
    <tag k="type" v="boundary"/>
  </relation>
</osm>
