<?xml version="1.0" encoding="UTF-8"?>
<osm version="0.6" generator="OpenStreetMap server" copyright="OpenStreetMap and contributors" attribution="http://www.openstreetmap.org/copyright" license="http://opendatacommons.org/licenses/odbl/1-0/">
  <relation id="133300" visible="true" timestamp="2009-05-10T21:42:52Z" version="1" changeset="1145516" user="mat" uid="3085">
    <member type="node" ref="393466525" role="admin_centre"/>
    <member type="way" ref="34260412" role=""/>
    <member type="way" ref="34288902" role=""/>
    <member type="way" ref="34157285" role=""/>
    <member type="way" ref="34284256" role=""/>
    <member type="way" ref="34288901" role=""/>
    <member type="way" ref="34288848" role=""/>
    <member type="way" ref="34260410" role=""/>
    <tag k="admin_level" v="8"/>
    <tag k="boundary" v="administrative"/>
    <tag k="name" v="Sainte-Christie"/>
    <tag k="type" v="boundary"/>
  </relation>
</osm>
