<?xml version="1.0" encoding="UTF-8"?>
<osm version="0.6" generator="OpenStreetMap server" copyright="OpenStreetMap and contributors" attribution="http://www.openstreetmap.org/copyright" license="http://opendatacommons.org/licenses/odbl/1-0/">
  <relation id="134300" visible="true" timestamp="2009-05-11T22:08:28Z" version="1" changeset="1158654" user="mat" uid="3085">
    <member type="node" ref="394047505" role="admin_centre"/>
    <member type="way" ref="34354928" role=""/>
    <member type="way" ref="34354930" role=""/>
    <tag k="admin_level" v="8"/>
    <tag k="boundary" v="administrative"/>
    <tag k="name" v="Caylus"/>
    <tag k="type" v="boundary"/>
  </relation>
</osm>
