<?xml version="1.0" encoding="UTF-8"?>
<osm version="0.6" generator="OpenStreetMap server" copyright="OpenStreetMap and contributors" attribution="http://www.openstreetmap.org/copyright" license="http://opendatacommons.org/licenses/odbl/1-0/">
  <relation id="1347500" visible="true" timestamp="2010-12-29T19:51:49Z" version="1" changeset="6802543" user="Eric S" uid="45284">
    <member type="way" ref="92286986" role=""/>
    <member type="way" ref="92286987" role=""/>
    <member type="way" ref="92257760" role=""/>
    <member type="way" ref="92246059" role=""/>
    <member type="way" ref="92246056" role=""/>
    <member type="way" ref="92246069" role=""/>
    <member type="way" ref="92267449" role=""/>
    <member type="way" ref="45327235" role=""/>
    <member type="way" ref="92278905" role=""/>
    <member type="way" ref="92278910" role=""/>
    <member type="way" ref="92278921" role=""/>
    <member type="way" ref="32730521" role=""/>
    <member type="way" ref="32729212" role=""/>
    <member type="way" ref="92315981" role=""/>
    <member type="way" ref="92315053" role=""/>
    <tag k="addr:postcode" v="38520"/>
    <tag k="admin_level" v="8"/>
    <tag k="boundary" v="administrative"/>
    <tag k="name" v="Le Bourg-d'Oisans"/>
    <tag k="ref:INSEE" v="38052"/>
    <tag k="type" v="boundary"/>
  </relation>
</osm>
