<?xml version="1.0" encoding="UTF-8"?>
<osm version="0.6" generator="OpenStreetMap server" copyright="OpenStreetMap and contributors" attribution="http://www.openstreetmap.org/copyright" license="http://opendatacommons.org/licenses/odbl/1-0/">
  <relation id="1347000" visible="true" timestamp="2010-12-29T15:07:42Z" version="1" changeset="6799698" user="Eric S" uid="45284">
    <member type="way" ref="92246056" role=""/>
    <member type="way" ref="92238700" role=""/>
    <member type="way" ref="92238694" role=""/>
    <member type="way" ref="92238697" role=""/>
    <member type="way" ref="41387625" role=""/>
    <member type="way" ref="92246067" role=""/>
    <member type="way" ref="92246061" role=""/>
    <tag k="addr:postcode" v="38302"/>
    <tag k="admin_level" v="8"/>
    <tag k="boundary" v="administrative"/>
    <tag k="name" v="Le Périer"/>
    <tag k="ref:INSEE" v="38302"/>
    <tag k="type" v="boundary"/>
  </relation>
</osm>
