<?xml version="1.0" encoding="UTF-8"?>
<osm version="0.6" generator="OpenStreetMap server" copyright="OpenStreetMap and contributors" attribution="http://www.openstreetmap.org/copyright" license="http://opendatacommons.org/licenses/odbl/1-0/">
  <relation id="135600" visible="true" timestamp="2009-05-12T16:17:32Z" version="1" changeset="1165397" user="mat" uid="3085">
    <member type="node" ref="394797792" role="admin_centre"/>
    <member type="way" ref="34386811" role=""/>
    <member type="way" ref="34386813" role=""/>
    <member type="way" ref="34386814" role=""/>
    <member type="way" ref="34386758" role=""/>
    <tag k="admin_level" v="8"/>
    <tag k="boundary" v="administrative"/>
    <tag k="name" v="Gonneville-sur-Mer"/>
    <tag k="type" v="boundary"/>
  </relation>
</osm>
