<?xml version="1.0" encoding="UTF-8"?>
<osm version="0.6" generator="OpenStreetMap server" copyright="OpenStreetMap and contributors" attribution="http://www.openstreetmap.org/copyright" license="http://opendatacommons.org/licenses/odbl/1-0/">
  <relation id="1357800" visible="true" timestamp="2011-01-04T21:59:51Z" version="1" changeset="6866462" user="vincent_95" uid="49047">
    <member type="way" ref="93394202" role=""/>
    <member type="way" ref="93394204" role=""/>
    <member type="way" ref="50843149" role=""/>
    <member type="way" ref="50753826" role=""/>
    <member type="way" ref="50753825" role=""/>
    <member type="node" ref="261052277" role="admin_centre"/>
    <tag k="addr:postcode" v="77160"/>
    <tag k="admin_level" v="8"/>
    <tag k="boundary" v="administrative"/>
    <tag k="name" v="Vulaines-lès-Provins"/>
    <tag k="ref:INSEE" v="77532"/>
    <tag k="source:addr:postcode" v="source of postcode is from osm nodes"/>
    <tag k="source:ref:INSEE" v="source of ref is from osm nodes"/>
    <tag k="type" v="boundary"/>
  </relation>
</osm>
