<?xml version="1.0" encoding="UTF-8"?>
<osm version="0.6" generator="OpenStreetMap server" copyright="OpenStreetMap and contributors" attribution="http://www.openstreetmap.org/copyright" license="http://opendatacommons.org/licenses/odbl/1-0/">
  <relation id="135800" visible="true" timestamp="2009-05-12T19:14:51Z" version="1" changeset="1167507" user="mat" uid="3085">
    <member type="node" ref="394878585" role="admin_centre"/>
    <member type="way" ref="30056131" role=""/>
    <member type="way" ref="34392799" role=""/>
    <member type="way" ref="30056132" role=""/>
    <tag k="admin_level" v="8"/>
    <tag k="boundary" v="administrative"/>
    <tag k="name" v="Génébrières"/>
    <tag k="type" v="boundary"/>
  </relation>
</osm>
