<?xml version="1.0" encoding="UTF-8"?>
<osm version="0.6" generator="OpenStreetMap server" copyright="OpenStreetMap and contributors" attribution="http://www.openstreetmap.org/copyright" license="http://opendatacommons.org/licenses/odbl/1-0/">
  <relation id="135900" visible="true" timestamp="2009-05-12T22:16:21Z" version="1" changeset="1169932" user="mat" uid="3085">
    <member type="node" ref="394966853" role="admin_centre"/>
    <member type="way" ref="34397973" role=""/>
    <member type="way" ref="34398799" role=""/>
    <member type="way" ref="34398800" role=""/>
    <tag k="admin_level" v="8"/>
    <tag k="boundary" v="administrative"/>
    <tag k="name" v="Varennes"/>
    <tag k="type" v="boundary"/>
  </relation>
</osm>
