<?xml version="1.0" encoding="UTF-8"?>
<osm version="0.6" generator="OpenStreetMap server" copyright="OpenStreetMap and contributors" attribution="http://www.openstreetmap.org/copyright" license="http://opendatacommons.org/licenses/odbl/1-0/">
  <relation id="136400" visible="true" timestamp="2009-05-13T20:18:21Z" version="1" changeset="1178867" user="Denis_Helfer" uid="22165">
    <member type="way" ref="34426334" role=""/>
    <member type="way" ref="34426703" role=""/>
    <member type="way" ref="34426456" role=""/>
    <member type="way" ref="34426202" role=""/>
    <member type="way" ref="34426705" role=""/>
    <member type="node" ref="205330414" role="admin_center"/>
    <tag k="admin_level" v="8"/>
    <tag k="boundary" v="administrative"/>
    <tag k="name" v="Vandenesse-en-Auxois"/>
    <tag k="ref" v="21652"/>
    <tag k="type" v="boundary"/>
  </relation>
</osm>
