<?xml version="1.0" encoding="UTF-8"?>
<osm version="0.6" generator="OpenStreetMap server" copyright="OpenStreetMap and contributors" attribution="http://www.openstreetmap.org/copyright" license="http://opendatacommons.org/licenses/odbl/1-0/">
  <relation id="1364300" visible="true" timestamp="2011-01-08T23:32:21Z" version="1" changeset="6910459" user="vincent_95" uid="49047">
    <member type="way" ref="93995022" role=""/>
    <member type="way" ref="31347745" role=""/>
    <member type="way" ref="31347140" role=""/>
    <member type="way" ref="39672799" role=""/>
    <member type="way" ref="61463063" role=""/>
    <member type="way" ref="81932611" role=""/>
    <member type="node" ref="331575029" role=""/>
    <tag k="addr:postcode" v="77950"/>
    <tag k="admin_level" v="8"/>
    <tag k="boundary" v="administrative"/>
    <tag k="name" v="Moisenay"/>
    <tag k="ref:INSEE" v="77295"/>
    <tag k="type" v="boundary"/>
  </relation>
</osm>
