<?xml version="1.0" encoding="UTF-8"?>
<osm version="0.6" generator="OpenStreetMap server" copyright="OpenStreetMap and contributors" attribution="http://www.openstreetmap.org/copyright" license="http://opendatacommons.org/licenses/odbl/1-0/">
  <relation id="1368300" visible="true" timestamp="2011-01-09T21:34:03Z" version="1" changeset="6921073" user="philippekerla" uid="79386">
    <member type="way" ref="37229873" role=""/>
    <member type="way" ref="37549094" role=""/>
    <member type="way" ref="44060256" role=""/>
    <member type="way" ref="44060257" role=""/>
    <member type="way" ref="44060692" role=""/>
    <member type="way" ref="35881034" role=""/>
    <member type="way" ref="4542254" role=""/>
    <member type="way" ref="4542255" role=""/>
    <member type="way" ref="4542273" role=""/>
    <member type="way" ref="35881358" role=""/>
    <member type="way" ref="4542331" role=""/>
    <member type="way" ref="4542336" role=""/>
    <member type="way" ref="36991245" role=""/>
    <member type="way" ref="36991246" role=""/>
    <member type="way" ref="37230607" role=""/>
    <member type="way" ref="37246635" role=""/>
    <member type="way" ref="37287043" role=""/>
    <member type="way" ref="37232482" role=""/>
    <member type="way" ref="37288133" role=""/>
    <member type="way" ref="37288152" role=""/>
    <member type="way" ref="37288151" role=""/>
    <member type="way" ref="37245925" role=""/>
    <member type="way" ref="37216708" role=""/>
    <tag k="admin_level" v="7"/>
    <tag k="boundary" v="administrative"/>
    <tag k="name" v="Talmondais"/>
    <tag k="type" v="boundary"/>
  </relation>
</osm>
