<?xml version="1.0" encoding="UTF-8"?>
<osm version="0.6" generator="OpenStreetMap server" copyright="OpenStreetMap and contributors" attribution="http://www.openstreetmap.org/copyright" license="http://opendatacommons.org/licenses/odbl/1-0/">
  <relation id="1374200" visible="true" timestamp="2011-01-13T13:03:35Z" version="1" changeset="6956970" user="STA" uid="18744">
    <member type="way" ref="94911398" role=""/>
    <member type="way" ref="83251031" role=""/>
    <member type="way" ref="83238248" role=""/>
    <member type="way" ref="94909720" role=""/>
    <member type="way" ref="94909581" role=""/>
    <member type="way" ref="94911421" role=""/>
    <tag k="admin_level" v="8"/>
    <tag k="boundary" v="administrative"/>
    <tag k="name" v="Moraches"/>
    <tag k="ref:INSEE" v="58181"/>
    <tag k="source:ref:INSEE" v="source of ref is from osm node"/>
    <tag k="type" v="boundary"/>
  </relation>
</osm>
