<?xml version="1.0" encoding="UTF-8"?>
<osm version="0.6" generator="OpenStreetMap server" copyright="OpenStreetMap and contributors" attribution="http://www.openstreetmap.org/copyright" license="http://opendatacommons.org/licenses/odbl/1-0/">
  <relation id="1376600" visible="true" timestamp="2011-01-15T09:40:44Z" version="1" changeset="6974835" user="didier2020" uid="300459">
    <member type="way" ref="95196338" role="outer"/>
    <member type="way" ref="95196339" role="outer"/>
    <member type="way" ref="95196341" role="outer"/>
    <member type="way" ref="35149907" role="outer"/>
    <member type="node" ref="846595269" role="admin_centre"/>
    <tag k="addr:postcode" v="47340"/>
    <tag k="admin_level" v="8"/>
    <tag k="boundary" v="administrative"/>
    <tag k="name" v="Sauvagnas"/>
    <tag k="ref:INSEE" v="47288"/>
    <tag k="source:addr:postcode" v="source of postcode is from osm nodes"/>
    <tag k="source:ref:INSEE" v="source of ref is from osm nodes"/>
    <tag k="type" v="boundary"/>
  </relation>
</osm>
