<?xml version="1.0" encoding="UTF-8"?>
<osm version="0.6" generator="OpenStreetMap server" copyright="OpenStreetMap and contributors" attribution="http://www.openstreetmap.org/copyright" license="http://opendatacommons.org/licenses/odbl/1-0/">
  <relation id="138300" visible="true" timestamp="2009-05-14T18:32:04Z" version="1" changeset="1190631" user="Denis_Helfer" uid="22165">
    <member type="way" ref="34345703" role=""/>
    <member type="way" ref="34346167" role=""/>
    <member type="way" ref="34511352" role=""/>
    <member type="way" ref="34510852" role=""/>
    <member type="way" ref="34510853" role=""/>
    <member type="way" ref="34346685" role=""/>
    <tag k="admin_level" v="8"/>
    <tag k="boundary" v="administrative"/>
    <tag k="name" v="Clémencey"/>
    <tag k="ref" v="21178"/>
    <tag k="type" v="boundary"/>
  </relation>
</osm>
