<?xml version="1.0" encoding="UTF-8"?>
<osm version="0.6" generator="OpenStreetMap server" copyright="OpenStreetMap and contributors" attribution="http://www.openstreetmap.org/copyright" license="http://opendatacommons.org/licenses/odbl/1-0/">
  <relation id="138400" visible="true" timestamp="2009-05-14T20:49:35Z" version="1" changeset="1192255" user="cartosm" uid="40933">
    <member type="way" ref="34518139" role=""/>
    <member type="way" ref="34518137" role=""/>
    <member type="way" ref="34518708" role=""/>
    <tag k="admin_level" v="8"/>
    <tag k="boundary" v="administrative"/>
    <tag k="name" v="Vasselin"/>
    <tag k="type" v="boundary"/>
  </relation>
</osm>
