<?xml version="1.0" encoding="UTF-8"?>
<osm version="0.6" generator="OpenStreetMap server" copyright="OpenStreetMap and contributors" attribution="http://www.openstreetmap.org/copyright" license="http://opendatacommons.org/licenses/odbl/1-0/">
  <relation id="138500" visible="true" timestamp="2009-05-14T23:04:59Z" version="1" changeset="1193473" user="xschaeffer" uid="89861">
    <member type="way" ref="34527806" role=""/>
    <member type="way" ref="34527777" role=""/>
    <member type="way" ref="34527816" role=""/>
    <member type="way" ref="34527814" role=""/>
    <member type="way" ref="34527786" role=""/>
    <tag k="admin_level" v="8"/>
    <tag k="boundary" v="administrative"/>
    <tag k="name" v="Dompierre-sur-Charente"/>
    <tag k="type" v="boundary"/>
  </relation>
</osm>
