<?xml version="1.0" encoding="UTF-8"?>
<osm version="0.6" generator="OpenStreetMap server" copyright="OpenStreetMap and contributors" attribution="http://www.openstreetmap.org/copyright" license="http://opendatacommons.org/licenses/odbl/1-0/">
  <relation id="139200" visible="true" timestamp="2009-05-16T10:51:30Z" version="1" changeset="1208193" user="NicoB" uid="89288">
    <member type="way" ref="34584727" role=""/>
    <member type="way" ref="34585447" role=""/>
    <member type="way" ref="34584725" role=""/>
    <member type="node" ref="36786939" role="admin_center"/>
    <member type="way" ref="34585446" role=""/>
    <tag k="admin_level" v="8"/>
    <tag k="boundary" v="administrative"/>
    <tag k="name" v="Courmangoux"/>
    <tag k="source" v="cadastre-dgi-fr source : Direction Générale des Impôts - Cadastre ; mise à jour : 2009"/>
    <tag k="type" v="boundary"/>
  </relation>
</osm>
