<?xml version="1.0" encoding="UTF-8"?>
<osm version="0.6" generator="OpenStreetMap server" copyright="OpenStreetMap and contributors" attribution="http://www.openstreetmap.org/copyright" license="http://opendatacommons.org/licenses/odbl/1-0/">
  <relation id="139600" visible="true" timestamp="2009-05-16T20:25:44Z" version="1" changeset="1214586" user="FrViPofm" uid="107257">
    <member type="node" ref="291415277" role="admin_center"/>
    <member type="way" ref="34607072" role=""/>
    <member type="way" ref="34607070" role=""/>
    <tag k="admin_level" v="8"/>
    <tag k="boundary" v="administrative"/>
    <tag k="code_INSEE" v="25192"/>
    <tag k="name" v="Dampjoux"/>
    <tag k="population" v="100"/>
    <tag k="postal_code" v="25190"/>
    <tag k="ref" v="25192"/>
    <tag k="type" v="boundary"/>
  </relation>
</osm>
