<?xml version="1.0" encoding="UTF-8"?>
<osm version="0.6" generator="OpenStreetMap server" copyright="OpenStreetMap and contributors" attribution="http://www.openstreetmap.org/copyright" license="http://opendatacommons.org/licenses/odbl/1-0/">
  <relation id="139800" visible="true" timestamp="2009-05-17T08:14:53Z" version="1" changeset="1218289" user="Denis_Helfer" uid="22165">
    <member type="way" ref="34606565" role=""/>
    <member type="way" ref="34597155" role=""/>
    <member type="way" ref="34619093" role=""/>
    <member type="way" ref="34619148" role=""/>
    <member type="way" ref="34619147" role=""/>
    <member type="way" ref="34605525" role=""/>
    <tag k="admin_level" v="8"/>
    <tag k="boundary" v="administrative"/>
    <tag k="name" v="Clamerey"/>
    <tag k="ref" v="21177"/>
    <tag k="type" v="boundary"/>
  </relation>
</osm>
