<?xml version="1.0" encoding="UTF-8"?>
<osm version="0.6" generator="OpenStreetMap server" copyright="OpenStreetMap and contributors" attribution="http://www.openstreetmap.org/copyright" license="http://opendatacommons.org/licenses/odbl/1-0/">
  <relation id="140200" visible="true" timestamp="2009-05-17T13:19:44Z" version="1" changeset="1221417" user="wouldsmina" uid="33805">
    <member type="way" ref="34629975" role=""/>
    <member type="way" ref="34629919" role=""/>
    <member type="way" ref="34629977" role=""/>
    <member type="way" ref="34630010" role=""/>
    <member type="way" ref="34630011" role=""/>
    <tag k="admin_level" v="8"/>
    <tag k="boundary" v="administrative"/>
    <tag k="name" v="Saint-Amour"/>
    <tag k="ref_INSEE" v="39475"/>
    <tag k="type" v="boundary"/>
  </relation>
</osm>
