<?xml version="1.0" encoding="UTF-8"?>
<osm version="0.6" generator="OpenStreetMap server" copyright="OpenStreetMap and contributors" attribution="http://www.openstreetmap.org/copyright" license="http://opendatacommons.org/licenses/odbl/1-0/">
  <relation id="140800" visible="true" timestamp="2009-05-17T17:15:15Z" version="1" changeset="1224642" user="wouldsmina" uid="33805">
    <member type="way" ref="34647825" role=""/>
    <member type="way" ref="34647821" role=""/>
    <member type="way" ref="34647824" role=""/>
    <member type="way" ref="34647819" role=""/>
    <tag k="admin_level" v="8"/>
    <tag k="boundary" v="administrative"/>
    <tag k="name" v="Morez"/>
    <tag k="ref_INSEE" v="39368"/>
    <tag k="type" v="boundary"/>
  </relation>
</osm>
