<?xml version="1.0" encoding="UTF-8"?>
<osm version="0.6" generator="OpenStreetMap server" copyright="OpenStreetMap and contributors" attribution="http://www.openstreetmap.org/copyright" license="http://opendatacommons.org/licenses/odbl/1-0/">
  <relation id="142100" visible="true" timestamp="2009-05-18T18:07:29Z" version="1" changeset="1239819" user="monsieur a" uid="97101">
    <member type="way" ref="34633135" role=""/>
    <member type="way" ref="34586148" role=""/>
    <member type="way" ref="34585348" role=""/>
    <member type="way" ref="34515245" role=""/>
    <tag k="admin_level" v="8"/>
    <tag k="boundary" v="administrative"/>
    <tag k="name" v="Saint George les Baillargeaux"/>
    <tag k="type" v="boundary"/>
  </relation>
</osm>
