<?xml version="1.0" encoding="UTF-8"?>
<osm version="0.6" generator="OpenStreetMap server" copyright="OpenStreetMap and contributors" attribution="http://www.openstreetmap.org/copyright" license="http://opendatacommons.org/licenses/odbl/1-0/">
  <relation id="142700" visible="true" timestamp="2009-05-19T11:07:46Z" version="1" changeset="1246878" user="Denis_Helfer" uid="22165">
    <member type="way" ref="34753003" role=""/>
    <member type="way" ref="34753002" role=""/>
    <tag k="admin_level" v="8"/>
    <tag k="boundary" v="administrative"/>
    <tag k="name" v="Corrombles"/>
    <tag k="ref" v="21198"/>
    <tag k="type" v="boundary"/>
  </relation>
</osm>
