<?xml version="1.0" encoding="UTF-8"?>
<osm version="0.6" generator="OpenStreetMap server" copyright="OpenStreetMap and contributors" attribution="http://www.openstreetmap.org/copyright" license="http://opendatacommons.org/licenses/odbl/1-0/">
  <relation id="1429400" visible="true" timestamp="2011-02-15T20:46:39Z" version="1" changeset="7298886" user="HelenePETIT" uid="211286">
    <member type="way" ref="99910922" role=""/>
    <member type="way" ref="99910896" role=""/>
    <member type="way" ref="99910911" role=""/>
    <member type="way" ref="99910942" role=""/>
    <member type="way" ref="99910925" role=""/>
    <member type="way" ref="99910915" role=""/>
    <member type="way" ref="97244156" role=""/>
    <member type="way" ref="97244153" role=""/>
    <member type="way" ref="97244157" role=""/>
    <member type="way" ref="99910950" role=""/>
    <tag k="admin_level" v="8"/>
    <tag k="boundary" v="administrative"/>
    <tag k="name" v="Garin"/>
    <tag k="population" v="137"/>
    <tag k="ref:INSEE" v="31213"/>
    <tag k="type" v="boundary"/>
  </relation>
</osm>
