<?xml version="1.0" encoding="UTF-8"?>
<osm version="0.6" generator="OpenStreetMap server" copyright="OpenStreetMap and contributors" attribution="http://www.openstreetmap.org/copyright" license="http://opendatacommons.org/licenses/odbl/1-0/">
  <relation id="1437500" visible="true" timestamp="2011-02-20T13:09:02Z" version="1" changeset="7342180" user="Eric V" uid="163480">
    <member type="way" ref="100623916" role=""/>
    <member type="way" ref="100492044" role=""/>
    <member type="way" ref="98462436" role=""/>
    <member type="way" ref="97715095" role=""/>
    <member type="way" ref="100623919" role=""/>
    <tag k="admin_level" v="8"/>
    <tag k="boundary" v="administrative"/>
    <tag k="name" v="Fraissé-des-Corbières"/>
    <tag k="ref:INSEE" v="11157"/>
    <tag k="type" v="boundary"/>
  </relation>
</osm>
