<?xml version="1.0" encoding="UTF-8"?>
<osm version="0.6" generator="OpenStreetMap server" copyright="OpenStreetMap and contributors" attribution="http://www.openstreetmap.org/copyright" license="http://opendatacommons.org/licenses/odbl/1-0/">
  <relation id="145100" visible="true" timestamp="2009-05-21T13:45:58Z" version="1" changeset="1275953" user="NicoB" uid="89288">
    <member type="way" ref="34875865" role=""/>
    <member type="node" ref="36787164" role="admin_center"/>
    <member type="way" ref="34875870" role=""/>
    <member type="way" ref="34875868" role=""/>
    <member type="way" ref="34875882" role=""/>
    <member type="way" ref="34875861" role=""/>
    <tag k="admin_level" v="8"/>
    <tag k="boundary" v="administrative"/>
    <tag k="name" v="Saint-Trivier sur Moignans"/>
    <tag k="source" v="cadastre-dgi-fr source : Direction Générale des Impôts - Cadastre ; mise à jour : 2009"/>
    <tag k="type" v="boundary"/>
  </relation>
</osm>
