<?xml version="1.0" encoding="UTF-8"?>
<osm version="0.6" generator="OpenStreetMap server" copyright="OpenStreetMap and contributors" attribution="http://www.openstreetmap.org/copyright" license="http://opendatacommons.org/licenses/odbl/1-0/">
  <relation id="145200" visible="true" timestamp="2009-05-21T16:58:34Z" version="1" changeset="1277824" user="Cyrille Nofficial" uid="29467">
    <member type="way" ref="34875057" role=""/>
    <member type="way" ref="34875049" role=""/>
    <member type="way" ref="34882829" role=""/>
    <member type="way" ref="34882825" role=""/>
    <tag k="admin_level" v="8"/>
    <tag k="boundary" v="administrative"/>
    <tag k="name" v="Billio"/>
    <tag k="type" v="boundary"/>
  </relation>
</osm>
