<?xml version="1.0" encoding="UTF-8"?>
<osm version="0.6" generator="OpenStreetMap server" copyright="OpenStreetMap and contributors" attribution="http://www.openstreetmap.org/copyright" license="http://opendatacommons.org/licenses/odbl/1-0/">
  <relation id="145500" visible="true" timestamp="2009-05-22T09:09:18Z" version="1" changeset="1283307" user="NicoB" uid="89288">
    <member type="node" ref="26698049" role="admin_center"/>
    <member type="way" ref="34907343" role=""/>
    <member type="way" ref="34907338" role=""/>
    <member type="way" ref="34907345" role=""/>
    <tag k="admin_level" v="8"/>
    <tag k="boundary" v="administrative"/>
    <tag k="name" v="Pont-d'Ain"/>
    <tag k="source" v="cadastre-dgi-fr source : Direction Générale des Impôts - Cadastre ; mise à jour : 2009"/>
    <tag k="type" v="boundary"/>
  </relation>
</osm>
