<?xml version="1.0" encoding="UTF-8"?>
<osm version="0.6" generator="OpenStreetMap server" copyright="OpenStreetMap and contributors" attribution="http://www.openstreetmap.org/copyright" license="http://opendatacommons.org/licenses/odbl/1-0/">
  <relation id="145600" visible="true" timestamp="2009-05-22T11:12:53Z" version="1" changeset="1284375" user="NicoB" uid="89288">
    <member type="way" ref="34911271" role=""/>
    <member type="node" ref="36786898" role="admin_center"/>
    <member type="way" ref="34908545" role=""/>
    <member type="way" ref="34911270" role=""/>
    <tag k="admin_level" v="8"/>
    <tag k="boundary" v="adinistrative"/>
    <tag k="name" v="Champdor"/>
    <tag k="source" v="cadastre-dgi-fr source : Direction Générale des Impôts - Cadastre ; mise à jour : 2009"/>
    <tag k="type" v="boundary"/>
  </relation>
</osm>
