<?xml version="1.0" encoding="UTF-8"?>
<osm version="0.6" generator="OpenStreetMap server" copyright="OpenStreetMap and contributors" attribution="http://www.openstreetmap.org/copyright" license="http://opendatacommons.org/licenses/odbl/1-0/">
  <relation id="145900" visible="true" timestamp="2009-05-22T18:38:08Z" version="1" changeset="1288613" user="Denis_Helfer" uid="22165">
    <member type="way" ref="34921525" role=""/>
    <member type="way" ref="34925548" role=""/>
    <member type="way" ref="34925227" role=""/>
    <member type="way" ref="34925547" role=""/>
    <tag k="admin_level" v="8"/>
    <tag k="boundary" v="administrative"/>
    <tag k="name" v="Saint-Germain-lès-Senailly"/>
    <tag k="ref" v="21550"/>
    <tag k="type" v="boundary"/>
  </relation>
</osm>
