<?xml version="1.0" encoding="UTF-8"?>
<osm version="0.6" generator="OpenStreetMap server" copyright="OpenStreetMap and contributors" attribution="http://www.openstreetmap.org/copyright" license="http://opendatacommons.org/licenses/odbl/1-0/">
  <relation id="146000" visible="true" timestamp="2009-05-22T21:11:33Z" version="1" changeset="1290068" user="mat" uid="3085">
    <member type="node" ref="409831344" role="admin_centre"/>
    <member type="way" ref="34930159" role=""/>
    <member type="way" ref="34930155" role=""/>
    <member type="way" ref="34930151" role=""/>
    <member type="way" ref="34930153" role=""/>
    <member type="way" ref="34930156" role=""/>
    <tag k="admin_level" v="8"/>
    <tag k="boundary" v="administrative"/>
    <tag k="name" v="Payzac"/>
    <tag k="type" v="boundary"/>
  </relation>
</osm>
