<?xml version="1.0" encoding="UTF-8"?>
<osm version="0.6" generator="OpenStreetMap server" copyright="OpenStreetMap and contributors" attribution="http://www.openstreetmap.org/copyright" license="http://opendatacommons.org/licenses/odbl/1-0/">
  <relation id="146200" visible="true" timestamp="2009-05-23T12:54:41Z" version="1" changeset="1294375" user="FrViPofm" uid="107257">
    <member type="node" ref="291415721" role="admin_center"/>
    <member type="way" ref="34949050" role=""/>
    <member type="way" ref="34949051" role=""/>
    <tag k="admin_level" v="8"/>
    <tag k="boundary" v="administrative"/>
    <tag k="code_INSEE" v="25333"/>
    <tag k="name" v="Laviron"/>
    <tag k="population" v="300"/>
    <tag k="postal_code" v="25510"/>
    <tag k="ref" v="25333"/>
    <tag k="type" v="boundary"/>
  </relation>
</osm>
