<?xml version="1.0" encoding="UTF-8"?>
<osm version="0.6" generator="OpenStreetMap server" copyright="OpenStreetMap and contributors" attribution="http://www.openstreetmap.org/copyright" license="http://opendatacommons.org/licenses/odbl/1-0/">
  <relation id="146300" visible="true" timestamp="2009-05-23T19:07:24Z" version="1" changeset="1297326" user="Denis_Helfer" uid="22165">
    <member type="way" ref="34953179" role=""/>
    <member type="way" ref="34959794" role=""/>
    <member type="way" ref="34959795" role=""/>
    <member type="way" ref="34954610" role=""/>
    <member type="node" ref="265078314" role="admin_center"/>
    <tag k="admin_level" v="8"/>
    <tag k="boundary" v="administrative"/>
    <tag k="name" v="Aisey-sur-Seine"/>
    <tag k="ref" v="21006"/>
    <tag k="type" v="boundary"/>
  </relation>
</osm>
