<?xml version="1.0" encoding="UTF-8"?>
<osm version="0.6" generator="OpenStreetMap server" copyright="OpenStreetMap and contributors" attribution="http://www.openstreetmap.org/copyright" license="http://opendatacommons.org/licenses/odbl/1-0/">
  <relation id="146800" visible="true" timestamp="2009-05-24T18:25:05Z" version="1" changeset="1308728" user="monsieur a" uid="97101">
    <member type="way" ref="35011143" role=""/>
    <member type="way" ref="35011146" role=""/>
    <tag k="admin_level" v="8"/>
    <tag k="boundary" v="administrative"/>
    <tag k="name" v="Chey"/>
    <tag k="type" v="boundary"/>
  </relation>
</osm>
