<?xml version="1.0" encoding="UTF-8"?>
<osm version="0.6" generator="OpenStreetMap server" copyright="OpenStreetMap and contributors" attribution="http://www.openstreetmap.org/copyright" license="http://opendatacommons.org/licenses/odbl/1-0/">
  <relation id="1468000" visible="true" timestamp="2011-03-10T20:36:17Z" version="1" changeset="7518025" user="HelenePETIT" uid="211286">
    <member type="way" ref="103570638" role=""/>
    <member type="way" ref="103055914" role=""/>
    <member type="way" ref="102621774" role=""/>
    <member type="way" ref="102655772" role=""/>
    <member type="way" ref="103570631" role=""/>
    <member type="way" ref="103570634" role=""/>
    <tag k="admin_level" v="8"/>
    <tag k="boundary" v="administrative"/>
    <tag k="name" v="Figarol"/>
    <tag k="population" v="278"/>
    <tag k="ref:INSEE" v="31183"/>
    <tag k="type" v="boundary"/>
  </relation>
</osm>
