<?xml version="1.0" encoding="UTF-8"?>
<osm version="0.6" generator="OpenStreetMap server" copyright="OpenStreetMap and contributors" attribution="http://www.openstreetmap.org/copyright" license="http://opendatacommons.org/licenses/odbl/1-0/">
  <relation id="147300" visible="true" timestamp="2009-05-25T20:37:12Z" version="1" changeset="1320232" user="aikon" uid="44329">
    <member type="way" ref="35044684" role=""/>
    <member type="way" ref="35044683" role=""/>
    <member type="way" ref="35047932" role=""/>
    <member type="way" ref="34561137" role=""/>
    <tag k="admin_level" v="8"/>
    <tag k="boundary" v="administrative"/>
    <tag k="name" v="Carbuccia"/>
    <tag k="ref_INSEE" v="2A062"/>
    <tag k="type" v="boundary"/>
  </relation>
</osm>
