<?xml version="1.0" encoding="UTF-8"?>
<osm version="0.6" generator="OpenStreetMap server" copyright="OpenStreetMap and contributors" attribution="http://www.openstreetmap.org/copyright" license="http://opendatacommons.org/licenses/odbl/1-0/">
  <relation id="147900" visible="true" timestamp="2009-05-26T17:42:22Z" version="1" changeset="1325953" user="wouldsmina" uid="33805">
    <member type="way" ref="35076825" role=""/>
    <member type="way" ref="35076801" role=""/>
    <member type="way" ref="35076935" role=""/>
    <member type="way" ref="35076965" role=""/>
    <member type="way" ref="35076788" role=""/>
    <member type="way" ref="35076969" role=""/>
    <tag k="admin_level" v="8"/>
    <tag k="boundary" v="administrative"/>
    <tag k="name" v="Les Essards-Taignevaux"/>
    <tag k="ref_INSEE" v="39211"/>
    <tag k="type" v="boundary"/>
  </relation>
</osm>
