<?xml version="1.0" encoding="UTF-8"?>
<osm version="0.6" generator="OpenStreetMap server" copyright="OpenStreetMap and contributors" attribution="http://www.openstreetmap.org/copyright" license="http://opendatacommons.org/licenses/odbl/1-0/">
  <relation id="148000" visible="true" timestamp="2009-05-26T18:50:15Z" version="1" changeset="1327781" user="NicoB" uid="89288">
    <member type="way" ref="35078896" role=""/>
    <member type="way" ref="34913925" role=""/>
    <member type="node" ref="36787170" role="admin_center"/>
    <member type="way" ref="35078895" role=""/>
    <tag k="admin_level" v="8"/>
    <tag k="boundary" v="administrative"/>
    <tag k="name" v="Toussieux"/>
    <tag k="source" v="cadastre-dgi-fr source : Direction Générale des Impôts - Cadastre ; mise à jour : 2009"/>
    <tag k="type" v="boundary"/>
  </relation>
</osm>
