<?xml version="1.0" encoding="UTF-8"?>
<osm version="0.6" generator="OpenStreetMap server" copyright="OpenStreetMap and contributors" attribution="http://www.openstreetmap.org/copyright" license="http://opendatacommons.org/licenses/odbl/1-0/">
  <relation id="148200" visible="true" timestamp="2009-05-27T08:53:39Z" version="1" changeset="1331867" user="axel584" uid="3912">
    <member type="way" ref="35093345" role=""/>
    <member type="way" ref="35093369" role=""/>
    <member type="way" ref="35093385" role=""/>
    <member type="way" ref="35093246" role=""/>
    <member type="way" ref="35093155" role=""/>
    <member type="way" ref="35093382" role=""/>
    <member type="way" ref="35093529" role=""/>
    <member type="way" ref="35093695" role=""/>
    <member type="way" ref="35093252" role=""/>
    <member type="way" ref="35093202" role=""/>
    <member type="way" ref="35093557" role=""/>
    <member type="way" ref="35093551" role=""/>
    <member type="way" ref="35093503" role=""/>
    <member type="way" ref="35093755" role=""/>
    <member type="way" ref="35093421" role=""/>
    <member type="way" ref="35093352" role=""/>
    <member type="way" ref="35093380" role=""/>
    <member type="way" ref="35093395" role=""/>
    <member type="way" ref="35093320" role=""/>
    <member type="way" ref="35093623" role=""/>
    <member type="way" ref="35093549" role=""/>
    <member type="way" ref="35093399" role=""/>
    <member type="way" ref="35093575" role=""/>
    <member type="way" ref="35093434" role=""/>
    <member type="way" ref="35093402" role=""/>
    <member type="way" ref="35093250" role=""/>
    <member type="way" ref="35093274" role=""/>
    <member type="way" ref="35093229" role=""/>
    <member type="way" ref="35093656" role=""/>
    <member type="way" ref="35093680" role=""/>
    <member type="way" ref="35093217" role=""/>
    <member type="way" ref="35093469" role=""/>
    <member type="way" ref="35093394" role=""/>
    <member type="way" ref="35093720" role=""/>
    <member type="way" ref="35093658" role=""/>
    <member type="way" ref="35093136" role=""/>
    <member type="way" ref="35093199" role=""/>
    <member type="way" ref="35093163" role=""/>
    <member type="way" ref="35093749" role=""/>
    <member type="way" ref="35093428" role=""/>
    <member type="way" ref="35093420" role=""/>
    <member type="way" ref="35093327" role=""/>
    <member type="way" ref="35093712" role=""/>
    <member type="way" ref="35093676" role=""/>
    <member type="way" ref="35093317" role=""/>
    <member type="way" ref="35093761" role=""/>
    <member type="way" ref="35093151" role=""/>
    <member type="way" ref="35093277" role=""/>
    <member type="way" ref="35093480" role=""/>
    <member type="way" ref="35093486" role=""/>
    <member type="way" ref="35093564" role=""/>
    <member type="way" ref="35093392" role=""/>
    <member type="way" ref="35093662" role=""/>
    <member type="way" ref="35093452" role=""/>
    <member type="way" ref="35093270" role=""/>
    <member type="way" ref="35093154" role=""/>
    <member type="way" ref="35093237" role=""/>
    <member type="way" ref="35093687" role=""/>
    <member type="way" ref="35093707" role=""/>
    <member type="way" ref="35093694" role=""/>
    <member type="way" ref="35093563" role=""/>
    <tag k="admin_level" v="8"/>
    <tag k="boundary" v="administrative"/>
    <tag k="name" v="Chevilly"/>
    <tag k="type" v="boundary"/>
  </relation>
</osm>
