<?xml version="1.0" encoding="UTF-8"?>
<osm version="0.6" generator="OpenStreetMap server" copyright="OpenStreetMap and contributors" attribution="http://www.openstreetmap.org/copyright" license="http://opendatacommons.org/licenses/odbl/1-0/">
  <relation id="148700" visible="true" timestamp="2009-05-28T14:27:18Z" version="1" changeset="1342667" user="wouldsmina" uid="33805">
    <member type="way" ref="35137306" role=""/>
    <member type="way" ref="35137251" role=""/>
    <member type="way" ref="35137162" role=""/>
    <member type="way" ref="35137180" role=""/>
    <member type="way" ref="35137144" role=""/>
    <member type="way" ref="35137215" role=""/>
    <tag k="admin_level" v="8"/>
    <tag k="boundary" v="administrative"/>
    <tag k="name" v="Audelange"/>
    <tag k="ref_INSEE" v="39024"/>
    <tag k="type" v="boundary"/>
  </relation>
</osm>
