<?xml version="1.0" encoding="UTF-8"?>
<osm version="0.6" generator="OpenStreetMap server" copyright="OpenStreetMap and contributors" attribution="http://www.openstreetmap.org/copyright" license="http://opendatacommons.org/licenses/odbl/1-0/">
  <relation id="148800" visible="true" timestamp="2009-05-28T17:27:23Z" version="1" changeset="1344196" user="Cyrille Nofficial" uid="29467">
    <member type="way" ref="35110268" role=""/>
    <member type="way" ref="35110269" role=""/>
    <member type="way" ref="34875054" role=""/>
    <member type="way" ref="35110270" role=""/>
    <member type="way" ref="35141940" role=""/>
    <member type="way" ref="35141948" role=""/>
    <tag k="admin_level" v="8"/>
    <tag k="boundary" v="administrative"/>
    <tag k="name" v="Plaudren"/>
    <tag k="type" v="boundary"/>
  </relation>
</osm>
