<?xml version="1.0" encoding="UTF-8"?>
<osm version="0.6" generator="OpenStreetMap server" copyright="OpenStreetMap and contributors" attribution="http://www.openstreetmap.org/copyright" license="http://opendatacommons.org/licenses/odbl/1-0/">
  <relation id="149200" visible="true" timestamp="2009-05-29T16:51:19Z" version="1" changeset="1351919" user="monsieur a" uid="97101">
    <member type="way" ref="35166360" role=""/>
    <member type="way" ref="34999779" role=""/>
    <tag k="admin_level" v="8"/>
    <tag k="bpoundary" v="administrative"/>
    <tag k="name" v="Crezières"/>
    <tag k="type" v="boundary"/>
  </relation>
</osm>
