<?xml version="1.0" encoding="UTF-8"?>
<osm version="0.6" generator="OpenStreetMap server" copyright="OpenStreetMap and contributors" attribution="http://www.openstreetmap.org/copyright" license="http://opendatacommons.org/licenses/odbl/1-0/">
  <relation id="149300" visible="true" timestamp="2009-05-29T20:08:15Z" version="1" changeset="1353413" user="Denis_Helfer" uid="22165">
    <member type="way" ref="35171383" role=""/>
    <member type="way" ref="35079853" role=""/>
    <member type="way" ref="35171179" role=""/>
    <member type="way" ref="35171385" role=""/>
    <tag k="admin_level" v="8"/>
    <tag k="boundary" v="administrative"/>
    <tag k="name" v="Prusly-sur-Ource"/>
    <tag k="ref" v="21510"/>
    <tag k="type" v="boundary"/>
  </relation>
</osm>
