<?xml version="1.0" encoding="UTF-8"?>
<osm version="0.6" generator="OpenStreetMap server" copyright="OpenStreetMap and contributors" attribution="http://www.openstreetmap.org/copyright" license="http://opendatacommons.org/licenses/odbl/1-0/">
  <relation id="149900" visible="true" timestamp="2009-05-30T21:44:46Z" version="1" changeset="1363559" user="Olivier Boudet" uid="5657">
    <member type="way" ref="35003091" role=""/>
    <member type="way" ref="35003095" role=""/>
    <member type="way" ref="35222789" role=""/>
    <member type="way" ref="33859283" role=""/>
    <member type="way" ref="35222788" role=""/>
    <member type="way" ref="35222785" role=""/>
    <member type="way" ref="33859261" role=""/>
    <tag k="admin_level" v="8"/>
    <tag k="boundary" v="administrative"/>
    <tag k="name" v="Gévézé"/>
    <tag k="type" v="boundary"/>
  </relation>
</osm>
