<?xml version="1.0" encoding="UTF-8"?>
<osm version="0.6" generator="OpenStreetMap server" copyright="OpenStreetMap and contributors" attribution="http://www.openstreetmap.org/copyright" license="http://opendatacommons.org/licenses/odbl/1-0/">
  <relation id="150100" visible="true" timestamp="2009-05-31T11:40:12Z" version="1" changeset="1367372" user="monsieur a" uid="97101">
    <member type="way" ref="35009146" role=""/>
    <member type="way" ref="35268755" role=""/>
    <tag k="admin_level" v="8"/>
    <tag k="boundary" v="administrative"/>
    <tag k="name" v="Maisonnais"/>
    <tag k="type" v="boundary"/>
  </relation>
</osm>
