<?xml version="1.0" encoding="UTF-8"?>
<osm version="0.6" generator="OpenStreetMap server" copyright="OpenStreetMap and contributors" attribution="http://www.openstreetmap.org/copyright" license="http://opendatacommons.org/licenses/odbl/1-0/">
  <relation id="150500" visible="true" timestamp="2009-06-01T08:24:44Z" version="1" changeset="1376388" user="mat" uid="3085">
    <member type="node" ref="413899143" role="admin_centre"/>
    <member type="way" ref="35311391" role=""/>
    <member type="way" ref="35311641" role=""/>
    <member type="way" ref="35311642" role=""/>
    <member type="way" ref="35311643" role=""/>
    <tag k="admin_level" v="8"/>
    <tag k="boundary" v="administrative"/>
    <tag k="name" v="Hargicourt"/>
    <tag k="type" v="boundary"/>
  </relation>
</osm>
