<?xml version="1.0" encoding="UTF-8"?>
<osm version="0.6" generator="OpenStreetMap server" copyright="OpenStreetMap and contributors" attribution="http://www.openstreetmap.org/copyright" license="http://opendatacommons.org/licenses/odbl/1-0/">
  <relation id="151700" visible="true" timestamp="2009-06-02T20:03:29Z" version="1" changeset="1407383" user="monsieur a" uid="97101">
    <member type="way" ref="35271977" role=""/>
    <member type="way" ref="35383715" role=""/>
    <member type="way" ref="35383720" role=""/>
    <tag k="admin_level" v="8"/>
    <tag k="boundary" v="administrative"/>
    <tag k="name" v="Saint Amand sur Sèvre"/>
    <tag k="type" v="boundary"/>
  </relation>
</osm>
