<?xml version="1.0" encoding="UTF-8"?>
<osm version="0.6" generator="OpenStreetMap server" copyright="OpenStreetMap and contributors" attribution="http://www.openstreetmap.org/copyright" license="http://opendatacommons.org/licenses/odbl/1-0/">
  <relation id="152300" visible="true" timestamp="2009-06-04T07:01:43Z" version="1" changeset="1418683" user="mat" uid="3085">
    <member type="node" ref="415542469" role="admin_centre"/>
    <member type="way" ref="35424520" role=""/>
    <tag k="admin_level" v="8"/>
    <tag k="boundary" v="administrative"/>
    <tag k="name" v="Dorengt"/>
    <tag k="type" v="boundary"/>
  </relation>
</osm>
