<?xml version="1.0" encoding="UTF-8"?>
<osm version="0.6" generator="OpenStreetMap server" copyright="OpenStreetMap and contributors" attribution="http://www.openstreetmap.org/copyright" license="http://opendatacommons.org/licenses/odbl/1-0/">
  <relation id="152500" visible="true" timestamp="2009-06-04T17:41:50Z" version="1" changeset="1422351" user="monsieur a" uid="97101">
    <member type="way" ref="35436638" role=""/>
    <member type="way" ref="35436626" role=""/>
    <member type="way" ref="35286716" role=""/>
    <member type="way" ref="35435790" role=""/>
    <tag k="admin_level" v="8"/>
    <tag k="boundary" v="administrative"/>
    <tag k="name" v="Sciecq"/>
    <tag k="type" v="boundary"/>
  </relation>
</osm>
