<?xml version="1.0" encoding="UTF-8"?>
<osm version="0.6" generator="OpenStreetMap server" copyright="OpenStreetMap and contributors" attribution="http://www.openstreetmap.org/copyright" license="http://opendatacommons.org/licenses/odbl/1-0/">
  <relation id="152700" visible="true" timestamp="2009-06-04T22:59:34Z" version="1" changeset="1425138" user="xschaeffer" uid="89861">
    <member type="way" ref="35449247" role=""/>
    <member type="way" ref="35449194" role=""/>
    <member type="way" ref="35449207" role=""/>
    <tag k="admin_level" v="8"/>
    <tag k="boundary" v="administrative"/>
    <tag k="name" v="Givrezac"/>
    <tag k="type" v="boundary"/>
  </relation>
</osm>
