<?xml version="1.0" encoding="UTF-8"?>
<osm version="0.6" generator="OpenStreetMap server" copyright="OpenStreetMap and contributors" attribution="http://www.openstreetmap.org/copyright" license="http://opendatacommons.org/licenses/odbl/1-0/">
  <relation id="152900" visible="true" timestamp="2009-06-05T18:51:16Z" version="1" changeset="1431181" user="xschaeffer" uid="89861">
    <member type="way" ref="35475659" role=""/>
    <member type="way" ref="35475649" role=""/>
    <member type="way" ref="35475640" role=""/>
    <tag k="admin_level" v="8"/>
    <tag k="boundary" v="administrative"/>
    <tag k="name" v="Saint-Ouen-la-Thène"/>
    <tag k="type" v="boundary"/>
  </relation>
</osm>
