<?xml version="1.0" encoding="UTF-8"?>
<osm version="0.6" generator="OpenStreetMap server" copyright="OpenStreetMap and contributors" attribution="http://www.openstreetmap.org/copyright" license="http://opendatacommons.org/licenses/odbl/1-0/">
  <relation id="153500" visible="true" timestamp="2009-06-07T00:27:36Z" version="1" changeset="1443362" user="mat" uid="3085">
    <member type="node" ref="416732066" role="admin_centre"/>
    <member type="way" ref="35565383" role=""/>
    <member type="way" ref="35565379" role=""/>
    <member type="way" ref="35565380" role=""/>
    <member type="way" ref="35565384" role=""/>
    <tag k="admin_level" v="8"/>
    <tag k="boundary" v="administrative"/>
    <tag k="name" v="Quierzy"/>
    <tag k="type" v="boundary"/>
  </relation>
</osm>
