<?xml version="1.0" encoding="UTF-8"?>
<osm version="0.6" generator="OpenStreetMap server" copyright="OpenStreetMap and contributors" attribution="http://www.openstreetmap.org/copyright" license="http://opendatacommons.org/licenses/odbl/1-0/">
  <relation id="153700" visible="true" timestamp="2009-06-07T14:25:19Z" version="1" changeset="1447993" user="mat" uid="3085">
    <member type="node" ref="416936806" role="admin_centre"/>
    <member type="way" ref="35480664" role=""/>
    <member type="way" ref="35480438" role=""/>
    <member type="way" ref="35564588" role=""/>
    <member type="way" ref="35565084" role=""/>
    <member type="way" ref="35537047" role=""/>
    <member type="way" ref="35565086" role=""/>
    <member type="way" ref="35565330" role=""/>
    <member type="way" ref="35565331" role=""/>
    <tag k="admin_level" v="8"/>
    <tag k="boundary" v="administrative"/>
    <tag k="name" v="Vadencourt"/>
    <tag k="type" v="boundary"/>
  </relation>
</osm>
