<?xml version="1.0" encoding="UTF-8"?>
<osm version="0.6" generator="OpenStreetMap server" copyright="OpenStreetMap and contributors" attribution="http://www.openstreetmap.org/copyright" license="http://opendatacommons.org/licenses/odbl/1-0/">
  <relation id="153800" visible="true" timestamp="2009-06-07T18:21:31Z" version="1" changeset="1451077" user="Denis_Helfer" uid="22165">
    <member type="way" ref="35588806" role=""/>
    <member type="way" ref="35588993" role=""/>
    <member type="way" ref="35588992" role=""/>
    <member type="way" ref="35584186" role=""/>
    <member type="way" ref="35583727" role=""/>
    <member type="node" ref="262877821" role="admin_centre"/>
    <tag k="admin_level" v="8"/>
    <tag k="boundary" v="administrative"/>
    <tag k="name" v="Rouvres-en-Plaine"/>
    <tag k="ref" v="21532"/>
    <tag k="type" v="boundary"/>
  </relation>
</osm>
