<?xml version="1.0" encoding="UTF-8"?>
<osm version="0.6" generator="OpenStreetMap server" copyright="OpenStreetMap and contributors" attribution="http://www.openstreetmap.org/copyright" license="http://opendatacommons.org/licenses/odbl/1-0/">
  <relation id="1547300" visible="true" timestamp="2011-04-18T09:23:07Z" version="1" changeset="7895091" user="Mawie" uid="150619">
    <member type="way" ref="96685158" role=""/>
    <member type="way" ref="109068445" role=""/>
    <member type="way" ref="109068446" role=""/>
    <member type="way" ref="93785910" role=""/>
    <tag k="addr:postcode" v="60490"/>
    <tag k="admin_level" v="8"/>
    <tag k="boundary" v="administrative"/>
    <tag k="name" v="Conchy-les-Pots"/>
    <tag k="ref:INSEE" v="60160"/>
    <tag k="source:addr:postcode" v="source of postcode is from osm nodes"/>
    <tag k="source:ref:INSEE" v="source of ref is from osm nodes"/>
    <tag k="type" v="boundary"/>
  </relation>
</osm>
