<?xml version="1.0" encoding="UTF-8"?>
<osm version="0.6" generator="OpenStreetMap server" copyright="OpenStreetMap and contributors" attribution="http://www.openstreetmap.org/copyright" license="http://opendatacommons.org/licenses/odbl/1-0/">
  <relation id="1548900" visible="true" timestamp="2011-04-19T08:20:03Z" version="1" changeset="7904196" user="Pmz" uid="4363">
    <member type="way" ref="69883397" role="outer"/>
    <member type="way" ref="70665905" role="outer"/>
    <member type="way" ref="70665841" role="outer"/>
    <member type="way" ref="70665717" role="outer"/>
    <member type="way" ref="70665913" role="outer"/>
    <member type="way" ref="109209822" role="outer"/>
    <member type="way" ref="69883387" role="outer"/>
    <member type="node" ref="1133489770" role="admin_centre"/>
    <tag k="admin_level" v="8"/>
    <tag k="boundary" v="administrative"/>
    <tag k="name" v="Monceaux-sur-Dordogne"/>
    <tag k="ref:INSEE" v="19140"/>
    <tag k="source:ref:INSEE" v="COG"/>
    <tag k="type" v="boundary"/>
  </relation>
</osm>
