<?xml version="1.0" encoding="UTF-8"?>
<osm version="0.6" generator="OpenStreetMap server" copyright="OpenStreetMap and contributors" attribution="http://www.openstreetmap.org/copyright" license="http://opendatacommons.org/licenses/odbl/1-0/">
  <relation id="1553300" visible="true" timestamp="2011-04-21T21:21:38Z" version="1" changeset="7929473" user="cquest" uid="158826">
    <member type="way" ref="109648592" role="outer"/>
    <member type="way" ref="109648593" role="outer"/>
    <member type="way" ref="97094315" role="outer"/>
    <member type="way" ref="109648594" role="outer"/>
    <tag k="admin_level" v="8"/>
    <tag k="boundary" v="administrative"/>
    <tag k="name" v="Charmois"/>
    <tag k="ref:INSEE" v="54121"/>
    <tag k="type" v="boundary"/>
  </relation>
</osm>
