<?xml version="1.0" encoding="UTF-8"?>
<osm version="0.6" generator="OpenStreetMap server" copyright="OpenStreetMap and contributors" attribution="http://www.openstreetmap.org/copyright" license="http://opendatacommons.org/licenses/odbl/1-0/">
  <relation id="155500" visible="true" timestamp="2009-06-10T14:45:03Z" version="1" changeset="1477968" user="xschaeffer" uid="89861">
    <member type="way" ref="35773477" role=""/>
    <member type="way" ref="35773560" role=""/>
    <member type="way" ref="35773561" role=""/>
    <member type="way" ref="35773559" role=""/>
    <tag k="admin_level" v="8"/>
    <tag k="boundary" v="administrative"/>
    <tag k="name" v="Coivert"/>
    <tag k="type" v="boundary"/>
  </relation>
</osm>
