<?xml version="1.0" encoding="UTF-8"?>
<osm version="0.6" generator="OpenStreetMap server" copyright="OpenStreetMap and contributors" attribution="http://www.openstreetmap.org/copyright" license="http://opendatacommons.org/licenses/odbl/1-0/">
  <relation id="156600" visible="true" timestamp="2009-06-12T21:31:23Z" version="1" changeset="1500136" user="mat" uid="3085">
    <member type="node" ref="419354512" role="admin_centre"/>
    <member type="way" ref="4542273" role=""/>
    <member type="way" ref="35881356" role=""/>
    <member type="way" ref="35881358" role=""/>
    <tag k="admin_level" v="8"/>
    <tag k="boundary" v="administrative"/>
    <tag k="name" v="Jard-sur-Mer"/>
    <tag k="type" v="boundary"/>
  </relation>
</osm>
