<?xml version="1.0" encoding="UTF-8"?>
<osm version="0.6" generator="OpenStreetMap server" copyright="OpenStreetMap and contributors" attribution="http://www.openstreetmap.org/copyright" license="http://opendatacommons.org/licenses/odbl/1-0/">
  <relation id="156800" visible="true" timestamp="2009-06-13T09:12:45Z" version="1" changeset="1502431" user="NicoB" uid="89288">
    <member type="way" ref="34284077" role=""/>
    <member type="way" ref="35898705" role=""/>
    <member type="way" ref="34283475" role=""/>
    <member type="way" ref="35898704" role=""/>
    <tag k="admin_level" v="8"/>
    <tag k="boundary" v="administrative"/>
    <tag k="name" v="Alligny en Morvan"/>
    <tag k="source" v="cadastre-dgi-fr source : Direction Générale des Impôts - Cadastre ; mise à jour : 2009"/>
    <tag k="type" v="boundary"/>
  </relation>
</osm>
