<?xml version="1.0" encoding="UTF-8"?>
<osm version="0.6" generator="OpenStreetMap server" copyright="OpenStreetMap and contributors" attribution="http://www.openstreetmap.org/copyright" license="http://opendatacommons.org/licenses/odbl/1-0/">
  <relation id="157300" visible="true" timestamp="2009-06-14T11:59:40Z" version="1" changeset="1512849" user="xschaeffer" uid="89861">
    <member type="way" ref="35741356" role=""/>
    <member type="way" ref="26358788" role=""/>
    <tag k="admin_level" v="8"/>
    <tag k="boundary" v="administrative"/>
    <tag k="name" v="Péchabou"/>
    <tag k="type" v="boundary"/>
  </relation>
</osm>
