<?xml version="1.0" encoding="UTF-8"?>
<osm version="0.6" generator="OpenStreetMap server" copyright="OpenStreetMap and contributors" attribution="http://www.openstreetmap.org/copyright" license="http://opendatacommons.org/licenses/odbl/1-0/">
  <relation id="157700" visible="true" timestamp="2009-06-15T12:35:35Z" version="1" changeset="1524073" user="Flynn" uid="130883">
    <member type="way" ref="35980853" role=""/>
    <member type="way" ref="35980850" role=""/>
    <member type="way" ref="35980851" role=""/>
    <member type="way" ref="35980852" role=""/>
    <tag k="admin-level" v="8"/>
    <tag k="boundary" v="administrative"/>
    <tag k="name" v="La Jumellière"/>
    <tag k="type" v="boundary"/>
  </relation>
</osm>
