<?xml version="1.0" encoding="UTF-8"?>
<osm version="0.6" generator="OpenStreetMap server" copyright="OpenStreetMap and contributors" attribution="http://www.openstreetmap.org/copyright" license="http://opendatacommons.org/licenses/odbl/1-0/">
  <relation id="158800" visible="true" timestamp="2009-06-18T13:16:04Z" version="1" changeset="1554045" user="wouldsmina" uid="33805">
    <member type="way" ref="36336509" role=""/>
    <member type="way" ref="36336475" role=""/>
    <member type="way" ref="36336542" role=""/>
    <member type="way" ref="36336491" role=""/>
    <member type="way" ref="36336543" role=""/>
    <tag k="admin_level" v="8"/>
    <tag k="boundary" v="administrative"/>
    <tag k="name" v="Annoire"/>
    <tag k="ref_INSEE" v="39011"/>
    <tag k="type" v="boundary"/>
  </relation>
</osm>
