<?xml version="1.0" encoding="UTF-8"?>
<osm version="0.6" generator="OpenStreetMap server" copyright="OpenStreetMap and contributors" attribution="http://www.openstreetmap.org/copyright" license="http://opendatacommons.org/licenses/odbl/1-0/">
  <relation id="160900" visible="true" timestamp="2009-06-19T14:48:30Z" version="1" changeset="1565111" user="xschaeffer" uid="89861">
    <member type="way" ref="36516488" role=""/>
    <member type="way" ref="36523185" role=""/>
    <member type="way" ref="36523188" role=""/>
    <member type="way" ref="36523186" role=""/>
    <member type="way" ref="36523184" role=""/>
    <member type="way" ref="36517632" role=""/>
    <member type="way" ref="36521458" role=""/>
    <member type="way" ref="36522117" role=""/>
    <tag k="admin_level" v="8"/>
    <tag k="boundary" v="administrative"/>
    <tag k="name" v="Montgiscard"/>
    <tag k="type" v="boundary"/>
  </relation>
</osm>
