<?xml version="1.0" encoding="UTF-8"?>
<osm version="0.6" generator="OpenStreetMap server" copyright="OpenStreetMap and contributors" attribution="http://www.openstreetmap.org/copyright" license="http://opendatacommons.org/licenses/odbl/1-0/">
  <relation id="161600" visible="true" timestamp="2009-06-20T22:33:41Z" version="1" changeset="1578870" user="wouldsmina" uid="33805">
    <member type="way" ref="35439223" role=""/>
    <member type="way" ref="35439162" role=""/>
    <member type="way" ref="36744747" role=""/>
    <member type="way" ref="35439135" role=""/>
    <member type="way" ref="36563190" role=""/>
    <member type="way" ref="35439209" role=""/>
    <tag k="admin_level" v="8"/>
    <tag k="boundary" v="administrative"/>
    <tag k="name" v="Perrigny"/>
    <tag k="ref_INSEE" v="39411"/>
    <tag k="type" v="boundary"/>
  </relation>
</osm>
