<?xml version="1.0" encoding="UTF-8"?>
<osm version="0.6" generator="OpenStreetMap server" copyright="OpenStreetMap and contributors" attribution="http://www.openstreetmap.org/copyright" license="http://opendatacommons.org/licenses/odbl/1-0/">
  <relation id="161700" visible="true" timestamp="2009-06-21T10:11:10Z" version="1" changeset="1580766" user="NicoB" uid="89288">
    <member type="way" ref="36327805" role=""/>
    <member type="way" ref="36378344" role=""/>
    <member type="way" ref="36327802" role=""/>
    <member type="way" ref="36378339" role=""/>
    <tag k="admin_level" v="8"/>
    <tag k="boundary" v="administrative"/>
    <tag k="name" v="Saint-Didier"/>
    <tag k="source" v="cadastre-dgi-fr source : Direction Générale des Impôts - Cadastre ; mise à jour : 2009"/>
    <tag k="type" v="boundary"/>
  </relation>
</osm>
