<?xml version="1.0" encoding="UTF-8"?>
<osm version="0.6" generator="OpenStreetMap server" copyright="OpenStreetMap and contributors" attribution="http://www.openstreetmap.org/copyright" license="http://opendatacommons.org/licenses/odbl/1-0/">
  <relation id="161900" visible="true" timestamp="2009-06-21T16:10:03Z" version="1" changeset="1584328" user="NicoB" uid="89288">
    <member type="way" ref="36780266" role=""/>
    <member type="way" ref="36779483" role=""/>
    <member type="way" ref="36780263" role=""/>
    <member type="way" ref="36779480" role=""/>
    <member type="way" ref="36780268" role=""/>
    <member type="way" ref="36780264" role=""/>
    <tag k="admin_level" v="8"/>
    <tag k="boundary" v="administrative"/>
    <tag k="name" v="Sermages"/>
    <tag k="source" v="cadastre-dgi-fr source : Direction Générale des Impôts - Cadastre ; mise à jour : 2009"/>
    <tag k="type" v="boundary"/>
  </relation>
</osm>
