<?xml version="1.0" encoding="UTF-8"?>
<osm version="0.6" generator="OpenStreetMap server" copyright="OpenStreetMap and contributors" attribution="http://www.openstreetmap.org/copyright" license="http://opendatacommons.org/licenses/odbl/1-0/">
  <relation id="162400" visible="true" timestamp="2009-06-22T22:13:32Z" version="1" changeset="1597824" user="xschaeffer" uid="89861">
    <member type="way" ref="36833695" role=""/>
    <member type="way" ref="36833755" role=""/>
    <tag k="admin_level" v="8"/>
    <tag k="boundary" v="administrative"/>
    <tag k="name" v="Nouilhan"/>
    <tag k="type" v="boundary"/>
  </relation>
</osm>
