<?xml version="1.0" encoding="UTF-8"?>
<osm version="0.6" generator="OpenStreetMap server" copyright="OpenStreetMap and contributors" attribution="http://www.openstreetmap.org/copyright" license="http://opendatacommons.org/licenses/odbl/1-0/">
  <relation id="1634600" visible="true" timestamp="2011-06-22T04:53:26Z" version="1" changeset="8510845" user="vincent_95" uid="49047">
    <member type="node" ref="26692303" role="admin_centre"/>
    <member type="way" ref="58123782" role=""/>
    <member type="way" ref="58127648" role=""/>
    <member type="way" ref="49868716" role=""/>
    <member type="way" ref="39669244" role=""/>
    <member type="way" ref="33295609" role=""/>
    <member type="way" ref="30965993" role=""/>
    <member type="way" ref="30965994" role=""/>
    <member type="way" ref="30965408" role=""/>
    <member type="way" ref="41792026" role=""/>
    <member type="way" ref="27569550" role=""/>
    <member type="way" ref="30964452" role=""/>
    <member type="way" ref="30964805" role=""/>
    <member type="way" ref="32432116" role=""/>
    <member type="way" ref="32434468" role=""/>
    <member type="way" ref="32432115" role=""/>
    <member type="way" ref="32404734" role=""/>
    <member type="way" ref="32404735" role=""/>
    <member type="way" ref="33295581" role=""/>
    <member type="way" ref="36871545" role=""/>
    <member type="way" ref="36337395" role=""/>
    <member type="way" ref="33295594" role=""/>
    <member type="way" ref="36337398" role=""/>
    <member type="way" ref="52525934" role=""/>
    <member type="way" ref="36337867" role=""/>
    <member type="way" ref="49154621" role=""/>
    <member type="way" ref="36340914" role=""/>
    <member type="way" ref="34529024" role=""/>
    <member type="way" ref="36815470" role=""/>
    <member type="way" ref="36822721" role=""/>
    <member type="way" ref="36454171" role=""/>
    <member type="way" ref="33295582" role=""/>
    <member type="way" ref="36439932" role=""/>
    <member type="way" ref="52948353" role=""/>
    <member type="way" ref="49166254" role=""/>
    <member type="way" ref="61415214" role=""/>
    <member type="way" ref="52722921" role=""/>
    <member type="way" ref="49166253" role=""/>
    <member type="way" ref="49164686" role=""/>
    <member type="way" ref="34918156" role=""/>
    <member type="way" ref="33295620" role=""/>
    <member type="way" ref="34700942" role=""/>
    <member type="way" ref="107425857" role=""/>
    <member type="way" ref="107406935" role=""/>
    <member type="way" ref="34700941" role=""/>
    <member type="way" ref="34700939" role=""/>
    <member type="way" ref="34700940" role=""/>
    <member type="way" ref="107308381" role=""/>
    <member type="way" ref="96934622" role=""/>
    <member type="way" ref="34918152" role=""/>
    <member type="way" ref="53323688" role=""/>
    <member type="way" ref="57861160" role=""/>
    <member type="way" ref="57865297" role=""/>
    <member type="way" ref="57869522" role=""/>
    <member type="way" ref="57869523" role=""/>
    <member type="way" ref="57853599" role=""/>
    <member type="way" ref="56044072" role=""/>
    <member type="way" ref="56044071" role=""/>
    <tag k="admin_level" v="7"/>
    <tag k="boundary" v="administrative"/>
    <tag k="name" v="Sarcelles"/>
    <tag k="ref:INSEE" v="952"/>
    <tag k="type" v="boundary"/>
  </relation>
</osm>
