<?xml version="1.0" encoding="UTF-8"?>
<osm version="0.6" generator="OpenStreetMap server" copyright="OpenStreetMap and contributors" attribution="http://www.openstreetmap.org/copyright" license="http://opendatacommons.org/licenses/odbl/1-0/">
  <relation id="166100" visible="true" timestamp="2009-07-02T22:22:29Z" version="1" changeset="1714146" user="mat" uid="3085">
    <member type="node" ref="432683518" role="admin_centre"/>
    <member type="way" ref="37178658" role=""/>
    <member type="way" ref="37179496" role=""/>
    <member type="way" ref="37179501" role=""/>
    <member type="way" ref="37179499" role=""/>
    <member type="way" ref="37179500" role=""/>
    <tag k="admin_level" v="8"/>
    <tag k="boundary" v="administrative"/>
    <tag k="name" v="Grand'Landes"/>
    <tag k="type" v="boundary"/>
  </relation>
</osm>
