<?xml version="1.0" encoding="UTF-8"?>
<osm version="0.6" generator="OpenStreetMap server" copyright="OpenStreetMap and contributors" attribution="http://www.openstreetmap.org/copyright" license="http://opendatacommons.org/licenses/odbl/1-0/">
  <relation id="1663800" visible="true" timestamp="2011-07-14T15:51:23Z" version="1" changeset="8723262" user="RatZillaS" uid="24207">
    <member type="way" ref="12568923" role=""/>
    <member type="way" ref="121718790" role=""/>
    <member type="way" ref="121718771" role=""/>
    <member type="way" ref="121718799" role=""/>
    <member type="way" ref="121718814" role=""/>
    <member type="way" ref="12569228" role=""/>
    <tag k="admin_level" v="8"/>
    <tag k="boundary" v="administrative"/>
    <tag k="name" v="Ouanary"/>
    <tag k="source" v="Source Maplibrary http://www.maplibrary.org/stacks/gadm/GUF/gadm_GUF_SHP.zip"/>
    <tag k="type" v="boundary"/>
  </relation>
</osm>
