<?xml version="1.0" encoding="UTF-8"?>
<osm version="0.6" generator="OpenStreetMap server" copyright="OpenStreetMap and contributors" attribution="http://www.openstreetmap.org/copyright" license="http://opendatacommons.org/licenses/odbl/1-0/">
  <relation id="1665800" visible="true" timestamp="2011-07-16T11:28:01Z" version="1" changeset="8738745" user="aytfadc" uid="58255">
    <member type="way" ref="35967379" role=""/>
    <member type="way" ref="35980850" role=""/>
    <member type="way" ref="35980851" role=""/>
    <member type="way" ref="36000113" role=""/>
    <member type="way" ref="36140215" role=""/>
    <member type="way" ref="36269353" role=""/>
    <member type="way" ref="36269845" role=""/>
    <member type="way" ref="36563028" role=""/>
    <member type="way" ref="36567073" role=""/>
    <member type="way" ref="36567075" role=""/>
    <member type="way" ref="38004055" role=""/>
    <member type="way" ref="38004057" role=""/>
    <member type="way" ref="38004258" role=""/>
    <member type="way" ref="38004302" role=""/>
    <member type="way" ref="38004325" role=""/>
    <member type="way" ref="38004326" role=""/>
    <member type="way" ref="38004331" role=""/>
    <member type="way" ref="44135078" role=""/>
    <member type="way" ref="44135080" role=""/>
    <member type="way" ref="44137357" role=""/>
    <member type="way" ref="44137359" role=""/>
    <member type="way" ref="44137396" role=""/>
    <member type="way" ref="44137397" role=""/>
    <member type="way" ref="44138329" role=""/>
    <member type="way" ref="44327224" role=""/>
    <member type="way" ref="44327225" role=""/>
    <member type="way" ref="44354514" role=""/>
    <member type="way" ref="44354519" role=""/>
    <member type="way" ref="44354520" role=""/>
    <member type="way" ref="44367517" role=""/>
    <member type="way" ref="44367519" role=""/>
    <member type="way" ref="44367520" role=""/>
    <member type="way" ref="44369909" role=""/>
    <member type="way" ref="44369916" role=""/>
    <tag k="boundary" v="local_authority"/>
    <tag k="local_authority:FR" v="CC"/>
    <tag k="name" v="Communauté de Communes Loire-Layon"/>
    <tag k="ref:INSEE" v="244900833"/>
    <tag k="type" v="boundary"/>
  </relation>
</osm>
