<?xml version="1.0" encoding="UTF-8"?>
<osm version="0.6" generator="OpenStreetMap server" copyright="OpenStreetMap and contributors" attribution="http://www.openstreetmap.org/copyright" license="http://opendatacommons.org/licenses/odbl/1-0/">
  <relation id="1690500" visible="true" timestamp="2011-07-29T21:07:39Z" version="1" changeset="8867255" user="vincent_95" uid="49047">
    <member type="node" ref="26691995" role="admin_centre"/>
    <member type="way" ref="30957662" role=""/>
    <member type="way" ref="35301486" role=""/>
    <member type="way" ref="33878339" role=""/>
    <member type="way" ref="30957147" role=""/>
    <member type="way" ref="33878393" role=""/>
    <member type="way" ref="30957142" role=""/>
    <member type="way" ref="30928831" role=""/>
    <member type="way" ref="30928868" role=""/>
    <member type="way" ref="30929833" role=""/>
    <member type="way" ref="30929888" role=""/>
    <member type="way" ref="30929890" role=""/>
    <member type="way" ref="30930618" role=""/>
    <member type="way" ref="44921435" role=""/>
    <member type="way" ref="44921436" role=""/>
    <member type="way" ref="36932229" role=""/>
    <member type="way" ref="36932230" role=""/>
    <member type="way" ref="44921440" role=""/>
    <member type="way" ref="44921438" role=""/>
    <member type="way" ref="30930614" role=""/>
    <member type="way" ref="30929914" role=""/>
    <member type="way" ref="44921430" role=""/>
    <member type="way" ref="44921432" role=""/>
    <member type="way" ref="33878338" role=""/>
    <member type="way" ref="30929968" role=""/>
    <member type="way" ref="30930024" role=""/>
    <member type="way" ref="30930023" role=""/>
    <member type="way" ref="30930019" role=""/>
    <member type="way" ref="30930121" role=""/>
    <member type="way" ref="30930082" role=""/>
    <member type="way" ref="30930120" role=""/>
    <member type="way" ref="30930119" role=""/>
    <member type="way" ref="33639730" role=""/>
    <member type="way" ref="33639732" role=""/>
    <member type="way" ref="30930152" role=""/>
    <member type="way" ref="30930253" role=""/>
    <member type="way" ref="30930254" role=""/>
    <member type="way" ref="30930252" role=""/>
    <member type="way" ref="33455563" role=""/>
    <member type="way" ref="33455562" role=""/>
    <member type="way" ref="33508899" role=""/>
    <member type="way" ref="30930278" role=""/>
    <member type="way" ref="30930283" role=""/>
    <member type="way" ref="33508895" role=""/>
    <member type="way" ref="33508909" role=""/>
    <member type="way" ref="33508977" role=""/>
    <member type="way" ref="33508871" role=""/>
    <member type="way" ref="94972822" role=""/>
    <member type="way" ref="44112115" role=""/>
    <member type="way" ref="44112114" role=""/>
    <member type="way" ref="33508917" role=""/>
    <member type="way" ref="33508839" role=""/>
    <member type="way" ref="30951942" role=""/>
    <member type="way" ref="30951854" role=""/>
    <member type="way" ref="44024860" role=""/>
    <member type="way" ref="30951853" role=""/>
    <member type="way" ref="30951852" role=""/>
    <member type="way" ref="33508837" role=""/>
    <member type="way" ref="44024868" role=""/>
    <member type="way" ref="44024867" role=""/>
    <member type="way" ref="30952423" role=""/>
    <member type="way" ref="30952424" role=""/>
    <member type="way" ref="44024864" role=""/>
    <member type="way" ref="44024862" role=""/>
    <member type="way" ref="30952425" role=""/>
    <member type="way" ref="33508840" role=""/>
    <member type="way" ref="30952428" role=""/>
    <member type="way" ref="30952435" role=""/>
    <member type="way" ref="84893822" role=""/>
    <member type="way" ref="30952533" role=""/>
    <member type="way" ref="30952605" role=""/>
    <member type="way" ref="64537140" role=""/>
    <member type="way" ref="64537141" role=""/>
    <member type="way" ref="44024878" role=""/>
    <member type="way" ref="44024879" role=""/>
    <member type="way" ref="30952702" role=""/>
    <member type="way" ref="30953030" role=""/>
    <member type="way" ref="44143427" role=""/>
    <member type="way" ref="33059471" role=""/>
    <member type="way" ref="30953346" role=""/>
    <member type="way" ref="30953430" role=""/>
    <member type="way" ref="43791968" role=""/>
    <member type="way" ref="30953500" role=""/>
    <member type="way" ref="43791966" role=""/>
    <member type="way" ref="30953545" role=""/>
    <member type="way" ref="30953765" role=""/>
    <member type="way" ref="30953767" role=""/>
    <member type="way" ref="30953889" role=""/>
    <member type="way" ref="30953769" role=""/>
    <member type="way" ref="30953885" role=""/>
    <member type="way" ref="30953888" role=""/>
    <member type="way" ref="30954206" role=""/>
    <member type="way" ref="30955537" role=""/>
    <member type="way" ref="30955535" role=""/>
    <member type="way" ref="30955539" role=""/>
    <member type="way" ref="30954520" role=""/>
    <member type="way" ref="30955549" role=""/>
    <member type="way" ref="30955550" role=""/>
    <member type="way" ref="30955715" role=""/>
    <member type="way" ref="30955548" role=""/>
    <member type="way" ref="34282294" role=""/>
    <member type="way" ref="34282295" role=""/>
    <member type="way" ref="34282296" role=""/>
    <member type="way" ref="34148621" role=""/>
    <member type="way" ref="33878357" role=""/>
    <member type="way" ref="33878366" role=""/>
    <member type="way" ref="44447480" role=""/>
    <member type="way" ref="44447479" role=""/>
    <member type="way" ref="44447475" role=""/>
    <member type="way" ref="95500960" role=""/>
    <member type="way" ref="30823995" role=""/>
    <member type="way" ref="30823989" role=""/>
    <member type="way" ref="30823988" role=""/>
    <member type="way" ref="30823981" role=""/>
    <member type="way" ref="44387092" role=""/>
    <member type="way" ref="30823976" role=""/>
    <member type="way" ref="44651629" role=""/>
    <member type="way" ref="30823965" role=""/>
    <member type="way" ref="44651625" role=""/>
    <member type="way" ref="33051053" role=""/>
    <member type="way" ref="30823940" role=""/>
    <member type="way" ref="34148353" role=""/>
    <member type="way" ref="34148354" role=""/>
    <member type="way" ref="30823937" role=""/>
    <member type="way" ref="109378428" role=""/>
    <member type="way" ref="30823945" role=""/>
    <member type="way" ref="30823949" role=""/>
    <member type="way" ref="30823954" role=""/>
    <member type="way" ref="30823957" role=""/>
    <member type="way" ref="30823958" role=""/>
    <member type="way" ref="31918214" role=""/>
    <member type="way" ref="36975587" role=""/>
    <member type="way" ref="36975593" role=""/>
    <member type="way" ref="95496693" role=""/>
    <member type="way" ref="30824004" role=""/>
    <member type="way" ref="95496687" role=""/>
    <member type="way" ref="30824024" role=""/>
    <member type="way" ref="30956090" role=""/>
    <member type="way" ref="30956087" role=""/>
    <member type="way" ref="62043854" role=""/>
    <member type="way" ref="49299669" role=""/>
    <member type="way" ref="49299670" role=""/>
    <member type="way" ref="32020057" role=""/>
    <member type="way" ref="30956561" role=""/>
    <member type="way" ref="33880517" role=""/>
    <member type="way" ref="33880518" role=""/>
    <member type="way" ref="33880519" role=""/>
    <member type="way" ref="30956573" role=""/>
    <member type="way" ref="30956566" role=""/>
    <member type="way" ref="30956569" role=""/>
    <member type="way" ref="33040658" role=""/>
    <member type="way" ref="32911639" role=""/>
    <member type="way" ref="30956572" role=""/>
    <member type="way" ref="31021707" role=""/>
    <member type="way" ref="120113037" role=""/>
    <member type="way" ref="121281527" role=""/>
    <member type="way" ref="121278241" role=""/>
    <member type="way" ref="4543403" role=""/>
    <tag k="admin_level" v="7"/>
    <tag k="boundary" v="administrative"/>
    <tag k="name" v="Mont-de-Marsan"/>
    <tag k="ref:INSEE" v="402"/>
    <tag k="type" v="boundary"/>
  </relation>
</osm>
