<?xml version="1.0" encoding="UTF-8"?>
<osm version="0.6" generator="OpenStreetMap server" copyright="OpenStreetMap and contributors" attribution="http://www.openstreetmap.org/copyright" license="http://opendatacommons.org/licenses/odbl/1-0/">
  <relation id="169000" visible="true" timestamp="2009-07-09T14:39:48Z" version="1" changeset="1781085" user="mat" uid="3085">
    <member type="node" ref="438099307" role="admin_centre"/>
    <member type="way" ref="37452497" role=""/>
    <member type="way" ref="37452499" role=""/>
    <tag k="admin_level" v="8"/>
    <tag k="boundary" v="administrative"/>
    <tag k="name" v="Cully"/>
    <tag k="type" v="boundary"/>
  </relation>
</osm>
