<?xml version="1.0" encoding="UTF-8"?>
<osm version="0.6" generator="OpenStreetMap server" copyright="OpenStreetMap and contributors" attribution="http://www.openstreetmap.org/copyright" license="http://opendatacommons.org/licenses/odbl/1-0/">
  <relation id="1692900" visible="true" timestamp="2011-07-31T17:14:38Z" version="1" changeset="8883048" user="vincent_95" uid="49047">
    <member type="way" ref="55414685" role=""/>
    <member type="way" ref="55414684" role=""/>
    <member type="way" ref="55414677" role=""/>
    <member type="way" ref="55414678" role=""/>
    <member type="way" ref="55414679" role=""/>
    <member type="way" ref="55414681" role=""/>
    <member type="way" ref="55414680" role=""/>
    <member type="way" ref="55414682" role=""/>
    <member type="way" ref="45861164" role=""/>
    <member type="way" ref="45732114" role=""/>
    <member type="way" ref="45865466" role=""/>
    <member type="way" ref="45957789" role=""/>
    <member type="way" ref="45957788" role=""/>
    <member type="way" ref="45953736" role=""/>
    <member type="way" ref="45954555" role=""/>
    <member type="way" ref="46038256" role=""/>
    <member type="way" ref="46038956" role=""/>
    <member type="way" ref="46040513" role=""/>
    <member type="way" ref="46046191" role=""/>
    <member type="way" ref="46046192" role=""/>
    <member type="way" ref="46103339" role=""/>
    <member type="way" ref="46103340" role=""/>
    <member type="way" ref="46103054" role=""/>
    <member type="way" ref="46103711" role=""/>
    <member type="way" ref="46104093" role=""/>
    <member type="way" ref="46104292" role=""/>
    <member type="way" ref="46150379" role=""/>
    <member type="way" ref="46150993" role=""/>
    <member type="way" ref="46150565" role=""/>
    <member type="way" ref="33648228" role=""/>
    <member type="way" ref="45789827" role=""/>
    <member type="way" ref="33648217" role=""/>
    <member type="way" ref="33648223" role=""/>
    <member type="way" ref="100835041" role=""/>
    <member type="way" ref="45789828" role=""/>
    <member type="way" ref="100835131" role=""/>
    <member type="way" ref="45776824" role=""/>
    <member type="way" ref="45774513" role=""/>
    <member type="way" ref="33648219" role=""/>
    <member type="way" ref="45774535" role=""/>
    <member type="way" ref="45774532" role=""/>
    <member type="way" ref="45774471" role=""/>
    <member type="way" ref="46202908" role=""/>
    <member type="way" ref="46204408" role=""/>
    <member type="way" ref="46204411" role=""/>
    <member type="way" ref="51572929" role=""/>
    <member type="way" ref="56049808" role=""/>
    <member type="way" ref="45902239" role=""/>
    <member type="way" ref="45902398" role=""/>
    <member type="way" ref="66639449" role=""/>
    <member type="way" ref="66639827" role=""/>
    <member type="way" ref="45821101" role=""/>
    <member type="way" ref="45821171" role=""/>
    <member type="way" ref="66640622" role=""/>
    <member type="way" ref="66771199" role=""/>
    <member type="way" ref="66769984" role=""/>
    <member type="way" ref="66758826" role=""/>
    <member type="way" ref="66745920" role=""/>
    <member type="way" ref="45836670" role=""/>
    <member type="way" ref="56706757" role=""/>
    <member type="way" ref="45902802" role=""/>
    <member type="way" ref="56706762" role=""/>
    <member type="way" ref="56721525" role=""/>
    <member type="way" ref="56721526" role=""/>
    <member type="way" ref="45849321" role=""/>
    <member type="way" ref="56721522" role=""/>
    <member type="way" ref="55390919" role=""/>
    <member type="way" ref="45900452" role=""/>
    <member type="way" ref="42130966" role=""/>
    <member type="way" ref="42130964" role=""/>
    <member type="way" ref="100639749" role=""/>
    <member type="way" ref="100639771" role=""/>
    <member type="way" ref="100639808" role=""/>
    <member type="way" ref="42132026" role=""/>
    <member type="way" ref="42131967" role=""/>
    <member type="way" ref="53649531" role=""/>
    <member type="way" ref="54587258" role=""/>
    <member type="way" ref="54587256" role=""/>
    <member type="way" ref="54587259" role=""/>
    <member type="way" ref="59284084" role=""/>
    <member type="way" ref="54587252" role=""/>
    <member type="way" ref="54587251" role=""/>
    <member type="way" ref="54587254" role=""/>
    <member type="way" ref="55414694" role=""/>
    <member type="way" ref="55414693" role=""/>
    <member type="way" ref="54587253" role=""/>
    <member type="node" ref="26697476" role="admin_centre"/>
    <tag k="admin_level" v="7"/>
    <tag k="boundary" v="administrative"/>
    <tag k="name" v="Ambert"/>
    <tag k="ref:INSEE" v="631"/>
    <tag k="type" v="boundary"/>
  </relation>
</osm>
