<?xml version="1.0" encoding="UTF-8"?>
<osm version="0.6" generator="OpenStreetMap server" copyright="OpenStreetMap and contributors" attribution="http://www.openstreetmap.org/copyright" license="http://opendatacommons.org/licenses/odbl/1-0/">
  <relation id="170100" visible="true" timestamp="2009-07-10T23:30:37Z" version="1" changeset="1793265" user="Vlad" uid="24247">
    <member type="way" ref="35154184" role=""/>
    <tag k="admin_level" v="8"/>
    <tag k="border_type" v="commune"/>
    <tag k="boundary" v="administrative"/>
    <tag k="name" v="Nice"/>
    <tag k="type" v="boundary"/>
  </relation>
</osm>
