<?xml version="1.0" encoding="UTF-8"?>
<osm version="0.6" generator="OpenStreetMap server" copyright="OpenStreetMap and contributors" attribution="http://www.openstreetmap.org/copyright" license="http://opendatacommons.org/licenses/odbl/1-0/">
  <relation id="172200" visible="true" timestamp="2009-07-13T20:44:02Z" version="1" changeset="1820974" user="mat" uid="3085">
    <member type="node" ref="441329682" role="admin_centre"/>
    <member type="way" ref="37649348" role=""/>
    <member type="way" ref="37649346" role=""/>
    <member type="way" ref="36346175" role=""/>
    <member type="way" ref="37649350" role=""/>
    <member type="way" ref="37649352" role=""/>
    <tag k="admin_level" v="8"/>
    <tag k="boundary" v="administrative"/>
    <tag k="name" v="Foulognes"/>
    <tag k="type" v="boundary"/>
  </relation>
</osm>
