<?xml version="1.0" encoding="UTF-8"?>
<osm version="0.6" generator="OpenStreetMap server" copyright="OpenStreetMap and contributors" attribution="http://www.openstreetmap.org/copyright" license="http://opendatacommons.org/licenses/odbl/1-0/">
  <relation id="1730500" visible="true" timestamp="2011-08-28T11:11:04Z" version="1" changeset="9146022" user="aytfadc" uid="58255">
    <member type="way" ref="128050672" role=""/>
    <member type="way" ref="128050940" role=""/>
    <member type="node" ref="627924842" role="admin_centre"/>
    <tag k="admin_level" v="8"/>
    <tag k="boundary" v="administrative"/>
    <tag k="name" v="Ballots"/>
    <tag k="ref:INSEE" v="53018"/>
    <tag k="type" v="boundary"/>
  </relation>
</osm>
