<?xml version="1.0" encoding="UTF-8"?>
<osm version="0.6" generator="OpenStreetMap server" copyright="OpenStreetMap and contributors" attribution="http://www.openstreetmap.org/copyright" license="http://opendatacommons.org/licenses/odbl/1-0/">
  <relation id="1730400" visible="true" timestamp="2011-08-28T08:36:39Z" version="1" changeset="9144658" user="aytfadc" uid="58255">
    <member type="way" ref="128032022" role=""/>
    <member type="way" ref="128032058" role=""/>
    <member type="way" ref="128032013" role=""/>
    <member type="way" ref="128032030" role=""/>
    <member type="node" ref="599481760" role="admin_centre"/>
    <tag k="admin_level" v="8"/>
    <tag k="boundary" v="administrative"/>
    <tag k="name" v="La Prévière"/>
    <tag k="ref:INSEE" v="49250"/>
    <tag k="type" v="boundary"/>
  </relation>
</osm>
