<?xml version="1.0" encoding="UTF-8"?>
<osm version="0.6" generator="OpenStreetMap server" copyright="OpenStreetMap and contributors" attribution="http://www.openstreetmap.org/copyright" license="http://opendatacommons.org/licenses/odbl/1-0/">
  <relation id="1756400" visible="true" timestamp="2011-09-18T17:30:11Z" version="1" changeset="9335025" user="Eric V" uid="163480">
    <member type="way" ref="130408638" role=""/>
    <member type="way" ref="130172459" role=""/>
    <member type="way" ref="130407735" role=""/>
    <member type="way" ref="130412776" role=""/>
    <member type="way" ref="130408632" role=""/>
    <tag k="admin_level" v="8"/>
    <tag k="boundary" v="administrative"/>
    <tag k="name" v="Montagnac-sur-Lède"/>
    <tag k="ref:INSEE" v="47181"/>
    <tag k="type" v="boundary"/>
  </relation>
</osm>
