<?xml version="1.0" encoding="UTF-8"?>
<osm version="0.6" generator="OpenStreetMap server" copyright="OpenStreetMap and contributors" attribution="http://www.openstreetmap.org/copyright" license="http://opendatacommons.org/licenses/odbl/1-0/">
  <relation id="1764200" visible="true" timestamp="2011-09-24T20:37:53Z" version="1" changeset="9387793" user="vincent_95" uid="49047">
    <member type="way" ref="131247454" role=""/>
    <member type="way" ref="131247451" role=""/>
    <member type="way" ref="46580496" role=""/>
    <member type="way" ref="131247458" role=""/>
    <member type="node" ref="261737104" role="admin_centre"/>
    <tag k="addr:postcode" v="04300"/>
    <tag k="admin_level" v="8"/>
    <tag k="boundary" v="administrative"/>
    <tag k="name" v="Dauphin"/>
    <tag k="population" v="806"/>
    <tag k="ref:INSEE" v="04068"/>
    <tag k="type" v="boundary"/>
  </relation>
</osm>
