<?xml version="1.0" encoding="UTF-8"?>
<osm version="0.6" generator="OpenStreetMap server" copyright="OpenStreetMap and contributors" attribution="http://www.openstreetmap.org/copyright" license="http://opendatacommons.org/licenses/odbl/1-0/">
  <relation id="1791600" visible="true" timestamp="2011-10-14T17:43:53Z" version="1" changeset="9557500" user="Marcussacapuces91" uid="37548">
    <member type="way" ref="133301163" role=""/>
    <member type="way" ref="133208049" role=""/>
    <member type="way" ref="133208047" role=""/>
    <member type="way" ref="133208053" role=""/>
    <tag k="admin_level" v="8"/>
    <tag k="boundary" v="administrative"/>
    <tag k="name" v="Saint-Germain-d'Aunay"/>
    <tag k="type" v="boundary"/>
  </relation>
</osm>
