<?xml version="1.0" encoding="UTF-8"?>
<osm version="0.6" generator="OpenStreetMap server" copyright="OpenStreetMap and contributors" attribution="http://www.openstreetmap.org/copyright" license="http://opendatacommons.org/licenses/odbl/1-0/">
  <relation id="179600" visible="true" timestamp="2009-07-25T22:34:00Z" version="1" changeset="1939049" user="Vlad" uid="24247">
    <member type="way" ref="37829710" role=""/>
    <member type="way" ref="38088320" role=""/>
    <member type="way" ref="38088322" role=""/>
    <member type="way" ref="38090283" role=""/>
    <tag k="admin_level" v="8"/>
    <tag k="border_type" v="commune"/>
    <tag k="boundary" v="administrative"/>
    <tag k="name" v="Coursegoules"/>
    <tag k="type" v="boundary"/>
  </relation>
</osm>
