<?xml version="1.0" encoding="UTF-8"?>
<osm version="0.6" generator="OpenStreetMap server" copyright="OpenStreetMap and contributors" attribution="http://www.openstreetmap.org/copyright" license="http://opendatacommons.org/licenses/odbl/1-0/">
  <relation id="18000" visible="true" timestamp="2008-06-22T21:30:59Z" version="1" changeset="265221" user="Skywave" uid="10927">
    <member type="way" ref="25021864" role=""/>
    <member type="way" ref="25021866" role=""/>
    <tag k="admin_level" v="8"/>
    <tag k="boundary" v="administrative"/>
    <tag k="name" v="Perpignan"/>
    <tag k="name:ca" v="Perpinya"/>
    <tag k="type" v="boundary"/>
  </relation>
</osm>
