<?xml version="1.0" encoding="UTF-8"?>
<osm version="0.6" generator="OpenStreetMap server" copyright="OpenStreetMap and contributors" attribution="http://www.openstreetmap.org/copyright" license="http://opendatacommons.org/licenses/odbl/1-0/">
  <relation id="180700" visible="true" timestamp="2009-07-27T21:12:42Z" version="1" changeset="1959371" user="yoann" uid="12116">
    <member type="way" ref="38128865" role=""/>
    <member type="way" ref="38128862" role=""/>
    <member type="way" ref="38128859" role=""/>
    <member type="way" ref="33681356" role=""/>
    <member type="way" ref="33681354" role=""/>
    <member type="way" ref="33680622" role=""/>
    <member type="way" ref="33618718" role=""/>
    <member type="way" ref="38128877" role=""/>
    <tag k="admin_level" v="8"/>
    <tag k="boundary" v="administrative"/>
    <tag k="name" v="Boussac-Bourg"/>
    <tag k="type" v="boundary"/>
  </relation>
</osm>
