<?xml version="1.0" encoding="UTF-8"?>
<osm version="0.6" generator="OpenStreetMap server" copyright="OpenStreetMap and contributors" attribution="http://www.openstreetmap.org/copyright" license="http://opendatacommons.org/licenses/odbl/1-0/">
  <relation id="1813400" visible="true" timestamp="2011-10-27T20:01:28Z" version="1" changeset="9671586" user="Pieren" uid="17286">
    <member type="node" ref="444301948" role="admin_centre"/>
    <member type="way" ref="134835404" role=""/>
    <member type="way" ref="134937196" role=""/>
    <member type="way" ref="134937175" role=""/>
    <member type="way" ref="134932221" role=""/>
    <tag k="admin_level" v="8"/>
    <tag k="boundary" v="administrative"/>
    <tag k="name" v="Maranville"/>
    <tag k="type" v="boundary"/>
  </relation>
</osm>
