<?xml version="1.0" encoding="UTF-8"?>
<osm version="0.6" generator="OpenStreetMap server" copyright="OpenStreetMap and contributors" attribution="http://www.openstreetmap.org/copyright" license="http://opendatacommons.org/licenses/odbl/1-0/">
  <relation id="1840200" visible="true" timestamp="2011-11-11T06:10:11Z" version="1" changeset="9793989" user="HelenePETIT" uid="211286">
    <member type="way" ref="136565837" role=""/>
    <member type="way" ref="136565842" role=""/>
    <member type="way" ref="136565836" role=""/>
    <member type="way" ref="136565841" role=""/>
    <member type="node" ref="653167871" role="admin_centre"/>
    <tag k="admin_level" v="8"/>
    <tag k="boundary" v="administrative"/>
    <tag k="name" v="Sinsat"/>
    <tag k="ref:INSEE" v="09296"/>
    <tag k="source" v="cadastre-dgi-fr source : Direction Générale des Impôts - Cadastre ; mise à jour : 2011"/>
    <tag k="type" v="boundary"/>
  </relation>
</osm>
