<?xml version="1.0" encoding="UTF-8"?>
<osm version="0.6" generator="OpenStreetMap server" copyright="OpenStreetMap and contributors" attribution="http://www.openstreetmap.org/copyright" license="http://opendatacommons.org/licenses/odbl/1-0/">
  <relation id="1851800" visible="true" timestamp="2011-11-18T16:44:09Z" version="1" changeset="9865519" user="Eric V" uid="163480">
    <member type="way" ref="137134877" role="outer"/>
    <member type="way" ref="33710166" role="outer"/>
    <member type="way" ref="136893584" role="outer"/>
    <member type="way" ref="136883933" role="outer"/>
    <tag k="admin_level" v="8"/>
    <tag k="boundary" v="administrative"/>
    <tag k="name" v="Terrasson-Lavilledieu"/>
    <tag k="ref:INSEE" v="24547"/>
    <tag k="type" v="boundary"/>
  </relation>
</osm>
