<?xml version="1.0" encoding="UTF-8"?>
<osm version="0.6" generator="OpenStreetMap server" copyright="OpenStreetMap and contributors" attribution="http://www.openstreetmap.org/copyright" license="http://opendatacommons.org/licenses/odbl/1-0/">
  <relation id="185400" visible="true" timestamp="2009-08-01T14:24:59Z" version="1" changeset="2003764" user="mat" uid="3085">
    <member type="node" ref="453143781" role="admin_centre"/>
    <member type="way" ref="34174638" role=""/>
    <member type="way" ref="38357594" role=""/>
    <member type="way" ref="38357595" role=""/>
    <member type="way" ref="34174804" role=""/>
    <tag k="admin_level" v="8"/>
    <tag k="boundary" v="administrative"/>
    <tag k="name" v="Magny-en-Bessin"/>
    <tag k="type" v="boundary"/>
  </relation>
</osm>
