<?xml version="1.0" encoding="UTF-8"?>
<osm version="0.6" generator="OpenStreetMap server" copyright="OpenStreetMap and contributors" attribution="http://www.openstreetmap.org/copyright" license="http://opendatacommons.org/licenses/odbl/1-0/">
  <relation id="1861900" visible="true" timestamp="2011-11-25T00:06:52Z" version="1" changeset="9938993" user="Pieren" uid="17286">
    <member type="node" ref="1407223991" role="admin_centre"/>
    <member type="way" ref="138280200" role=""/>
    <member type="way" ref="51344436" role=""/>
    <member type="way" ref="138280197" role=""/>
    <tag k="admin_level" v="8"/>
    <tag k="boundary" v="administrative"/>
    <tag k="name" v="Baudonvilliers"/>
    <tag k="type" v="boundary"/>
  </relation>
</osm>
