<?xml version="1.0" encoding="UTF-8"?>
<osm version="0.6" generator="OpenStreetMap server" copyright="OpenStreetMap and contributors" attribution="http://www.openstreetmap.org/copyright" license="http://opendatacommons.org/licenses/odbl/1-0/">
  <relation id="1862800" visible="true" timestamp="2011-11-25T19:43:10Z" version="1" changeset="9947855" user="huohw%5pqefhewq[ojmfq]w" uid="286597">
    <member type="way" ref="138348598" role="outer"/>
    <member type="way" ref="138348584" role="outer"/>
    <member type="way" ref="138348595" role="outer"/>
    <member type="way" ref="138348606" role="outer"/>
    <member type="way" ref="138348578" role="outer"/>
    <member type="way" ref="138348610" role="outer"/>
    <tag k="addr:postcode" v="28150"/>
    <tag k="admin_level" v="8"/>
    <tag k="boundary" v="administrative"/>
    <tag k="name" v="Boisville-la-Saint-Père"/>
    <tag k="ref:INSEE" v="28047"/>
    <tag k="type" v="boundary"/>
    <tag k="wikipedia" v="Boisville-la-Saint-Père"/>
  </relation>
</osm>
