<?xml version="1.0" encoding="UTF-8"?>
<osm version="0.6" generator="OpenStreetMap server" copyright="OpenStreetMap and contributors" attribution="http://www.openstreetmap.org/copyright" license="http://opendatacommons.org/licenses/odbl/1-0/">
  <relation id="1873000" visible="true" timestamp="2011-12-01T05:50:43Z" version="1" changeset="10005328" user="vincent_95" uid="49047">
    <member type="way" ref="139214780" role=""/>
    <member type="way" ref="34096050" role=""/>
    <member type="way" ref="137667653" role=""/>
    <member type="way" ref="137667631" role=""/>
    <member type="way" ref="139186711" role=""/>
    <member type="way" ref="139214779" role=""/>
    <member type="node" ref="1525911527" role="admin_centre"/>
    <tag k="addr:postcode" v="16190"/>
    <tag k="admin_level" v="8"/>
    <tag k="boundary" v="administrative"/>
    <tag k="name" v="Aignes-et-Puypéroux"/>
    <tag k="population" v="303"/>
    <tag k="ref:INSEE" v="16004"/>
    <tag k="type" v="boundary"/>
  </relation>
</osm>
