<?xml version="1.0" encoding="UTF-8"?>
<osm version="0.6" generator="OpenStreetMap server" copyright="OpenStreetMap and contributors" attribution="http://www.openstreetmap.org/copyright" license="http://opendatacommons.org/licenses/odbl/1-0/">
  <relation id="1897900" visible="true" timestamp="2011-12-07T23:18:33Z" version="1" changeset="10061681" user="Eric S" uid="45284">
    <member type="node" ref="33207268" role="admin_centre"/>
    <member type="way" ref="140184182" role=""/>
    <member type="way" ref="140184754" role=""/>
    <member type="way" ref="30998195" role=""/>
    <member type="way" ref="68296724" role=""/>
    <member type="way" ref="30990985" role=""/>
    <member type="way" ref="34016538" role=""/>
    <member type="way" ref="140185722" role=""/>
    <member type="way" ref="140185725" role=""/>
    <member type="way" ref="140184221" role=""/>
    <tag k="admin_level" v="8"/>
    <tag k="boundary" v="administrative"/>
    <tag k="code_departement" v="07"/>
    <tag k="name" v="Baix"/>
    <tag k="population" v="700"/>
    <tag k="postal_code" v="07210"/>
    <tag k="ref:INSEE" v="07022"/>
    <tag k="ref:SIREN" v="210700225"/>
    <tag k="type" v="boundary"/>
  </relation>
</osm>
