<?xml version="1.0" encoding="UTF-8"?>
<osm version="0.6" generator="OpenStreetMap server" copyright="OpenStreetMap and contributors" attribution="http://www.openstreetmap.org/copyright" license="http://opendatacommons.org/licenses/odbl/1-0/">
  <relation id="1942300" visible="true" timestamp="2011-12-30T10:37:15Z" version="1" changeset="10243767" user="aytfadc" uid="58255">
    <member type="way" ref="128050863" role=""/>
    <member type="way" ref="128050622" role=""/>
    <member type="way" ref="128050716" role=""/>
    <member type="way" ref="128050923" role=""/>
    <member type="way" ref="128050760" role=""/>
    <member type="way" ref="128032031" role=""/>
    <member type="way" ref="128032039" role=""/>
    <member type="way" ref="128050745" role=""/>
    <member type="way" ref="128032060" role=""/>
    <member type="way" ref="128050916" role=""/>
    <member type="way" ref="128050650" role=""/>
    <member type="way" ref="128050854" role=""/>
    <member type="way" ref="128050874" role=""/>
    <member type="way" ref="38108122" role=""/>
    <member type="way" ref="128050525" role=""/>
    <member type="way" ref="33040161" role=""/>
    <member type="way" ref="37117218" role=""/>
    <member type="way" ref="128050786" role=""/>
    <member type="way" ref="131907177" role=""/>
    <member type="way" ref="131907175" role=""/>
    <member type="way" ref="68999529" role=""/>
    <member type="way" ref="142797549" role=""/>
    <member type="way" ref="142797538" role=""/>
    <member type="way" ref="132901425" role=""/>
    <member type="way" ref="132901423" role=""/>
    <member type="way" ref="133563943" role=""/>
    <member type="way" ref="128050940" role=""/>
    <member type="way" ref="128050858" role=""/>
    <member type="way" ref="118039661" role=""/>
    <tag k="boundary" v="local_authority"/>
    <tag k="local_authority:FR" v="CC"/>
    <tag k="name" v="Communauté de Communes de Saint Aignan-Renazé"/>
    <tag k="ref:INSEE" v="245300439"/>
    <tag k="type" v="boundary"/>
  </relation>
</osm>
