<?xml version="1.0" encoding="UTF-8"?>
<osm version="0.6" generator="OpenStreetMap server" copyright="OpenStreetMap and contributors" attribution="http://www.openstreetmap.org/copyright" license="http://opendatacommons.org/licenses/odbl/1-0/">
  <relation id="195300" visible="true" timestamp="2009-08-12T15:51:15Z" version="1" changeset="2119610" user="mat" uid="3085">
    <member type="node" ref="462278350" role="admin_centre"/>
    <member type="way" ref="35434168" role=""/>
    <member type="way" ref="34174230" role=""/>
    <member type="way" ref="38914940" role=""/>
    <member type="way" ref="38914941" role=""/>
    <member type="way" ref="36371546" role=""/>
    <member type="way" ref="34064499" role=""/>
    <tag k="admin_level" v="8"/>
    <tag k="boundary" v="administrative"/>
    <tag k="name" v="Moult"/>
    <tag k="type" v="boundary"/>
  </relation>
</osm>
