<?xml version="1.0" encoding="UTF-8"?>
<osm version="0.6" generator="OpenStreetMap server" copyright="OpenStreetMap and contributors" attribution="http://www.openstreetmap.org/copyright" license="http://opendatacommons.org/licenses/odbl/1-0/">
  <relation id="1976200" visible="true" timestamp="2012-01-18T20:20:15Z" version="1" changeset="10431115" user="vincent_95" uid="49047">
    <member type="way" ref="71412118" role=""/>
    <member type="way" ref="71226489" role=""/>
    <member type="way" ref="35936308" role=""/>
    <member type="way" ref="71220864" role=""/>
    <member type="way" ref="71220869" role=""/>
    <member type="way" ref="71220863" role=""/>
    <member type="way" ref="83151399" role=""/>
    <member type="way" ref="71414823" role=""/>
    <member type="way" ref="83175529" role=""/>
    <member type="way" ref="83175531" role=""/>
    <member type="way" ref="111982819" role=""/>
    <member type="way" ref="109368957" role=""/>
    <member type="way" ref="109368976" role=""/>
    <member type="way" ref="111819428" role=""/>
    <member type="way" ref="111821060" role=""/>
    <member type="way" ref="51137711" role=""/>
    <member type="way" ref="35936599" role=""/>
    <member type="way" ref="35559994" role=""/>
    <member type="way" ref="35559993" role=""/>
    <member type="way" ref="35936600" role=""/>
    <member type="way" ref="111819437" role=""/>
    <member type="way" ref="35560096" role=""/>
    <member type="way" ref="35559956" role=""/>
    <member type="way" ref="35559958" role=""/>
    <member type="way" ref="33494780" role=""/>
    <member type="way" ref="33494778" role=""/>
    <member type="way" ref="35559892" role=""/>
    <member type="way" ref="35938524" role=""/>
    <member type="way" ref="33633593" role=""/>
    <member type="way" ref="33637052" role=""/>
    <member type="way" ref="109370843" role=""/>
    <member type="way" ref="33438457" role=""/>
    <member type="way" ref="35973393" role=""/>
    <member type="way" ref="33438039" role=""/>
    <member type="way" ref="35936839" role=""/>
    <member type="way" ref="132204736" role=""/>
    <member type="way" ref="132204737" role=""/>
    <member type="way" ref="36596982" role=""/>
    <member type="way" ref="36686005" role=""/>
    <member type="way" ref="67615166" role=""/>
    <member type="way" ref="36780065" role=""/>
    <member type="way" ref="67624755" role=""/>
    <member type="way" ref="36685383" role=""/>
    <member type="way" ref="125551417" role=""/>
    <member type="way" ref="36685376" role=""/>
    <member type="way" ref="125549911" role=""/>
    <member type="way" ref="36685379" role=""/>
    <member type="way" ref="36375104" role=""/>
    <member type="way" ref="36685382" role=""/>
    <member type="way" ref="125549910" role=""/>
    <member type="way" ref="83366868" role=""/>
    <member type="way" ref="67863486" role=""/>
    <member type="way" ref="36775949" role=""/>
    <member type="way" ref="35936255" role=""/>
    <member type="way" ref="36514835" role=""/>
    <member type="way" ref="36768297" role=""/>
    <member type="way" ref="36768293" role=""/>
    <member type="way" ref="36768299" role=""/>
    <member type="way" ref="36514437" role=""/>
    <member type="way" ref="36768296" role=""/>
    <member type="way" ref="36780178" role=""/>
    <member type="way" ref="36771535" role=""/>
    <member type="way" ref="36607194" role=""/>
    <member type="way" ref="36771537" role=""/>
    <member type="way" ref="133619348" role=""/>
    <member type="way" ref="133619351" role=""/>
    <member type="way" ref="36599238" role=""/>
    <member type="way" ref="36683791" role=""/>
    <member type="way" ref="36683770" role=""/>
    <member type="way" ref="36683789" role=""/>
    <member type="way" ref="35934350" role=""/>
    <member type="way" ref="83189209" role=""/>
    <member type="way" ref="71405883" role=""/>
    <member type="way" ref="71405882" role=""/>
    <member type="node" ref="26691999" role="admin_centre"/>
    <tag k="admin_level" v="7"/>
    <tag k="boundary" v="administrative"/>
    <tag k="name" v="Nevers"/>
    <tag k="ref:INSEE" v="583"/>
    <tag k="type" v="boundary"/>
  </relation>
</osm>
