<?xml version="1.0" encoding="UTF-8"?>
<osm version="0.6" generator="OpenStreetMap server" copyright="OpenStreetMap and contributors" attribution="http://www.openstreetmap.org/copyright" license="http://opendatacommons.org/licenses/odbl/1-0/">
  <relation id="1981600" visible="true" timestamp="2012-01-21T21:59:06Z" version="1" changeset="10460241" user="cquest" uid="158826">
    <member type="way" ref="49797076" role="outer"/>
    <member type="way" ref="49797077" role="outer"/>
    <member type="way" ref="50286657" role="outer"/>
    <member type="way" ref="49721315" role="outer"/>
    <member type="way" ref="31899858" role="outer"/>
    <member type="way" ref="49722848" role="outer"/>
    <member type="way" ref="95739415" role="outer"/>
    <member type="way" ref="49722846" role="outer"/>
    <member type="way" ref="49710424" role="outer"/>
    <member type="way" ref="49721329" role="outer"/>
    <member type="way" ref="49710429" role="outer"/>
    <member type="way" ref="49711263" role="outer"/>
    <member type="way" ref="49704119" role="outer"/>
    <member type="way" ref="49685822" role="outer"/>
    <member type="way" ref="49695636" role="outer"/>
    <member type="way" ref="49695637" role="outer"/>
    <member type="way" ref="49696104" role="outer"/>
    <member type="way" ref="49711260" role="outer"/>
    <member type="way" ref="49710428" role="outer"/>
    <member type="way" ref="49685821" role="outer"/>
    <member type="way" ref="49685823" role="outer"/>
    <member type="way" ref="49710643" role="outer"/>
    <member type="way" ref="49796723" role="outer"/>
    <member type="way" ref="49797075" role="outer"/>
    <member type="way" ref="86559675" role="outer"/>
    <member type="way" ref="49711261" role="outer"/>
    <member type="way" ref="49716358" role="outer"/>
    <member type="way" ref="49716365" role="outer"/>
    <member type="way" ref="49705009" role="outer"/>
    <member type="way" ref="49704121" role="outer"/>
    <member type="way" ref="50286656" role="outer"/>
    <member type="way" ref="61463314" role="outer"/>
    <member type="way" ref="50286659" role="outer"/>
    <member type="way" ref="50064284" role="outer"/>
    <member type="way" ref="50286660" role="outer"/>
    <member type="way" ref="50286654" role="outer"/>
    <member type="way" ref="49709009" role="outer"/>
    <member type="way" ref="49796722" role="outer"/>
    <tag k="boundary" v="local_authority"/>
    <tag k="local_authority:FR" v="CA"/>
    <tag k="name" v="Communauté d'agglomération de Marne et Gondoire"/>
    <tag k="type" v="boundary"/>
  </relation>
</osm>
