<?xml version="1.0" encoding="UTF-8"?>
<osm version="0.6" generator="OpenStreetMap server" copyright="OpenStreetMap and contributors" attribution="http://www.openstreetmap.org/copyright" license="http://opendatacommons.org/licenses/odbl/1-0/">
  <relation id="2004700" visible="true" timestamp="2012-02-04T08:04:01Z" version="1" changeset="10581815" user="vincent_95" uid="49047">
    <member type="way" ref="35326898" role=""/>
    <member type="way" ref="35317865" role=""/>
    <member type="way" ref="35317866" role=""/>
    <member type="way" ref="35304725" role=""/>
    <member type="way" ref="35304734" role=""/>
    <member type="way" ref="35304737" role=""/>
    <member type="way" ref="35318740" role=""/>
    <member type="way" ref="35318736" role=""/>
    <member type="way" ref="35317869" role=""/>
    <member type="way" ref="35317868" role=""/>
    <member type="way" ref="35317871" role=""/>
    <member type="way" ref="35326896" role=""/>
    <member type="way" ref="35326893" role=""/>
    <member type="way" ref="35326880" role=""/>
    <tag k="boundary" v="local_authority"/>
    <tag k="local_authority:FR" v="CC"/>
    <tag k="name" v="Communauté de Communes du Val d’Ardoux"/>
    <tag k="ref:INSEE" v="244500450"/>
    <tag k="short_name" v="CCVA"/>
    <tag k="type" v="boundary"/>
    <tag k="website" v="http://ccvaldardoux.fr/"/>
  </relation>
</osm>
