<?xml version="1.0" encoding="UTF-8"?>
<osm version="0.6" generator="OpenStreetMap server" copyright="OpenStreetMap and contributors" attribution="http://www.openstreetmap.org/copyright" license="http://opendatacommons.org/licenses/odbl/1-0/">
  <relation id="2005700" visible="true" timestamp="2012-02-04T20:48:26Z" version="1" changeset="10588170" user="Thomas Petillon" uid="23966">
    <member type="way" ref="38109772" role="outer"/>
    <member type="way" ref="136528497" role="outer"/>
    <member type="way" ref="136528502" role="outer"/>
    <member type="way" ref="136528436" role="outer"/>
    <member type="way" ref="136528501" role="outer"/>
    <member type="way" ref="136528487" role="outer"/>
    <member type="way" ref="147635995" role="outer"/>
    <member type="way" ref="136528444" role="outer"/>
    <member type="way" ref="136528500" role="outer"/>
    <member type="way" ref="136528478" role="outer"/>
    <member type="way" ref="136528507" role="outer"/>
    <member type="way" ref="136528505" role="outer"/>
    <member type="way" ref="136528503" role="outer"/>
    <member type="way" ref="136503735" role="outer"/>
    <member type="way" ref="136503734" role="outer"/>
    <member type="way" ref="142617267" role="outer"/>
    <member type="way" ref="142617377" role="outer"/>
    <member type="way" ref="32810299" role="outer"/>
    <member type="way" ref="33040182" role="outer"/>
    <member type="way" ref="68999535" role="outer"/>
    <member type="way" ref="63731062" role="outer"/>
    <member type="way" ref="34929967" role="outer"/>
    <member type="way" ref="34648733" role="outer"/>
    <member type="way" ref="63477906" role="outer"/>
    <member type="way" ref="34648724" role="outer"/>
    <member type="way" ref="34648736" role="outer"/>
    <member type="way" ref="34648732" role="outer"/>
    <member type="way" ref="34771771" role="outer"/>
    <member type="way" ref="34610955" role="outer"/>
    <member type="way" ref="34771772" role="outer"/>
    <member type="way" ref="34610952" role="outer"/>
    <member type="way" ref="34610925" role="outer"/>
    <member type="way" ref="34610928" role="outer"/>
    <member type="way" ref="34610953" role="outer"/>
    <member type="way" ref="62364161" role="outer"/>
    <member type="way" ref="35016900" role="outer"/>
    <member type="way" ref="35016914" role="outer"/>
    <member type="way" ref="31831731" role="outer"/>
    <member type="way" ref="35016888" role="outer"/>
    <member type="way" ref="32084468" role="outer"/>
    <member type="way" ref="32085252" role="outer"/>
    <member type="way" ref="31695888" role="outer"/>
    <member type="way" ref="31301908" role="outer"/>
    <member type="way" ref="31751976" role="outer"/>
    <member type="way" ref="31751756" role="outer"/>
    <member type="way" ref="32723369" role="outer"/>
    <member type="way" ref="34624781" role="outer"/>
    <member type="way" ref="34648776" role="outer"/>
    <member type="way" ref="32854903" role="outer"/>
    <member type="way" ref="32854900" role="outer"/>
    <member type="way" ref="32854875" role="outer"/>
    <member type="way" ref="32810295" role="outer"/>
    <member type="way" ref="34396922" role="outer"/>
    <member type="way" ref="34969235" role="outer"/>
    <member type="way" ref="33039430" role="outer"/>
    <member type="way" ref="35016917" role="outer"/>
    <member type="way" ref="34610989" role="outer"/>
    <member type="way" ref="34610988" role="outer"/>
    <member type="way" ref="34610987" role="outer"/>
    <member type="way" ref="34895931" role="outer"/>
    <member type="way" ref="34610991" role="outer"/>
    <member type="way" ref="35313834" role="outer"/>
    <tag k="boundary" v="local_authority"/>
    <tag k="local_authority:FR" v="CA"/>
    <tag k="name" v="Vitré communauté"/>
    <tag k="ref:INSEE" v="243500808"/>
    <tag k="type" v="boundary"/>
  </relation>
</osm>
