<?xml version="1.0" encoding="UTF-8"?>
<osm version="0.6" generator="OpenStreetMap server" copyright="OpenStreetMap and contributors" attribution="http://www.openstreetmap.org/copyright" license="http://opendatacommons.org/licenses/odbl/1-0/">
  <relation id="2011800" visible="true" timestamp="2012-02-07T05:45:52Z" version="1" changeset="10609201" user="vincent_95" uid="49047">
    <member type="way" ref="144766500" role=""/>
    <member type="way" ref="149093225" role=""/>
    <member type="way" ref="149093224" role=""/>
    <member type="way" ref="144769068" role=""/>
    <member type="way" ref="144766473" role=""/>
    <member type="node" ref="1621204872" role="admin_centre"/>
    <tag k="addr:postcode" v="33540"/>
    <tag k="admin_level" v="8"/>
    <tag k="boundary" v="administrative"/>
    <tag k="name" v="Saint-Sulpice-de-Pommiers"/>
    <tag k="population" v="226"/>
    <tag k="ref:INSEE" v="33482"/>
    <tag k="type" v="boundary"/>
  </relation>
</osm>
