<?xml version="1.0" encoding="UTF-8"?>
<osm version="0.6" generator="OpenStreetMap server" copyright="OpenStreetMap and contributors" attribution="http://www.openstreetmap.org/copyright" license="http://opendatacommons.org/licenses/odbl/1-0/">
  <relation id="2032400" visible="true" timestamp="2012-02-17T19:12:29Z" version="1" changeset="10714178" user="cquest" uid="158826">
    <member type="way" ref="150814923" role="outer"/>
    <member type="way" ref="150814930" role="outer"/>
    <member type="way" ref="144146899" role="outer"/>
    <member type="way" ref="150814927" role="outer"/>
    <member type="node" ref="287938578" role="admin_centre"/>
    <tag k="admin_level" v="8"/>
    <tag k="boundary" v="administrative"/>
    <tag k="name" v="Thonville"/>
    <tag k="ref:INSEE" v="57673"/>
    <tag k="type" v="boundary"/>
  </relation>
</osm>
