<?xml version="1.0" encoding="UTF-8"?>
<osm version="0.6" generator="OpenStreetMap server" copyright="OpenStreetMap and contributors" attribution="http://www.openstreetmap.org/copyright" license="http://opendatacommons.org/licenses/odbl/1-0/">
  <relation id="2032100" visible="true" timestamp="2012-02-17T15:03:42Z" version="1" changeset="10711936" user="cquest" uid="158826">
    <member type="way" ref="150788636" role="outer"/>
    <member type="way" ref="150788640" role="outer"/>
    <member type="way" ref="150788634" role="outer"/>
    <member type="node" ref="663433881" role="admin_centre"/>
    <tag k="admin_level" v="8"/>
    <tag k="boundary" v="administrative"/>
    <tag k="name" v="Briquemesnil-Floxicourt"/>
    <tag k="ref:INSEE" v="80142"/>
    <tag k="type" v="boundary"/>
  </relation>
</osm>
