<?xml version="1.0" encoding="UTF-8"?>
<osm version="0.6" generator="OpenStreetMap server" copyright="OpenStreetMap and contributors" attribution="http://www.openstreetmap.org/copyright" license="http://opendatacommons.org/licenses/odbl/1-0/">
  <relation id="2049400" visible="true" timestamp="2012-02-23T11:40:20Z" version="1" changeset="10767393" user="didier2020" uid="300459">
    <member type="way" ref="151107133" role="outer"/>
    <member type="way" ref="151582211" role="outer"/>
    <member type="way" ref="151582209" role="outer"/>
    <member type="way" ref="150787619" role="outer"/>
    <member type="way" ref="151107151" role="outer"/>
    <tag k="addr:postcode" v="80290"/>
    <tag k="admin_level" v="8"/>
    <tag k="boundary" v="administrative"/>
    <tag k="name" v="Marlers"/>
    <tag k="postal_code" v="80290"/>
    <tag k="ref:INSEE" v="80515"/>
    <tag k="type" v="boundary"/>
  </relation>
</osm>
