<?xml version="1.0" encoding="UTF-8"?>
<osm version="0.6" generator="OpenStreetMap server" copyright="OpenStreetMap and contributors" attribution="http://www.openstreetmap.org/copyright" license="http://opendatacommons.org/licenses/odbl/1-0/">
  <relation id="2057900" visible="true" timestamp="2012-02-27T21:32:56Z" version="1" changeset="10813911" user="HelenePETIT" uid="211286">
    <member type="node" ref="272013799" role="admin_centre"/>
    <member type="way" ref="149915857" role=""/>
    <member type="way" ref="152247872" role=""/>
    <member type="way" ref="152245989" role=""/>
    <member type="way" ref="149915855" role=""/>
    <member type="way" ref="149915859" role=""/>
    <tag k="admin_level" v="8"/>
    <tag k="boundary" v="administrative"/>
    <tag k="name" v="Dreuilhe"/>
    <tag k="ref:INSEE" v="09106"/>
    <tag k="source" v="cadastre-dgi-fr source : Direction Generale des Impots - Cadastre. Mise a jour : 2012"/>
    <tag k="type" v="boundary"/>
  </relation>
</osm>
