<?xml version="1.0" encoding="UTF-8"?>
<osm version="0.6" generator="OpenStreetMap server" copyright="OpenStreetMap and contributors" attribution="http://www.openstreetmap.org/copyright" license="http://opendatacommons.org/licenses/odbl/1-0/">
  <relation id="2066400" visible="true" timestamp="2012-03-03T19:11:12Z" version="1" changeset="10861118" user="cquest" uid="158826">
    <member type="way" ref="153042706" role="outer"/>
    <member type="way" ref="153042711" role="outer"/>
    <member type="way" ref="153042717" role="outer"/>
    <member type="way" ref="153042739" role="outer"/>
    <member type="way" ref="153042755" role="outer"/>
    <member type="node" ref="521835855" role="admin_centre"/>
    <tag k="admin_level" v="8"/>
    <tag k="boundary" v="administrative"/>
    <tag k="name" v="Buxières-d'Aillac"/>
    <tag k="ref:INSEE" v="36030"/>
    <tag k="type" v="boundary"/>
  </relation>
</osm>
