<?xml version="1.0" encoding="UTF-8"?>
<osm version="0.6" generator="OpenStreetMap server" copyright="OpenStreetMap and contributors" attribution="http://www.openstreetmap.org/copyright" license="http://opendatacommons.org/licenses/odbl/1-0/">
  <relation id="2068800" visible="true" timestamp="2012-03-05T06:13:42Z" version="1" changeset="10876450" user="HelenePETIT" uid="211286">
    <member type="node" ref="1532012117" role="admin_centre"/>
    <member type="way" ref="153306091" role=""/>
    <member type="way" ref="152946838" role=""/>
    <member type="way" ref="152946839" role=""/>
    <member type="way" ref="153306274" role=""/>
    <member type="way" ref="153306090" role=""/>
    <tag k="admin_level" v="8"/>
    <tag k="boundary" v="administrative"/>
    <tag k="name" v="Saint-Amadou"/>
    <tag k="ref:INSEE" v="09254"/>
    <tag k="source" v="cadastre-dgi-fr source : Direction Générale des Impôts - Cadastre. Mise à jour : 2012"/>
    <tag k="type" v="boundary"/>
  </relation>
</osm>
