<?xml version="1.0" encoding="UTF-8"?>
<osm version="0.6" generator="OpenStreetMap server" copyright="OpenStreetMap and contributors" attribution="http://www.openstreetmap.org/copyright" license="http://opendatacommons.org/licenses/odbl/1-0/">
  <relation id="2070700" visible="true" timestamp="2012-03-06T10:12:54Z" version="1" changeset="10888437" user="Cyrille37" uid="454932">
    <member type="way" ref="153546108" role="outer"/>
    <member type="way" ref="153546112" role="outer"/>
    <member type="way" ref="153543412" role="outer"/>
    <member type="way" ref="153536972" role="outer"/>
    <member type="node" ref="1662183951" role="admin_centre"/>
    <tag k="admin_level" v="8"/>
    <tag k="boundary" v="administrative"/>
    <tag k="name" v="Béthonvilliers"/>
    <tag k="ref:INSEE" v="28038"/>
    <tag k="type" v="boundary"/>
  </relation>
</osm>
