<?xml version="1.0" encoding="UTF-8"?>
<osm version="0.6" generator="OpenStreetMap server" copyright="OpenStreetMap and contributors" attribution="http://www.openstreetmap.org/copyright" license="http://opendatacommons.org/licenses/odbl/1-0/">
  <relation id="2071200" visible="true" timestamp="2012-03-06T18:30:31Z" version="1" changeset="10892967" user="julien76100" uid="97036">
    <member type="way" ref="50563140" role="outer"/>
    <member type="way" ref="35968972" role="outer"/>
    <member type="way" ref="34777526" role="outer"/>
    <member type="way" ref="97836053" role="outer"/>
    <member type="way" ref="34777527" role="outer"/>
    <member type="way" ref="34857627" role="outer"/>
    <member type="way" ref="35968971" role="outer"/>
    <member type="way" ref="32691389" role="outer"/>
    <member type="way" ref="32691390" role="outer"/>
    <member type="way" ref="50563141" role="outer"/>
    <member type="way" ref="32883680" role="outer"/>
    <member type="way" ref="32883681" role="outer"/>
    <member type="way" ref="50563139" role="outer"/>
    <member type="way" ref="32530967" role="outer"/>
    <member type="way" ref="31286227" role="outer"/>
    <member type="way" ref="71155278" role="outer"/>
    <member type="way" ref="71155276" role="outer"/>
    <member type="way" ref="71155274" role="outer"/>
    <member type="way" ref="71155279" role="outer"/>
    <member type="way" ref="32530966" role="outer"/>
    <member type="way" ref="34857628" role="outer"/>
    <member type="way" ref="38574392" role="outer"/>
    <member type="way" ref="32953013" role="outer"/>
    <member type="way" ref="34769437" role="outer"/>
    <member type="way" ref="32953017" role="outer"/>
    <member type="way" ref="125131102" role="outer"/>
    <member type="way" ref="38574393" role="outer"/>
    <tag k="boundary" v="local_authority"/>
    <tag k="local_authority:FR" v="CA"/>
    <tag k="name" v="Communauté de l'Agglomération Havraise"/>
    <tag k="type" v="boundary"/>
  </relation>
</osm>
