<?xml version="1.0" encoding="UTF-8"?>
<osm version="0.6" generator="OpenStreetMap server" copyright="OpenStreetMap and contributors" attribution="http://www.openstreetmap.org/copyright" license="http://opendatacommons.org/licenses/odbl/1-0/">
  <relation id="2073500" visible="true" timestamp="2012-03-08T13:14:47Z" version="1" changeset="10909108" user="Damouns" uid="13442">
    <member type="node" ref="876769140" role="admin_centre"/>
    <member type="way" ref="81238582" role="outer"/>
    <member type="way" ref="81238612" role="outer"/>
    <member type="way" ref="33082875" role="outer"/>
    <member type="way" ref="33082651" role="outer"/>
    <member type="way" ref="153969740" role="outer"/>
    <member type="way" ref="153969736" role="outer"/>
    <tag k="admin_level" v="8"/>
    <tag k="boundary" v="administrative"/>
    <tag k="name" v="Saint-Rémy-de-Chaudes-Aigues"/>
    <tag k="ref:INSEE" v="15209"/>
    <tag k="type" v="boundary"/>
  </relation>
</osm>
