<?xml version="1.0" encoding="UTF-8"?>
<osm version="0.6" generator="OpenStreetMap server" copyright="OpenStreetMap and contributors" attribution="http://www.openstreetmap.org/copyright" license="http://opendatacommons.org/licenses/odbl/1-0/">
  <relation id="2079600" visible="true" timestamp="2012-03-12T10:02:56Z" version="1" changeset="10952841" user="Pinpin" uid="1685">
    <member type="way" ref="153975059" role=""/>
    <member type="way" ref="153975090" role=""/>
    <member type="way" ref="153975060" role=""/>
    <member type="way" ref="153975091" role=""/>
    <member type="way" ref="153959699" role=""/>
    <member type="way" ref="153959702" role=""/>
    <member type="way" ref="153580733" role=""/>
    <member type="way" ref="28985628" role=""/>
    <member type="way" ref="80755345" role=""/>
    <member type="way" ref="80755349" role=""/>
    <member type="way" ref="29461478" role=""/>
    <member type="way" ref="153996001" role=""/>
    <member type="way" ref="153978349" role=""/>
    <member type="way" ref="153978347" role=""/>
    <member type="way" ref="153975056" role=""/>
    <tag k="addr:postcode" v="11400"/>
    <tag k="admin_level" v="8"/>
    <tag k="boundary" v="administrative"/>
    <tag k="name" v="Mas Saintes-Puelles"/>
    <tag k="ref:INSEE" v="11225"/>
    <tag k="type" v="boundary"/>
  </relation>
</osm>
