<?xml version="1.0" encoding="UTF-8"?>
<osm version="0.6" generator="OpenStreetMap server" copyright="OpenStreetMap and contributors" attribution="http://www.openstreetmap.org/copyright" license="http://opendatacommons.org/licenses/odbl/1-0/">
  <relation id="2081200" visible="true" timestamp="2012-03-13T12:33:07Z" version="1" changeset="10966064" user="Pinpin" uid="1685">
    <member type="way" ref="154862433" role=""/>
    <member type="way" ref="154716997" role=""/>
    <member type="way" ref="154716927" role=""/>
    <member type="way" ref="154839723" role=""/>
    <member type="way" ref="81295955" role=""/>
    <member type="way" ref="81295958" role=""/>
    <member type="way" ref="81295969" role=""/>
    <member type="way" ref="97374033" role=""/>
    <member type="way" ref="154862485" role=""/>
    <member type="way" ref="154862486" role=""/>
    <member type="way" ref="154862429" role=""/>
    <tag k="addr:postcode" v="11410"/>
    <tag k="admin_level" v="8"/>
    <tag k="boundary" v="administrative"/>
    <tag k="name" v="Saint-Michel-de-Lanès"/>
    <tag k="ref:INSEE" v="11359"/>
    <tag k="type" v="boundary"/>
  </relation>
</osm>
