<?xml version="1.0" encoding="UTF-8"?>
<osm version="0.6" generator="OpenStreetMap server" copyright="OpenStreetMap and contributors" attribution="http://www.openstreetmap.org/copyright" license="http://opendatacommons.org/licenses/odbl/1-0/">
  <relation id="2084800" visible="true" timestamp="2012-03-15T23:10:01Z" version="1" changeset="10994027" user="didier2020" uid="300459">
    <member type="way" ref="148217130" role="outer"/>
    <member type="way" ref="155220887" role="outer"/>
    <member type="way" ref="155220886" role="outer"/>
    <member type="way" ref="151582209" role="outer"/>
    <member type="way" ref="155220220" role="outer"/>
    <member type="way" ref="155220218" role="outer"/>
    <tag k="admin_level" v="8"/>
    <tag k="boundary" v="administrative"/>
    <tag k="name" v="Meigneux"/>
    <tag k="ref:INSEE" v="80525"/>
    <tag k="type" v="boundary"/>
  </relation>
</osm>
