<?xml version="1.0" encoding="UTF-8"?>
<osm version="0.6" generator="OpenStreetMap server" copyright="OpenStreetMap and contributors" attribution="http://www.openstreetmap.org/copyright" license="http://opendatacommons.org/licenses/odbl/1-0/">
  <relation id="2092700" visible="true" timestamp="2012-03-20T22:04:59Z" version="1" changeset="11046342" user="Marcussacapuces91" uid="37548">
    <member type="way" ref="156096983" role=""/>
    <member type="way" ref="156096994" role=""/>
    <member type="way" ref="156096952" role=""/>
    <member type="way" ref="156096960" role=""/>
    <member type="way" ref="156096968" role=""/>
    <member type="way" ref="156096965" role=""/>
    <member type="node" ref="282748678" role="admin_centre"/>
    <tag k="addr:postcode" v="71530"/>
    <tag k="admin_level" v="8"/>
    <tag k="boundary" v="administrative"/>
    <tag k="name" v="La Loyère"/>
    <tag k="ref:INSEE" v="71265"/>
    <tag k="source:addr:postcode" v="source of postcode is from osm nodes"/>
    <tag k="source:ref:INSEE" v="source of ref is from osm nodes"/>
    <tag k="type" v="boundary"/>
  </relation>
</osm>
