<?xml version="1.0" encoding="UTF-8"?>
<osm version="0.6" generator="OpenStreetMap server" copyright="OpenStreetMap and contributors" attribution="http://www.openstreetmap.org/copyright" license="http://opendatacommons.org/licenses/odbl/1-0/">
  <relation id="2132500" visible="true" timestamp="2012-04-13T04:32:32Z" version="1" changeset="11283363" user="vincent_95" uid="49047">
    <member type="way" ref="118013034" role=""/>
    <member type="way" ref="118013039" role=""/>
    <member type="way" ref="118013035" role=""/>
    <member type="way" ref="159268920" role=""/>
    <member type="node" ref="1713680113" role="admin_centre"/>
    <tag k="addr:postcode" v="02350"/>
    <tag k="admin_level" v="8"/>
    <tag k="boundary" v="administrative"/>
    <tag k="name" v="Cuirieux"/>
    <tag k="population" v="167"/>
    <tag k="ref:INSEE" v="02248"/>
    <tag k="type" v="boundary"/>
  </relation>
</osm>
