<?xml version="1.0" encoding="UTF-8"?>
<osm version="0.6" generator="OpenStreetMap server" copyright="OpenStreetMap and contributors" attribution="http://www.openstreetmap.org/copyright" license="http://opendatacommons.org/licenses/odbl/1-0/">
  <relation id="2137300" visible="true" timestamp="2012-04-15T13:47:57Z" version="1" changeset="11310435" user="vincent_95" uid="49047">
    <member type="node" ref="1308196130" role="admin_centre"/>
    <member type="way" ref="159677703" role=""/>
    <member type="way" ref="159677702" role=""/>
    <member type="way" ref="159677711" role=""/>
    <member type="way" ref="159677705" role=""/>
    <tag k="addr:postcode" v="20212"/>
    <tag k="admin_level" v="8"/>
    <tag k="boundary" v="administrative"/>
    <tag k="name" v="Alando"/>
    <tag k="population" v="29"/>
    <tag k="ref:INSEE" v="2B005"/>
    <tag k="type" v="boundary"/>
  </relation>
</osm>
