<?xml version="1.0" encoding="UTF-8"?>
<osm version="0.6" generator="OpenStreetMap server" copyright="OpenStreetMap and contributors" attribution="http://www.openstreetmap.org/copyright" license="http://opendatacommons.org/licenses/odbl/1-0/">
  <relation id="2141600" visible="true" timestamp="2012-04-17T14:33:33Z" version="1" changeset="11332080" user="Eric V" uid="163480">
    <member type="way" ref="159984116" role="outer"/>
    <member type="way" ref="159981751" role="outer"/>
    <member type="node" ref="390056733" role="admin_centre"/>
    <tag k="admin_level" v="8"/>
    <tag k="boundary" v="administrative"/>
    <tag k="name" v="Lourdios-Ichère"/>
    <tag k="ref:INSEE" v="64351"/>
    <tag k="type" v="boundary"/>
  </relation>
</osm>
