<?xml version="1.0" encoding="UTF-8"?>
<osm version="0.6" generator="OpenStreetMap server" copyright="OpenStreetMap and contributors" attribution="http://www.openstreetmap.org/copyright" license="http://opendatacommons.org/licenses/odbl/1-0/">
  <relation id="2146400" visible="true" timestamp="2012-04-20T19:20:30Z" version="1" changeset="11367575" user="daop5510" uid="300696">
    <member type="way" ref="160403499" role="outer"/>
    <member type="way" ref="160267716" role="outer"/>
    <member type="way" ref="160273026" role="outer"/>
    <member type="way" ref="160273016" role="outer"/>
    <member type="way" ref="160322304" role="outer"/>
    <member type="way" ref="160322308" role="outer"/>
    <member type="way" ref="160403498" role="outer"/>
    <member type="node" ref="1419840010" role="admin_centre"/>
    <tag k="admin_level" v="8"/>
    <tag k="boundary" v="administrative"/>
    <tag k="name" v="Thevet-Saint-Julien"/>
    <tag k="postal_code" v="36400"/>
    <tag k="ref:INSEE" v="36221"/>
    <tag k="type" v="boundary"/>
  </relation>
</osm>
