<?xml version="1.0" encoding="UTF-8"?>
<osm version="0.6" generator="OpenStreetMap server" copyright="OpenStreetMap and contributors" attribution="http://www.openstreetmap.org/copyright" license="http://opendatacommons.org/licenses/odbl/1-0/">
  <relation id="2149600" visible="true" timestamp="2012-04-23T09:15:52Z" version="1" changeset="11392816" user="gottferdom" uid="200426">
    <member type="way" ref="92246056" role="outer"/>
    <member type="way" ref="93362967" role="outer"/>
    <member type="way" ref="93362972" role="outer"/>
    <member type="way" ref="87353558" role="outer"/>
    <member type="way" ref="32763526" role="outer"/>
    <member type="way" ref="47311122" role="outer"/>
    <member type="way" ref="58692748" role="outer"/>
    <member type="way" ref="41753480" role="outer"/>
    <member type="way" ref="87353559" role="outer"/>
    <member type="way" ref="70993164" role="outer"/>
    <member type="way" ref="70992024" role="outer"/>
    <member type="way" ref="70992018" role="outer"/>
    <member type="way" ref="92217710" role="outer"/>
    <member type="way" ref="92217713" role="outer"/>
    <member type="way" ref="92217709" role="outer"/>
    <member type="way" ref="82508149" role="outer"/>
    <member type="way" ref="55214209" role="outer"/>
    <member type="way" ref="55214211" role="outer"/>
    <member type="way" ref="55214205" role="outer"/>
    <member type="way" ref="92201095" role="outer"/>
    <member type="way" ref="92201094" role="outer"/>
    <member type="way" ref="32763908" role="outer"/>
    <member type="way" ref="32763907" role="outer"/>
    <member type="way" ref="38121633" role="outer"/>
    <member type="way" ref="38121632" role="outer"/>
    <member type="way" ref="40894335" role="outer"/>
    <member type="way" ref="40894337" role="outer"/>
    <member type="way" ref="92257818" role="outer"/>
    <member type="way" ref="92257777" role="outer"/>
    <member type="way" ref="92246054" role="outer"/>
    <member type="way" ref="92246059" role="outer"/>
    <tag k="boundary" v="local_authority"/>
    <tag k="local_authority:FR" v="CC"/>
    <tag k="name" v="Communauté de Communes des Vallées du Valbonnais"/>
    <tag k="type" v="boundary"/>
    <tag k="wikipedia" v="fr:Communauté de communes des Vallées du Valbonnais"/>
  </relation>
</osm>
