<?xml version="1.0" encoding="UTF-8"?>
<osm version="0.6" generator="OpenStreetMap server" copyright="OpenStreetMap and contributors" attribution="http://www.openstreetmap.org/copyright" license="http://opendatacommons.org/licenses/odbl/1-0/">
  <relation id="2151900" visible="true" timestamp="2012-04-24T11:47:47Z" version="1" changeset="11404323" user="gottferdom" uid="200426">
    <member type="way" ref="46650730" role="outer"/>
    <member type="way" ref="47289970" role="outer"/>
    <member type="way" ref="130906857" role="outer"/>
    <member type="way" ref="47289972" role="outer"/>
    <member type="way" ref="47297579" role="outer"/>
    <member type="way" ref="46712326" role="outer"/>
    <member type="way" ref="56064874" role="outer"/>
    <member type="way" ref="61328507" role="outer"/>
    <member type="way" ref="61328511" role="outer"/>
    <member type="way" ref="83178468" role="outer"/>
    <member type="way" ref="61328503" role="outer"/>
    <member type="way" ref="95417976" role="outer"/>
    <member type="way" ref="56065932" role="outer"/>
    <member type="way" ref="46711826" role="outer"/>
    <member type="way" ref="46656772" role="outer"/>
    <member type="way" ref="46656764" role="outer"/>
    <member type="way" ref="46656770" role="outer"/>
    <member type="way" ref="46711828" role="outer"/>
    <member type="way" ref="48541839" role="outer"/>
    <member type="way" ref="46656769" role="outer"/>
    <member type="way" ref="47297580" role="outer"/>
    <member type="way" ref="46650731" role="outer"/>
    <member type="way" ref="47289973" role="outer"/>
    <tag k="boundary" v="local_authority"/>
    <tag k="local_authority:FR" v="CC"/>
    <tag k="name" v="Communauté de Communes de la Vallée de l'Avance"/>
    <tag k="type" v="boundary"/>
    <tag k="website" v="http://www.valleedelavance.com/"/>
    <tag k="wikipedia" v="fr:Communauté de communes de la vallée de l'Avance"/>
  </relation>
</osm>
