<?xml version="1.0" encoding="UTF-8"?>
<osm version="0.6" generator="OpenStreetMap server" copyright="OpenStreetMap and contributors" attribution="http://www.openstreetmap.org/copyright" license="http://opendatacommons.org/licenses/odbl/1-0/">
  <relation id="2153000" visible="true" timestamp="2012-04-25T07:23:32Z" version="1" changeset="11411862" user="gottferdom" uid="200426">
    <member type="way" ref="27869893" role="outer"/>
    <member type="way" ref="34061643" role="outer"/>
    <member type="way" ref="34061644" role="outer"/>
    <member type="way" ref="34061645" role="outer"/>
    <member type="way" ref="34094187" role="outer"/>
    <member type="way" ref="34094188" role="outer"/>
    <member type="way" ref="34095015" role="outer"/>
    <member type="way" ref="34095957" role="outer"/>
    <member type="way" ref="68276099" role="outer"/>
    <member type="way" ref="29455443" role="outer"/>
    <member type="way" ref="29455448" role="outer"/>
    <member type="way" ref="29455436" role="outer"/>
    <member type="way" ref="28186316" role="outer"/>
    <member type="way" ref="27743742" role="outer"/>
    <member type="way" ref="27743749" role="outer"/>
    <member type="way" ref="31148545" role="outer"/>
    <member type="way" ref="31148543" role="outer"/>
    <member type="way" ref="31148544" role="outer"/>
    <member type="way" ref="31250792" role="outer"/>
    <member type="way" ref="31250793" role="outer"/>
    <member type="way" ref="31251197" role="outer"/>
    <member type="way" ref="31274834" role="outer"/>
    <member type="way" ref="31274833" role="outer"/>
    <member type="way" ref="31274912" role="outer"/>
    <member type="way" ref="31251011" role="outer"/>
    <member type="way" ref="31251015" role="outer"/>
    <member type="way" ref="31295410" role="outer"/>
    <member type="way" ref="31295570" role="outer"/>
    <member type="way" ref="31295572" role="outer"/>
    <member type="way" ref="31295575" role="outer"/>
    <member type="way" ref="31295574" role="outer"/>
    <member type="way" ref="31449413" role="outer"/>
    <member type="way" ref="31449420" role="outer"/>
    <member type="way" ref="27870089" role="outer"/>
    <member type="way" ref="27870088" role="outer"/>
    <member type="way" ref="27870092" role="outer"/>
    <member type="way" ref="31274910" role="outer"/>
    <member type="way" ref="31274911" role="outer"/>
    <member type="way" ref="27743752" role="outer"/>
    <member type="way" ref="27743751" role="outer"/>
    <tag k="boundary" v="local_authority"/>
    <tag k="local_authority:FR" v="CA"/>
    <tag k="name" v="Valence Agglo – Sud Rhône-Alpes"/>
    <tag k="type" v="boundary"/>
    <tag k="website" v="http://www.valence-major.fr/"/>
    <tag k="wikipedia" v="fr:Valence Agglo – Sud Rhône-Alpes"/>
  </relation>
</osm>
