<?xml version="1.0" encoding="UTF-8"?>
<osm version="0.6" generator="OpenStreetMap server" copyright="OpenStreetMap and contributors" attribution="http://www.openstreetmap.org/copyright" license="http://opendatacommons.org/licenses/odbl/1-0/">
  <relation id="2156700" visible="true" timestamp="2012-04-27T16:05:08Z" version="1" changeset="11433898" user="Otourly" uid="333873">
    <member type="way" ref="33635506" role=""/>
    <member type="way" ref="33635504" role=""/>
    <member type="way" ref="33450367" role=""/>
    <member type="way" ref="33450373" role=""/>
    <member type="way" ref="33083414" role=""/>
    <member type="way" ref="33450370" role=""/>
    <member type="way" ref="33450371" role=""/>
    <member type="way" ref="33450366" role=""/>
    <member type="way" ref="34062780" role=""/>
    <member type="way" ref="33452451" role=""/>
    <member type="way" ref="34062779" role=""/>
    <member type="way" ref="48592532" role=""/>
    <member type="way" ref="33488773" role=""/>
    <member type="way" ref="33489376" role=""/>
    <member type="way" ref="33757882" role=""/>
    <member type="way" ref="33507809" role=""/>
    <member type="way" ref="33633803" role=""/>
    <member type="way" ref="33507788" role=""/>
    <member type="way" ref="33631398" role=""/>
    <member type="way" ref="33631396" role=""/>
    <member type="way" ref="33631397" role=""/>
    <member type="way" ref="33633162" role=""/>
    <member type="way" ref="33635934" role=""/>
    <member type="way" ref="33635933" role=""/>
    <member type="way" ref="33444612" role=""/>
    <member type="way" ref="33634260" role=""/>
    <member type="way" ref="33635296" role=""/>
    <member type="way" ref="33636428" role=""/>
    <member type="way" ref="33636425" role=""/>
    <member type="way" ref="33516668" role=""/>
    <member type="way" ref="33999412" role=""/>
    <member type="way" ref="33999313" role=""/>
    <tag k="boundary" v="local_authority"/>
    <tag k="local_authority:FR" v="CA"/>
    <tag k="name" v="Communauté d'agglomération de Vichy Val d'Allier"/>
    <tag k="type" v="boundary"/>
    <tag k="wikipedia" v="fr:Communauté d'agglomération de Vichy Val d'Allier"/>
  </relation>
</osm>
