<?xml version="1.0" encoding="UTF-8"?>
<osm version="0.6" generator="OpenStreetMap server" copyright="OpenStreetMap and contributors" attribution="http://www.openstreetmap.org/copyright" license="http://opendatacommons.org/licenses/odbl/1-0/">
  <relation id="2168600" visible="true" timestamp="2012-05-03T08:28:09Z" version="1" changeset="11486616" user="gottferdom" uid="200426">
    <member type="way" ref="33606798" role="outer"/>
    <member type="way" ref="33606802" role="outer"/>
    <member type="way" ref="33623378" role="outer"/>
    <member type="way" ref="33629019" role="outer"/>
    <member type="way" ref="33623277" role="outer"/>
    <member type="way" ref="33623135" role="outer"/>
    <member type="way" ref="127347458" role="outer"/>
    <member type="way" ref="127347455" role="outer"/>
    <member type="way" ref="33623271" role="outer"/>
    <member type="way" ref="33625602" role="outer"/>
    <member type="way" ref="33605085" role="outer"/>
    <member type="way" ref="33604593" role="outer"/>
    <member type="way" ref="33589583" role="outer"/>
    <member type="way" ref="33604594" role="outer"/>
    <member type="way" ref="33604607" role="outer"/>
    <member type="way" ref="101780687" role="outer"/>
    <member type="way" ref="101780523" role="outer"/>
    <member type="way" ref="101781568" role="outer"/>
    <member type="way" ref="33605083" role="outer"/>
    <member type="way" ref="70998469" role="outer"/>
    <member type="way" ref="70998472" role="outer"/>
    <member type="way" ref="33778648" role="outer"/>
    <member type="way" ref="70998471" role="outer"/>
    <member type="way" ref="33626545" role="outer"/>
    <member type="way" ref="108323878" role="outer"/>
    <member type="way" ref="70955627" role="outer"/>
    <member type="way" ref="33626554" role="outer"/>
    <member type="way" ref="70955630" role="outer"/>
    <member type="way" ref="33606806" role="outer"/>
    <member type="way" ref="70971861" role="outer"/>
    <member type="way" ref="95285045" role="outer"/>
    <member type="way" ref="33606807" role="outer"/>
    <member type="way" ref="33606795" role="outer"/>
    <tag k="boundary" v="local_authority"/>
    <tag k="local_authority:FR" v="CC"/>
    <tag k="name" v="Communauté d'Agglomération du Puy-en-Velay"/>
    <tag k="type" v="boundary"/>
    <tag k="website" v="http://www.agglo-lepuyenvelay.fr/presentation/PRE_introduction.asp"/>
    <tag k="wikipedia" v="fr:Communauté d'agglomération du Puy-en-Velay"/>
  </relation>
</osm>
