<?xml version="1.0" encoding="UTF-8"?>
<osm version="0.6" generator="OpenStreetMap server" copyright="OpenStreetMap and contributors" attribution="http://www.openstreetmap.org/copyright" license="http://opendatacommons.org/licenses/odbl/1-0/">
  <relation id="2176600" visible="true" timestamp="2012-05-09T14:59:46Z" version="1" changeset="11550041" user="gottferdom" uid="200426">
    <member type="way" ref="34931217" role="outer"/>
    <member type="way" ref="34931380" role="outer"/>
    <member type="way" ref="34882923" role="outer"/>
    <member type="way" ref="34895071" role="outer"/>
    <member type="way" ref="34895070" role="outer"/>
    <member type="way" ref="34895069" role="outer"/>
    <member type="way" ref="34884346" role="outer"/>
    <member type="way" ref="34881129" role="outer"/>
    <member type="way" ref="138363128" role="outer"/>
    <member type="way" ref="138363963" role="outer"/>
    <member type="way" ref="34881131" role="outer"/>
    <member type="way" ref="34894940" role="outer"/>
    <member type="way" ref="34932378" role="outer"/>
    <member type="way" ref="34893636" role="outer"/>
    <member type="way" ref="33182401" role="outer"/>
    <member type="way" ref="34882810" role="outer"/>
    <member type="way" ref="34890580" role="outer"/>
    <member type="way" ref="34893634" role="outer"/>
    <member type="way" ref="34895085" role="outer"/>
    <member type="way" ref="34891927" role="outer"/>
    <member type="way" ref="34895086" role="outer"/>
    <member type="way" ref="34894799" role="outer"/>
    <member type="way" ref="34882244" role="outer"/>
    <member type="way" ref="34894796" role="outer"/>
    <member type="way" ref="34894797" role="outer"/>
    <member type="way" ref="34893370" role="outer"/>
    <member type="way" ref="34931212" role="outer"/>
    <member type="way" ref="34931224" role="outer"/>
    <member type="way" ref="34931225" role="outer"/>
    <member type="way" ref="34931207" role="outer"/>
    <member type="way" ref="34931220" role="outer"/>
    <tag k="boundary" v="local_authority"/>
    <tag k="local_authority:FR" v="CC"/>
    <tag k="name" v="Communauté de Communes du Pays de Mareuil-en-Périgord"/>
    <tag k="type" v="boundary"/>
    <tag k="wikipedia" v="fr:Communauté de communes du Pays de Mareuil-en-Périgord"/>
  </relation>
</osm>
