<?xml version="1.0" encoding="UTF-8"?>
<osm version="0.6" generator="OpenStreetMap server" copyright="OpenStreetMap and contributors" attribution="http://www.openstreetmap.org/copyright" license="http://opendatacommons.org/licenses/odbl/1-0/">
  <relation id="2191500" visible="true" timestamp="2012-05-20T09:23:18Z" version="1" changeset="11649440" user="Marcussacapuces91" uid="37548">
    <member type="way" ref="164297172" role=""/>
    <member type="way" ref="164297173" role=""/>
    <member type="way" ref="164297175" role=""/>
    <member type="way" ref="162280852" role=""/>
    <member type="way" ref="23636225" role=""/>
    <member type="way" ref="164297174" role=""/>
    <tag k="admin_level" v="10"/>
    <tag k="boundary" v="administrative"/>
    <tag k="name" v="Quartier de la Salpêtrière"/>
    <tag k="type" v="boundary"/>
  </relation>
</osm>
