<?xml version="1.0" encoding="UTF-8"?>
<osm version="0.6" generator="OpenStreetMap server" copyright="OpenStreetMap and contributors" attribution="http://www.openstreetmap.org/copyright" license="http://opendatacommons.org/licenses/odbl/1-0/">
  <relation id="2247000" visible="true" timestamp="2012-06-23T09:51:50Z" version="1" changeset="11987050" user="la colle" uid="530603">
    <member type="way" ref="168688417" role="outer"/>
    <member type="node" ref="285986254" role="admin_centre"/>
    <tag k="addr:postcode" v="47290"/>
    <tag k="admin_level" v="8"/>
    <tag k="boundary" v="administrative"/>
    <tag k="name" v="Monviel"/>
    <tag k="ref:INSEE" v="47192"/>
    <tag k="type" v="boundary"/>
  </relation>
</osm>
