<?xml version="1.0" encoding="UTF-8"?>
<osm version="0.6" generator="OpenStreetMap server" copyright="OpenStreetMap and contributors" attribution="http://www.openstreetmap.org/copyright" license="http://opendatacommons.org/licenses/odbl/1-0/">
  <relation id="2259400" visible="true" timestamp="2012-07-01T11:22:15Z" version="1" changeset="12074621" user="Iggy07" uid="524285">
    <member type="node" ref="1709293589" role="admin_centre"/>
    <member type="way" ref="169701127" role="outer"/>
    <member type="way" ref="82286633" role="outer"/>
    <member type="way" ref="169701129" role="outer"/>
    <member type="way" ref="169701126" role="outer"/>
    <member type="way" ref="169701125" role="outer"/>
    <tag k="addr:postcode" v="62810"/>
    <tag k="admin_level" v="8"/>
    <tag k="boundary" v="administrative"/>
    <tag k="name" v="Denier"/>
    <tag k="ref:INSEE" v="62266"/>
    <tag k="type" v="boundary"/>
  </relation>
</osm>
