<?xml version="1.0" encoding="UTF-8"?>
<osm version="0.6" generator="OpenStreetMap server" copyright="OpenStreetMap and contributors" attribution="http://www.openstreetmap.org/copyright" license="http://opendatacommons.org/licenses/odbl/1-0/">
  <relation id="2270000" visible="true" timestamp="2012-07-08T18:18:46Z" version="1" changeset="12153355" user="HelenePETIT" uid="211286">
    <member type="node" ref="1112036308" role="admin_centre"/>
    <member type="way" ref="170538144" role=""/>
    <member type="way" ref="170537775" role=""/>
    <member type="way" ref="170642355" role=""/>
    <member type="way" ref="170641333" role=""/>
    <tag k="admin_level" v="8"/>
    <tag k="boundary" v="administrative"/>
    <tag k="name" v="Ilheu"/>
    <tag k="ref:INSEE" v="65229"/>
    <tag k="source" v="cadastre-dgi-fr source : Direction Générale des Impôts - Cadastre. Mise à jour : 2012"/>
    <tag k="type" v="boundary"/>
  </relation>
</osm>
