<?xml version="1.0" encoding="UTF-8"?>
<osm version="0.6" generator="OpenStreetMap server" copyright="OpenStreetMap and contributors" attribution="http://www.openstreetmap.org/copyright" license="http://opendatacommons.org/licenses/odbl/1-0/">
  <relation id="2333300" visible="true" timestamp="2012-08-05T15:25:03Z" version="1" changeset="12621991" user="HelenePETIT" uid="211286">
    <member type="way" ref="156661338" role=""/>
    <member type="way" ref="174644282" role=""/>
    <member type="way" ref="49341442" role=""/>
    <member type="way" ref="156661339" role=""/>
    <member type="node" ref="535670831" role="admin_centre"/>
    <tag k="admin_level" v="8"/>
    <tag k="boundary" v="administrative"/>
    <tag k="name" v="Uz"/>
    <tag k="ref:INSEE" v="65458"/>
    <tag k="source" v="cadastre-dgi-fr source : Direction Générale des Impôts - Cadastre. Mise à jour : 2012"/>
    <tag k="type" v="boundary"/>
  </relation>
</osm>
