<?xml version="1.0" encoding="UTF-8"?>
<osm version="0.6" generator="OpenStreetMap server" copyright="OpenStreetMap and contributors" attribution="http://www.openstreetmap.org/copyright" license="http://opendatacommons.org/licenses/odbl/1-0/">
  <relation id="2349900" visible="true" timestamp="2012-08-14T07:38:33Z" version="1" changeset="12723371" user="Damouns" uid="13442">
    <member type="node" ref="412730403" role="admin_centre"/>
    <member type="way" ref="175967377" role="outer"/>
    <member type="way" ref="175884334" role="outer"/>
    <member type="way" ref="175884333" role="outer"/>
    <member type="way" ref="62124731" role="outer"/>
    <member type="way" ref="175967373" role="outer"/>
    <member type="way" ref="175967379" role="outer"/>
    <tag k="admin_level" v="8"/>
    <tag k="boundary" v="administrative"/>
    <tag k="name" v="Choilley-Dardenay"/>
    <tag k="ref:INSEE" v="52126"/>
    <tag k="type" v="boundary"/>
  </relation>
</osm>
