<?xml version="1.0" encoding="UTF-8"?>
<osm version="0.6" generator="OpenStreetMap server" copyright="OpenStreetMap and contributors" attribution="http://www.openstreetmap.org/copyright" license="http://opendatacommons.org/licenses/odbl/1-0/">
  <relation id="2370400" visible="true" timestamp="2012-08-23T15:57:34Z" version="1" changeset="12834601" user="HelenePETIT" uid="211286">
    <member type="way" ref="177516132" role=""/>
    <member type="way" ref="177526830" role=""/>
    <member type="way" ref="177526831" role=""/>
    <member type="way" ref="177153588" role=""/>
    <member type="way" ref="177180423" role=""/>
    <member type="node" ref="668214615" role="admin_centre"/>
    <tag k="admin_level" v="8"/>
    <tag k="boundary" v="administrative"/>
    <tag k="name" v="Escots"/>
    <tag k="ref:INSEE" v="65163"/>
    <tag k="source" v="cadastre-dgi-fr source : Direction Générale des Impôts - Cadastre. Mise à jour : 2012"/>
    <tag k="type" v="boundary"/>
  </relation>
</osm>
