<?xml version="1.0" encoding="UTF-8"?>
<osm version="0.6" generator="OpenStreetMap server" copyright="OpenStreetMap and contributors" attribution="http://www.openstreetmap.org/copyright" license="http://opendatacommons.org/licenses/odbl/1-0/">
  <relation id="2399800" visible="true" timestamp="2012-09-06T05:27:16Z" version="1" changeset="13005254" user="cq_bot" uid="541379">
    <member type="way" ref="179736731" role="outer"/>
    <member type="way" ref="179736730" role="outer"/>
    <member type="node" ref="273214260" role="admin_centre"/>
    <tag k="admin_level" v="8"/>
    <tag k="boundary" v="administrative"/>
    <tag k="name" v="Vézelay"/>
    <tag k="ref:INSEE" v="89446"/>
    <tag k="type" v="boundary"/>
    <tag k="wikipedia" v="fr:Vézelay"/>
  </relation>
</osm>
