<?xml version="1.0" encoding="UTF-8"?>
<osm version="0.6" generator="OpenStreetMap server" copyright="OpenStreetMap and contributors" attribution="http://www.openstreetmap.org/copyright" license="http://opendatacommons.org/licenses/odbl/1-0/">
  <relation id="2404400" visible="true" timestamp="2012-09-09T06:06:25Z" version="1" changeset="13040617" user="vincent_95" uid="49047">
    <member type="way" ref="180204333" role=""/>
    <member type="way" ref="180204335" role=""/>
    <member type="node" ref="1247756111" role="admin_centre"/>
    <tag k="addr:postcode" v="20151"/>
    <tag k="admin_level" v="8"/>
    <tag k="boundary" v="administrative"/>
    <tag k="name" v="Ambiegna"/>
    <tag k="population" v="60"/>
    <tag k="ref:INSEE" v="2A014"/>
    <tag k="type" v="boundary"/>
  </relation>
</osm>
