<?xml version="1.0" encoding="UTF-8"?>
<osm version="0.6" generator="OpenStreetMap server" copyright="OpenStreetMap and contributors" attribution="http://www.openstreetmap.org/copyright" license="http://opendatacommons.org/licenses/odbl/1-0/">
  <relation id="2411900" visible="true" timestamp="2012-09-12T21:17:07Z" version="1" changeset="13089319" user="SebM" uid="187694">
    <member type="way" ref="180752470" role="outer"/>
    <member type="way" ref="60774246" role="outer"/>
    <member type="way" ref="60793777" role="outer"/>
    <member type="way" ref="35578601" role="outer"/>
    <member type="way" ref="35565494" role="outer"/>
    <tag k="addr:postcode" v="02700"/>
    <tag k="admin_level" v="8"/>
    <tag k="boundary" v="administrative"/>
    <tag k="name" v="Mennessis"/>
    <tag k="ref:INSEE" v="02474"/>
    <tag k="source:addr:postcode" v="source of postcode is from osm nodes"/>
    <tag k="source:ref:INSEE" v="source of ref is from osm nodes"/>
    <tag k="type" v="boundary"/>
  </relation>
</osm>
