<?xml version="1.0" encoding="UTF-8"?>
<osm version="0.6" generator="OpenStreetMap server" copyright="OpenStreetMap and contributors" attribution="http://www.openstreetmap.org/copyright" license="http://opendatacommons.org/licenses/odbl/1-0/">
  <relation id="2416900" visible="true" timestamp="2012-09-15T13:36:11Z" version="1" changeset="13118020" user="cq_bot" uid="541379">
    <member type="way" ref="181087398" role="outer"/>
    <member type="way" ref="177205147" role="outer"/>
    <member type="way" ref="181087397" role="outer"/>
    <member type="way" ref="181087402" role="outer"/>
    <member type="way" ref="181087405" role="outer"/>
    <member type="way" ref="181087404" role="outer"/>
    <member type="node" ref="256581143" role="admin_centre"/>
    <tag k="admin_level" v="8"/>
    <tag k="boundary" v="administrative"/>
    <tag k="name" v="Burthecourt-aux-Chênes"/>
    <tag k="ref:INSEE" v="54108"/>
    <tag k="type" v="boundary"/>
    <tag k="wikipedia" v="fr:Burthecourt-aux-Chênes"/>
  </relation>
</osm>
