<?xml version="1.0" encoding="UTF-8"?>
<osm version="0.6" generator="OpenStreetMap server" copyright="OpenStreetMap and contributors" attribution="http://www.openstreetmap.org/copyright" license="http://opendatacommons.org/licenses/odbl/1-0/">
  <relation id="2460400" visible="true" timestamp="2012-10-08T08:23:09Z" version="1" changeset="13409095" user="HelenePETIT" uid="211286">
    <member type="way" ref="184718118" role=""/>
    <member type="way" ref="184718119" role=""/>
    <member type="way" ref="184718117" role=""/>
    <member type="node" ref="324073455" role="admin_centre"/>
    <tag k="admin_level" v="8"/>
    <tag k="boundary" v="administrative"/>
    <tag k="name" v="Oléac-Dessus"/>
    <tag k="ref:INSEE" v="65333"/>
    <tag k="source" v="cadastre-dgi-fr source : Direction Générale des Impôts - Cadastre. Mise à jour : 2012"/>
    <tag k="type" v="boundary"/>
  </relation>
</osm>
