<?xml version="1.0" encoding="UTF-8"?>
<osm version="0.6" generator="OpenStreetMap server" copyright="OpenStreetMap and contributors" attribution="http://www.openstreetmap.org/copyright" license="http://opendatacommons.org/licenses/odbl/1-0/">
  <relation id="2477900" visible="true" timestamp="2012-10-13T18:01:20Z" version="1" changeset="13481341" user="Eric V" uid="163480">
    <member type="way" ref="185639281" role="outer"/>
    <member type="way" ref="185641287" role="outer"/>
    <member type="way" ref="37335194" role="outer"/>
    <member type="way" ref="166837111" role="outer"/>
    <member type="way" ref="166142767" role="outer"/>
    <member type="way" ref="185658399" role="outer"/>
    <member type="way" ref="185647665" role="outer"/>
    <member type="node" ref="391020554" role="admin_centre"/>
    <tag k="admin_level" v="8"/>
    <tag k="boundary" v="administrative"/>
    <tag k="name" v="Bordes"/>
    <tag k="ref:INSEE" v="64138"/>
    <tag k="type" v="boundary"/>
  </relation>
</osm>
