<?xml version="1.0" encoding="UTF-8"?>
<osm version="0.6" generator="OpenStreetMap server" copyright="OpenStreetMap and contributors" attribution="http://www.openstreetmap.org/copyright" license="http://opendatacommons.org/licenses/odbl/1-0/">
  <relation id="2506300" visible="true" timestamp="2012-10-17T16:29:43Z" version="1" changeset="13533396" user="Eric V" uid="163480">
    <member type="way" ref="186337973" role="outer"/>
    <member type="way" ref="186337972" role="outer"/>
    <member type="way" ref="186335034" role="outer"/>
    <member type="way" ref="186332041" role="outer"/>
    <member type="way" ref="186332042" role="outer"/>
    <member type="way" ref="186171686" role="outer"/>
    <member type="node" ref="1825271696" role="admin_centre"/>
    <tag k="admin_level" v="8"/>
    <tag k="boundary" v="administrative"/>
    <tag k="name" v="Beuste"/>
    <tag k="ref:INSEE" v="64119"/>
    <tag k="type" v="boundary"/>
  </relation>
</osm>
