<?xml version="1.0" encoding="UTF-8"?>
<osm version="0.6" generator="OpenStreetMap server" copyright="OpenStreetMap and contributors" attribution="http://www.openstreetmap.org/copyright" license="http://opendatacommons.org/licenses/odbl/1-0/">
  <relation id="2538800" visible="true" timestamp="2012-10-30T12:02:10Z" version="1" changeset="13685732" user="HelenePETIT" uid="211286">
    <member type="way" ref="188330783" role="outer"/>
    <member type="way" ref="188312885" role="outer"/>
    <member type="way" ref="188330787" role="outer"/>
    <member type="node" ref="1361030159" role="admin_centre"/>
    <tag k="admin_level" v="8"/>
    <tag k="boundary" v="administrative"/>
    <tag k="name" v="Sentous"/>
    <tag k="ref:INSEE" v="65419"/>
    <tag k="source" v="cadastre-dgi-fr source : Direction Générale des Impôts - Cadastre. Mise à jour : 2012"/>
    <tag k="type" v="boundary"/>
  </relation>
</osm>
