<?xml version="1.0" encoding="UTF-8"?>
<osm version="0.6" generator="OpenStreetMap server" copyright="OpenStreetMap and contributors" attribution="http://www.openstreetmap.org/copyright" license="http://opendatacommons.org/licenses/odbl/1-0/">
  <relation id="2553300" visible="true" timestamp="2012-11-04T16:57:44Z" version="1" changeset="13747561" user="Eric V" uid="163480">
    <member type="way" ref="136083382" role="outer"/>
    <member type="way" ref="189058097" role="outer"/>
    <member type="way" ref="189058096" role="outer"/>
    <member type="way" ref="189058098" role="outer"/>
    <member type="way" ref="189060708" role="outer"/>
    <member type="way" ref="189060709" role="outer"/>
    <member type="way" ref="189062295" role="outer"/>
    <member type="way" ref="136084742" role="outer"/>
    <member type="node" ref="1997281969" role="admin_centre"/>
    <tag k="admin_level" v="8"/>
    <tag k="boundary" v="administrative"/>
    <tag k="name" v="Tamniès"/>
    <tag k="ref:INSEE" v="24544"/>
    <tag k="type" v="boundary"/>
  </relation>
</osm>
