<?xml version="1.0" encoding="UTF-8"?>
<osm version="0.6" generator="OpenStreetMap server" copyright="OpenStreetMap and contributors" attribution="http://www.openstreetmap.org/copyright" license="http://opendatacommons.org/licenses/odbl/1-0/">
  <relation id="2575600" visible="true" timestamp="2012-11-15T11:15:19Z" version="1" changeset="13881773" user="Master SIG Saint-Étienne 2013" uid="996402">
    <member type="way" ref="190747797" role="outer"/>
    <member type="way" ref="190747800" role="outer"/>
    <member type="way" ref="190777293" role="outer"/>
    <member type="way" ref="190746465" role="outer"/>
    <member type="way" ref="190746470" role="outer"/>
    <member type="way" ref="190771651" role="outer"/>
    <member type="way" ref="190658380" role="outer"/>
    <member type="way" ref="190658361" role="outer"/>
    <member type="way" ref="190747807" role="outer"/>
    <member type="way" ref="190747832" role="outer"/>
    <tag k="addr:postcode" v="07600"/>
    <tag k="admin_level" v="8"/>
    <tag k="boundary" v="administrative"/>
    <tag k="name" v="Labastide-sur-Bésorgues"/>
    <tag k="ref:INSEE" v="07112"/>
    <tag k="type" v="boundary"/>
  </relation>
</osm>
