<?xml version="1.0" encoding="UTF-8"?>
<osm version="0.6" generator="OpenStreetMap server" copyright="OpenStreetMap and contributors" attribution="http://www.openstreetmap.org/copyright" license="http://opendatacommons.org/licenses/odbl/1-0/">
  <relation id="2591000" visible="true" timestamp="2012-11-23T12:49:09Z" version="1" changeset="13998358" user="Pinpin" uid="1685">
    <member type="node" ref="244882584" role="admin_centre"/>
    <member type="way" ref="192239133" role="outer"/>
    <member type="way" ref="192239134" role="outer"/>
    <member type="way" ref="192220226" role="outer"/>
    <member type="way" ref="192220219" role="outer"/>
    <tag k="addr:postcode" v="11500"/>
    <tag k="admin_level" v="8"/>
    <tag k="boundary" v="administrative"/>
    <tag k="name" v="Saint-Julia-de-Bec"/>
    <tag k="population" v="100"/>
    <tag k="ref:INSEE" v="11347"/>
    <tag k="ref:SIREN" v="211103478"/>
    <tag k="type" v="boundary"/>
  </relation>
</osm>
