<?xml version="1.0" encoding="UTF-8"?>
<osm version="0.6" generator="OpenStreetMap server" copyright="OpenStreetMap and contributors" attribution="http://www.openstreetmap.org/copyright" license="http://opendatacommons.org/licenses/odbl/1-0/">
  <relation id="2600000" visible="true" timestamp="2012-11-27T09:31:49Z" version="1" changeset="14056406" user="Simon M" uid="517839">
    <member type="node" ref="1706129322" role="admin_centre"/>
    <member type="way" ref="193079476" role="outer"/>
    <member type="way" ref="193079475" role="outer"/>
    <member type="way" ref="193079477" role="outer"/>
    <member type="way" ref="193079474" role="outer"/>
    <tag k="addr:postcode" v="51290"/>
    <tag k="admin_level" v="8"/>
    <tag k="boundary" v="administrative"/>
    <tag k="name" v="Lignon"/>
    <tag k="population" v="98"/>
    <tag k="ref:INSEE" v="51322"/>
    <tag k="type" v="boundary"/>
    <tag k="wikipedia" v="fr:Lignon_(Marne)"/>
  </relation>
</osm>
