<?xml version="1.0" encoding="UTF-8"?>
<osm version="0.6" generator="OpenStreetMap server" copyright="OpenStreetMap and contributors" attribution="http://www.openstreetmap.org/copyright" license="http://opendatacommons.org/licenses/odbl/1-0/">
  <relation id="2615800" visible="true" timestamp="2012-12-03T15:52:26Z" version="1" changeset="14140266" user="Pinpin" uid="1685">
    <member type="node" ref="1691914324" role="admin_centre"/>
    <member type="way" ref="194295806" role="outer"/>
    <member type="way" ref="194295809" role="outer"/>
    <member type="way" ref="194295797" role="outer"/>
    <member type="way" ref="184741919" role="outer"/>
    <member type="way" ref="194291109" role="outer"/>
    <tag k="addr:postcode" v="11220"/>
    <tag k="admin_level" v="8"/>
    <tag k="boundary" v="administrative"/>
    <tag k="name" v="Villetritouls"/>
    <tag k="population" v="100"/>
    <tag k="ref:INSEE" v="11440"/>
    <tag k="type" v="boundary"/>
  </relation>
</osm>
