<?xml version="1.0" encoding="UTF-8"?>
<osm version="0.6" generator="OpenStreetMap server" copyright="OpenStreetMap and contributors" attribution="http://www.openstreetmap.org/copyright" license="http://opendatacommons.org/licenses/odbl/1-0/">
  <relation id="2618800" visible="true" timestamp="2012-12-04T22:45:47Z" version="1" changeset="14157996" user="papyrus048_Intégration_cadastre" uid="1009027">
    <member type="node" ref="1706129253" role="admin_centre"/>
    <member type="way" ref="194548673" role="outer"/>
    <member type="way" ref="194554544" role="outer"/>
    <member type="way" ref="194554545" role="outer"/>
    <member type="way" ref="194552712" role="outer"/>
    <member type="way" ref="194538176" role="outer"/>
    <member type="way" ref="194210662" role="outer"/>
    <member type="way" ref="194541118" role="outer"/>
    <member type="way" ref="194543673" role="outer"/>
    <tag k="addr:postcode" v="51300"/>
    <tag k="admin_level" v="8"/>
    <tag k="boundary" v="administrative"/>
    <tag k="name" v="Favresse"/>
    <tag k="population" v="179"/>
    <tag k="ref:INSEE" v="51246"/>
    <tag k="type" v="boundary"/>
    <tag k="wikipedia" v="fr:Favresse"/>
  </relation>
</osm>
