<?xml version="1.0" encoding="UTF-8"?>
<osm version="0.6" generator="OpenStreetMap server" copyright="OpenStreetMap and contributors" attribution="http://www.openstreetmap.org/copyright" license="http://opendatacommons.org/licenses/odbl/1-0/">
  <relation id="2630700" visible="true" timestamp="2012-12-10T05:46:40Z" version="1" changeset="14221989" user="vincent_95" uid="49047">
    <member type="way" ref="195513633" role=""/>
    <member type="way" ref="195513634" role=""/>
    <member type="node" ref="1376628846" role="admin_centre"/>
    <tag k="admin_level" v="8"/>
    <tag k="boundary" v="administrative"/>
    <tag k="name" v="Berzieux"/>
    <tag k="population" v="76"/>
    <tag k="ref:INSEE" v="51053"/>
    <tag k="type" v="boundary"/>
  </relation>
</osm>
