<?xml version="1.0" encoding="UTF-8"?>
<osm version="0.6" generator="OpenStreetMap server" copyright="OpenStreetMap and contributors" attribution="http://www.openstreetmap.org/copyright" license="http://opendatacommons.org/licenses/odbl/1-0/">
  <relation id="2661500" visible="true" timestamp="2012-12-26T15:17:22Z" version="1" changeset="14413652" user="vincent_95" uid="49047">
    <member type="way" ref="198171383" role=""/>
    <member type="way" ref="191816558" role=""/>
    <member type="way" ref="190670749" role=""/>
    <member type="way" ref="169724863" role=""/>
    <member type="way" ref="169724864" role=""/>
    <member type="way" ref="198171375" role=""/>
    <member type="node" ref="280025287" role="admin_centre"/>
    <tag k="addr:postcode" v="51170"/>
    <tag k="admin_level" v="8"/>
    <tag k="boundary" v="administrative"/>
    <tag k="name" v="Poilly"/>
    <tag k="population" v="92"/>
    <tag k="ref:INSEE" v="51437"/>
    <tag k="type" v="boundary"/>
  </relation>
</osm>
