<?xml version="1.0" encoding="UTF-8"?>
<osm version="0.6" generator="OpenStreetMap server" copyright="OpenStreetMap and contributors" attribution="http://www.openstreetmap.org/copyright" license="http://opendatacommons.org/licenses/odbl/1-0/">
  <relation id="2707500" visible="true" timestamp="2013-01-17T08:56:36Z" version="1" changeset="14681325" user="gottferdom" uid="200426">
    <member type="way" ref="83101718" role="outer"/>
    <member type="way" ref="153095212" role="outer"/>
    <member type="way" ref="36769347" role="outer"/>
    <member type="way" ref="35938223" role="outer"/>
    <member type="way" ref="35938232" role="outer"/>
    <member type="way" ref="133667976" role="outer"/>
    <member type="way" ref="61042613" role="outer"/>
    <member type="way" ref="133786166" role="outer"/>
    <member type="way" ref="35589041" role="outer"/>
    <member type="way" ref="133782926" role="outer"/>
    <member type="way" ref="61042612" role="outer"/>
    <member type="way" ref="176436455" role="outer"/>
    <member type="way" ref="134702899" role="outer"/>
    <member type="way" ref="109231557" role="outer"/>
    <member type="way" ref="109231564" role="outer"/>
    <member type="way" ref="36772199" role="outer"/>
    <member type="way" ref="109231556" role="outer"/>
    <member type="way" ref="71405459" role="outer"/>
    <member type="way" ref="71417505" role="outer"/>
    <member type="way" ref="94915077" role="outer"/>
    <member type="way" ref="71417521" role="outer"/>
    <member type="way" ref="71418331" role="outer"/>
    <member type="way" ref="71418351" role="outer"/>
    <member type="way" ref="71133556" role="outer"/>
    <member type="way" ref="71133345" role="outer"/>
    <member type="way" ref="71133516" role="outer"/>
    <tag k="boundary" v="local_authority"/>
    <tag k="local_authority:FR" v="CC"/>
    <tag k="name" v="Communauté de Communes des Portes du Morvan"/>
    <tag k="type" v="boundary"/>
    <tag k="website" v="http://www.morvan-des-lacs.com/"/>
    <tag k="wikipedia" v="fr:Communauté de communes des Portes du Morvan"/>
  </relation>
</osm>
