<?xml version="1.0" encoding="UTF-8"?>
<osm version="0.6" generator="OpenStreetMap server" copyright="OpenStreetMap and contributors" attribution="http://www.openstreetmap.org/copyright" license="http://opendatacommons.org/licenses/odbl/1-0/">
  <relation id="2721800" visible="true" timestamp="2013-01-25T13:21:23Z" version="1" changeset="14780620" user="gottferdom" uid="200426">
    <member type="way" ref="93325412" role="outer"/>
    <member type="way" ref="95662474" role="outer"/>
    <member type="way" ref="95656116" role="outer"/>
    <member type="way" ref="95662492" role="outer"/>
    <member type="way" ref="95662496" role="outer"/>
    <member type="way" ref="144985786" role="outer"/>
    <member type="way" ref="95662497" role="outer"/>
    <member type="way" ref="95662486" role="outer"/>
    <member type="way" ref="95662484" role="outer"/>
    <member type="way" ref="95699726" role="outer"/>
    <member type="way" ref="95699745" role="outer"/>
    <member type="way" ref="95699755" role="outer"/>
    <member type="way" ref="95699736" role="outer"/>
    <member type="way" ref="95699732" role="outer"/>
    <member type="way" ref="95838903" role="outer"/>
    <member type="way" ref="96261656" role="outer"/>
    <member type="way" ref="96261657" role="outer"/>
    <member type="way" ref="144893030" role="outer"/>
    <member type="way" ref="144985789" role="outer"/>
    <member type="way" ref="144985788" role="outer"/>
    <member type="way" ref="147707576" role="outer"/>
    <member type="way" ref="147740934" role="outer"/>
    <member type="way" ref="147740927" role="outer"/>
    <member type="way" ref="147707577" role="outer"/>
    <member type="way" ref="147144589" role="outer"/>
    <member type="way" ref="147144587" role="outer"/>
    <member type="way" ref="147144585" role="outer"/>
    <member type="way" ref="147135397" role="outer"/>
    <member type="way" ref="144397719" role="outer"/>
    <member type="way" ref="144397725" role="outer"/>
    <member type="way" ref="144397721" role="outer"/>
    <member type="way" ref="147123394" role="outer"/>
    <member type="way" ref="144422271" role="outer"/>
    <member type="way" ref="147740932" role="outer"/>
    <member type="way" ref="147740936" role="outer"/>
    <member type="way" ref="144435709" role="outer"/>
    <member type="way" ref="144435707" role="outer"/>
    <member type="way" ref="144435704" role="outer"/>
    <member type="way" ref="144435705" role="outer"/>
    <member type="way" ref="144435708" role="outer"/>
    <member type="way" ref="154985737" role="outer"/>
    <member type="way" ref="144823662" role="outer"/>
    <member type="way" ref="154985736" role="outer"/>
    <member type="way" ref="155007969" role="outer"/>
    <member type="way" ref="96310097" role="outer"/>
    <member type="way" ref="96310102" role="outer"/>
    <member type="way" ref="144449874" role="outer"/>
    <member type="way" ref="96310086" role="outer"/>
    <member type="way" ref="96310103" role="outer"/>
    <member type="way" ref="144449872" role="outer"/>
    <member type="way" ref="96310094" role="outer"/>
    <member type="way" ref="96310082" role="outer"/>
    <member type="way" ref="96274982" role="outer"/>
    <member type="way" ref="96274966" role="outer"/>
    <member type="way" ref="96274985" role="outer"/>
    <member type="way" ref="96274967" role="outer"/>
    <member type="way" ref="96274970" role="outer"/>
    <member type="way" ref="93232129" role="outer"/>
    <member type="way" ref="96274954" role="outer"/>
    <member type="node" ref="617570780" role="admin_centre"/>
    <tag k="alt_name" v="Communauté de Communes du Bas-Couserans"/>
    <tag k="boundary" v="local_authority"/>
    <tag k="local_authority:FR" v="CC"/>
    <tag k="name" v="Bas-Couserans"/>
    <tag k="ref:INSEE" v="240900480"/>
    <tag k="type" v="boundary"/>
    <tag k="website" v="http://www.bas-couserans.fr/"/>
    <tag k="wikipedia" v="fr:Communauté de communes du Bas-Couserans"/>
  </relation>
</osm>
