<?xml version="1.0" encoding="UTF-8"?>
<osm version="0.6" generator="OpenStreetMap server" copyright="OpenStreetMap and contributors" attribution="http://www.openstreetmap.org/copyright" license="http://opendatacommons.org/licenses/odbl/1-0/">
  <relation id="272400" visible="true" timestamp="2009-09-24T23:15:55Z" version="1" changeset="2610673" user="ZeroG" uid="133285">
    <member type="way" ref="41440312" role=""/>
    <member type="way" ref="41440305" role=""/>
    <member type="way" ref="41440250" role=""/>
    <member type="way" ref="41440310" role=""/>
    <member type="way" ref="41440244" role=""/>
    <member type="way" ref="41440286" role=""/>
    <member type="way" ref="41440313" role=""/>
    <tag k="admin_level" v="8"/>
    <tag k="boundary" v="administrative"/>
    <tag k="name" v="Les Ulmes"/>
    <tag k="type" v="boundary"/>
  </relation>
</osm>
