<?xml version="1.0" encoding="UTF-8"?>
<osm version="0.6" generator="OpenStreetMap server" copyright="OpenStreetMap and contributors" attribution="http://www.openstreetmap.org/copyright" license="http://opendatacommons.org/licenses/odbl/1-0/">
  <relation id="272700" visible="true" timestamp="2009-09-25T09:37:39Z" version="1" changeset="2614846" user="RatZillaS" uid="24207">
    <member type="way" ref="41450517" role=""/>
    <tag k="admin_level" v="8"/>
    <tag k="boundary" v="administrative"/>
    <tag k="name" v="Baie-Mahaut"/>
    <tag k="name:gcf" v="Bémao"/>
    <tag k="source" v="cadastre-dgi-fr source : Direction Générale des Impôts - Cadastre ; mise à jour : 2008"/>
  </relation>
</osm>
