<?xml version="1.0" encoding="UTF-8"?>
<osm version="0.6" generator="OpenStreetMap server" copyright="OpenStreetMap and contributors" attribution="http://www.openstreetmap.org/copyright" license="http://opendatacommons.org/licenses/odbl/1-0/">
  <relation id="274200" visible="true" timestamp="2009-09-27T12:42:29Z" version="1" changeset="2651616" user="Vilain Mamuth" uid="24933">
    <member type="way" ref="41581834" role=""/>
    <member type="way" ref="41581828" role=""/>
    <tag k="admin_level" v="8"/>
    <tag k="boundary" v="administrative"/>
    <tag k="name" v="Janville"/>
    <tag k="type" v="boundary"/>
  </relation>
</osm>
