<?xml version="1.0" encoding="UTF-8"?>
<osm version="0.6" generator="OpenStreetMap server" copyright="OpenStreetMap and contributors" attribution="http://www.openstreetmap.org/copyright" license="http://opendatacommons.org/licenses/odbl/1-0/">
  <relation id="274300" visible="true" timestamp="2009-09-27T16:08:47Z" version="1" changeset="2653933" user="D Dellier" uid="28311">
    <member type="way" ref="41593828" role=""/>
    <member type="way" ref="41396208" role=""/>
    <member type="way" ref="41593825" role=""/>
    <member type="way" ref="41396200" role=""/>
    <member type="way" ref="41351067" role=""/>
    <member type="way" ref="41593826" role=""/>
    <member type="way" ref="41593827" role=""/>
    <tag k="admin_level" v="8"/>
    <tag k="boundary" v="administrative"/>
    <tag k="name" v="Le Plessis-l'Échelle"/>
    <tag k="type" v="boundary"/>
  </relation>
</osm>
