<?xml version="1.0" encoding="UTF-8"?>
<osm version="0.6" generator="OpenStreetMap server" copyright="OpenStreetMap and contributors" attribution="http://www.openstreetmap.org/copyright" license="http://opendatacommons.org/licenses/odbl/1-0/">
  <relation id="2755000" visible="true" timestamp="2013-02-12T14:23:24Z" version="1" changeset="15007102" user="Pinpin" uid="1685">
    <member type="node" ref="244882454" role="admin_centre"/>
    <member type="way" ref="205215074" role="outer"/>
    <member type="way" ref="205204087" role="outer"/>
    <member type="way" ref="205204090" role="outer"/>
    <member type="way" ref="205209173" role="outer"/>
    <member type="way" ref="205215076" role="outer"/>
    <member type="way" ref="205215065" role="outer"/>
    <member type="way" ref="205215061" role="outer"/>
    <tag k="addr:postcode" v="11330"/>
    <tag k="admin_level" v="8"/>
    <tag k="boundary" v="administrative"/>
    <tag k="name" v="Lanet"/>
    <tag k="population" v="100"/>
    <tag k="ref:INSEE" v="11187"/>
    <tag k="ref:SIREN" v="211101878"/>
    <tag k="type" v="boundary"/>
  </relation>
</osm>
