<?xml version="1.0" encoding="UTF-8"?>
<osm version="0.6" generator="OpenStreetMap server" copyright="OpenStreetMap and contributors" attribution="http://www.openstreetmap.org/copyright" license="http://opendatacommons.org/licenses/odbl/1-0/">
  <relation id="2756700" visible="true" timestamp="2013-02-13T06:09:11Z" version="1" changeset="15014251" user="vincent_95" uid="49047">
    <member type="way" ref="205305359" role=""/>
    <member type="way" ref="205305358" role=""/>
    <member type="node" ref="1706129307" role="admin_centre"/>
    <tag k="admin_level" v="8"/>
    <tag k="boundary" v="administrative"/>
    <tag k="name" v="Lenharrée"/>
    <tag k="population" v="105"/>
    <tag k="ref:INSEE" v="51319"/>
    <tag k="type" v="boundary"/>
  </relation>
</osm>
