<?xml version="1.0" encoding="UTF-8"?>
<osm version="0.6" generator="OpenStreetMap server" copyright="OpenStreetMap and contributors" attribution="http://www.openstreetmap.org/copyright" license="http://opendatacommons.org/licenses/odbl/1-0/">
  <relation id="2757200" visible="true" timestamp="2013-02-13T13:49:21Z" version="1" changeset="15018302" user="Pinpin" uid="1685">
    <member type="node" ref="244882640" role="admin_centre"/>
    <member type="way" ref="205230149" role="outer"/>
    <member type="way" ref="205345901" role="outer"/>
    <member type="way" ref="163709082" role="outer"/>
    <member type="way" ref="165396695" role="outer"/>
    <member type="way" ref="205230153" role="outer"/>
    <tag k="addr:postcode" v="11580"/>
    <tag k="admin_level" v="8"/>
    <tag k="boundary" v="administrative"/>
    <tag k="name" v="Villardebelle"/>
    <tag k="population" v="100"/>
    <tag k="ref:INSEE" v="11412"/>
    <tag k="ref:SIREN" v="211104120"/>
    <tag k="type" v="boundary"/>
  </relation>
</osm>
