<?xml version="1.0" encoding="UTF-8"?>
<osm version="0.6" generator="OpenStreetMap server" copyright="OpenStreetMap and contributors" attribution="http://www.openstreetmap.org/copyright" license="http://opendatacommons.org/licenses/odbl/1-0/">
  <relation id="276400" visible="true" timestamp="2009-09-30T13:04:06Z" version="1" changeset="2687587" user="xschaeffer" uid="89861">
    <member type="way" ref="41757450" role=""/>
    <member type="way" ref="41757453" role=""/>
    <tag k="admin_level" v="8"/>
    <tag k="boundary" v="administrative"/>
    <tag k="name" v="Viols-le-Fort"/>
    <tag k="type" v="boundary"/>
  </relation>
</osm>
