<?xml version="1.0" encoding="UTF-8"?>
<osm version="0.6" generator="OpenStreetMap server" copyright="OpenStreetMap and contributors" attribution="http://www.openstreetmap.org/copyright" license="http://opendatacommons.org/licenses/odbl/1-0/">
  <relation id="2773200" visible="true" timestamp="2013-02-20T09:18:35Z" version="1" changeset="15097446" user="windu2b" uid="11068">
    <member type="way" ref="71409432" role="outer"/>
    <member type="way" ref="206350726" role="outer"/>
    <member type="way" ref="206350734" role="outer"/>
    <member type="way" ref="74497881" role="outer"/>
    <member type="node" ref="1708081595" role="admin_centre"/>
    <tag k="admin_level" v="8"/>
    <tag k="boundary" v="administrative"/>
    <tag k="name" v="Pigna"/>
    <tag k="ref:INSEE" v="2B231"/>
    <tag k="type" v="boundary"/>
  </relation>
</osm>
