<?xml version="1.0" encoding="UTF-8"?>
<osm version="0.6" generator="OpenStreetMap server" copyright="OpenStreetMap and contributors" attribution="http://www.openstreetmap.org/copyright" license="http://opendatacommons.org/licenses/odbl/1-0/">
  <relation id="2773000" visible="true" timestamp="2013-02-20T00:50:40Z" version="1" changeset="15096323" user="windu2b" uid="11068">
    <member type="way" ref="206342024" role="outer"/>
    <member type="way" ref="206342030" role="outer"/>
    <member type="way" ref="206342036" role="outer"/>
    <member type="way" ref="206342040" role="outer"/>
    <member type="node" ref="255273861" role="admin_centre"/>
    <tag k="addr:postcode" v="54115"/>
    <tag k="admin_level" v="8"/>
    <tag k="boundary" v="administrative"/>
    <tag k="name" v="Battigny"/>
    <tag k="ref:INSEE" v="54052"/>
    <tag k="type" v="boundary"/>
  </relation>
</osm>
