<?xml version="1.0" encoding="UTF-8"?>
<osm version="0.6" generator="OpenStreetMap server" copyright="OpenStreetMap and contributors" attribution="http://www.openstreetmap.org/copyright" license="http://opendatacommons.org/licenses/odbl/1-0/">
  <relation id="278900" visible="true" timestamp="2009-10-03T07:53:04Z" version="1" changeset="2719896" user="D Dellier" uid="28311">
    <member type="way" ref="41892547" role=""/>
    <member type="way" ref="41892549" role=""/>
    <member type="way" ref="41892548" role=""/>
    <member type="way" ref="41892575" role=""/>
    <tag k="admin_level" v="8"/>
    <tag k="boundary" v="administrative"/>
    <tag k="name" v="Saint-Marc-du-Cor"/>
    <tag k="type" v="boundary"/>
  </relation>
</osm>
