<?xml version="1.0" encoding="UTF-8"?>
<osm version="0.6" generator="OpenStreetMap server" copyright="OpenStreetMap and contributors" attribution="http://www.openstreetmap.org/copyright" license="http://opendatacommons.org/licenses/odbl/1-0/">
  <relation id="279200" visible="true" timestamp="2009-10-03T14:30:04Z" version="1" changeset="2723838" user="Mawie" uid="150619">
    <member type="way" ref="41910444" role=""/>
    <member type="way" ref="41417080" role=""/>
    <member type="way" ref="41910450" role=""/>
    <tag k="admin_level" v="8"/>
    <tag k="boundary" v="administrative"/>
    <tag k="name" v="Saint-Sébastien"/>
    <tag k="type" v="boundary"/>
  </relation>
</osm>
