<?xml version="1.0" encoding="UTF-8"?>
<osm version="0.6" generator="OpenStreetMap server" copyright="OpenStreetMap and contributors" attribution="http://www.openstreetmap.org/copyright" license="http://opendatacommons.org/licenses/odbl/1-0/">
  <relation id="280500" visible="true" timestamp="2009-10-04T16:54:52Z" version="1" changeset="2739051" user="mat" uid="3085">
    <member type="node" ref="520300861" role="admin_centre"/>
    <member type="way" ref="41975934" role=""/>
    <member type="way" ref="41975932" role=""/>
    <tag k="admin_level" v="8"/>
    <tag k="boundary" v="administrative"/>
    <tag k="name" v="Sully"/>
    <tag k="type" v="boundary"/>
  </relation>
</osm>
