<?xml version="1.0" encoding="UTF-8"?>
<osm version="0.6" generator="OpenStreetMap server" copyright="OpenStreetMap and contributors" attribution="http://www.openstreetmap.org/copyright" license="http://opendatacommons.org/licenses/odbl/1-0/">
  <relation id="2811800" visible="true" timestamp="2013-03-10T14:46:21Z" version="1" changeset="15315671" user="Eric V" uid="163480">
    <member type="way" ref="154345533" role="outer"/>
    <member type="way" ref="154345529" role="outer"/>
    <member type="way" ref="155033508" role="outer"/>
    <member type="way" ref="209201317" role="outer"/>
    <member type="node" ref="1825288108" role="admin_centre"/>
    <tag k="admin_level" v="8"/>
    <tag k="boundary" v="administrative"/>
    <tag k="name" v="Bourdettes"/>
    <tag k="ref:INSEE" v="64145"/>
    <tag k="type" v="boundary"/>
  </relation>
</osm>
