<?xml version="1.0" encoding="UTF-8"?>
<osm version="0.6" generator="OpenStreetMap server" copyright="OpenStreetMap and contributors" attribution="http://www.openstreetmap.org/copyright" license="http://opendatacommons.org/licenses/odbl/1-0/">
  <relation id="2816700" visible="true" timestamp="2013-03-13T11:23:52Z" version="1" changeset="15350453" user="Damouns" uid="13442">
    <member type="node" ref="26695990" role="admin_centre"/>
    <member type="way" ref="209753325" role="outer"/>
    <member type="way" ref="209753326" role="outer"/>
    <member type="way" ref="209753320" role="outer"/>
    <member type="way" ref="209753322" role="outer"/>
    <member type="way" ref="209753323" role="outer"/>
    <member type="way" ref="209753319" role="outer"/>
    <member type="way" ref="209753321" role="outer"/>
    <member type="way" ref="141345612" role="outer"/>
    <member type="way" ref="134203907" role="outer"/>
    <member type="way" ref="118299961" role="outer"/>
    <member type="way" ref="118300007" role="outer"/>
    <tag k="admin_level" v="8"/>
    <tag k="boundary" v="administrative"/>
    <tag k="name" v="Revin"/>
    <tag k="postal_code" v="08500"/>
    <tag k="ref:INSEE" v="08363"/>
    <tag k="type" v="boundary"/>
  </relation>
</osm>
