<?xml version="1.0" encoding="UTF-8"?>
<osm version="0.6" generator="OpenStreetMap server" copyright="OpenStreetMap and contributors" attribution="http://www.openstreetmap.org/copyright" license="http://opendatacommons.org/licenses/odbl/1-0/">
  <relation id="2853900" visible="true" timestamp="2013-04-01T14:46:25Z" version="1" changeset="15568943" user="Eric V" uid="163480">
    <member type="way" ref="214767653" role="outer"/>
    <member type="way" ref="214760822" role="outer"/>
    <member type="way" ref="145308846" role="outer"/>
    <member type="way" ref="145308860" role="outer"/>
    <member type="way" ref="67614715" role="outer"/>
    <member type="way" ref="161636463" role="outer"/>
    <member type="way" ref="161647007" role="outer"/>
    <member type="node" ref="313752418" role="admin_centre"/>
    <tag k="admin_level" v="8"/>
    <tag k="boundary" v="administrative"/>
    <tag k="name" v="La Llagonne"/>
    <tag k="ref:INSEE" v="66098"/>
    <tag k="type" v="boundary"/>
  </relation>
</osm>
