<?xml version="1.0" encoding="UTF-8"?>
<osm version="0.6" generator="OpenStreetMap server" copyright="OpenStreetMap and contributors" attribution="http://www.openstreetmap.org/copyright" license="http://opendatacommons.org/licenses/odbl/1-0/">
  <relation id="2876100" visible="true" timestamp="2013-04-13T07:37:04Z" version="1" changeset="15709477" user="uploaddidier2020" uid="886721">
    <member type="way" ref="217277886" role="outer"/>
    <member type="way" ref="48955087" role="outer"/>
    <member type="way" ref="48955085" role="outer"/>
    <member type="way" ref="34083001" role="outer"/>
    <member type="node" ref="1708178955" role="admin_centre"/>
    <tag k="admin_level" v="8"/>
    <tag k="boundary" v="administrative"/>
    <tag k="name" v="Chambezon"/>
    <tag k="ref:INSEE" v="43050"/>
    <tag k="type" v="boundary"/>
    <tag k="wikipedia" v="fr:Chambezon"/>
  </relation>
</osm>
