<?xml version="1.0" encoding="UTF-8"?>
<osm version="0.6" generator="OpenStreetMap server" copyright="OpenStreetMap and contributors" attribution="http://www.openstreetmap.org/copyright" license="http://opendatacommons.org/licenses/odbl/1-0/">
  <relation id="28900" visible="true" timestamp="2008-08-21T08:16:19Z" version="1" changeset="349106" user="Nix46" uid="53957">
    <member type="way" ref="26448551" role=""/>
    <member type="way" ref="26448552" role=""/>
    <tag k="admin_level" v="8"/>
    <tag k="boundary" v="administrative"/>
    <tag k="name" v="Saint Georges d'Orques"/>
    <tag k="source" v="cadastre-dgi-fr source : Direction Générale des Impôts - Cadastre ; mise à jour : AAAA"/>
    <tag k="type" v="boundary"/>
  </relation>
</osm>
