<?xml version="1.0" encoding="UTF-8"?>
<osm version="0.6" generator="OpenStreetMap server" copyright="OpenStreetMap and contributors" attribution="http://www.openstreetmap.org/copyright" license="http://opendatacommons.org/licenses/odbl/1-0/">
  <relation id="2930400" visible="true" timestamp="2013-05-16T13:17:24Z" version="1" changeset="16153160" user="gottferdom" uid="200426">
    <member type="way" ref="142606327" role="outer"/>
    <member type="way" ref="142606309" role="outer"/>
    <member type="way" ref="142606332" role="outer"/>
    <member type="way" ref="142606322" role="outer"/>
    <member type="way" ref="142606318" role="outer"/>
    <member type="way" ref="137378783" role="outer"/>
    <member type="way" ref="142606320" role="outer"/>
    <member type="way" ref="51001285" role="outer"/>
    <member type="way" ref="96398899" role="outer"/>
    <member type="way" ref="96398895" role="outer"/>
    <member type="way" ref="51001577" role="outer"/>
    <member type="way" ref="34089055" role="outer"/>
    <member type="way" ref="217326783" role="outer"/>
    <member type="way" ref="194749396" role="outer"/>
    <member type="way" ref="51001025" role="outer"/>
    <member type="way" ref="51001035" role="outer"/>
    <member type="way" ref="194749389" role="outer"/>
    <member type="way" ref="51002539" role="outer"/>
    <member type="way" ref="217936140" role="outer"/>
    <member type="way" ref="217935383" role="outer"/>
    <member type="way" ref="217933239" role="outer"/>
    <member type="way" ref="39386717" role="outer"/>
    <member type="way" ref="194749393" role="outer"/>
    <member type="way" ref="194749391" role="outer"/>
    <member type="way" ref="39386845" role="outer"/>
    <member type="way" ref="217938498" role="outer"/>
    <member type="way" ref="39386846" role="outer"/>
    <member type="way" ref="31666272" role="outer"/>
    <member type="way" ref="31666271" role="outer"/>
    <member type="way" ref="31661369" role="outer"/>
    <member type="way" ref="31660871" role="outer"/>
    <member type="way" ref="31495371" role="outer"/>
    <member type="way" ref="31495370" role="outer"/>
    <member type="way" ref="96392772" role="outer"/>
    <member type="way" ref="31494235" role="outer"/>
    <member type="way" ref="31449622" role="outer"/>
    <member type="way" ref="31386316" role="outer"/>
    <member type="way" ref="31449415" role="outer"/>
    <member type="way" ref="31386313" role="outer"/>
    <member type="way" ref="31385209" role="outer"/>
    <member type="way" ref="31385207" role="outer"/>
    <member type="way" ref="31337989" role="outer"/>
    <member type="way" ref="31337990" role="outer"/>
    <member type="way" ref="31337079" role="outer"/>
    <member type="way" ref="31337082" role="outer"/>
    <member type="way" ref="31297461" role="outer"/>
    <member type="way" ref="31296194" role="outer"/>
    <member type="way" ref="31241829" role="outer"/>
    <member type="way" ref="31241830" role="outer"/>
    <member type="way" ref="31241831" role="outer"/>
    <member type="way" ref="29545188" role="outer"/>
    <member type="way" ref="31179846" role="outer"/>
    <member type="way" ref="31179847" role="outer"/>
    <member type="way" ref="31241630" role="outer"/>
    <member type="way" ref="31250893" role="outer"/>
    <member type="way" ref="31250892" role="outer"/>
    <member type="way" ref="31295410" role="outer"/>
    <member type="way" ref="31295413" role="outer"/>
    <member type="way" ref="31295573" role="outer"/>
    <member type="way" ref="31295574" role="outer"/>
    <member type="way" ref="31449413" role="outer"/>
    <member type="way" ref="31449420" role="outer"/>
    <member type="way" ref="27870089" role="outer"/>
    <member type="way" ref="27870088" role="outer"/>
    <member type="way" ref="27870725" role="outer"/>
    <member type="way" ref="27871264" role="outer"/>
    <member type="way" ref="68296718" role="outer"/>
    <member type="way" ref="27871265" role="outer"/>
    <member type="way" ref="34051266" role="outer"/>
    <member type="way" ref="68296736" role="outer"/>
    <member type="way" ref="30985795" role="outer"/>
    <member type="way" ref="34016537" role="outer"/>
    <member type="way" ref="34016536" role="outer"/>
    <member type="way" ref="68296726" role="outer"/>
    <member type="way" ref="30990985" role="outer"/>
    <member type="way" ref="30985802" role="outer"/>
    <member type="way" ref="30996218" role="outer"/>
    <member type="way" ref="30990988" role="outer"/>
    <member type="way" ref="30998196" role="outer"/>
    <member type="way" ref="30998310" role="outer"/>
    <member type="way" ref="31726454" role="outer"/>
    <member type="way" ref="31726453" role="outer"/>
    <member type="way" ref="142606350" role="outer"/>
    <member type="way" ref="142606325" role="outer"/>
    <member type="way" ref="142606261" role="outer"/>
    <member type="way" ref="142606323" role="outer"/>
    <tag k="alt_name" v="Communauté de communes du Val de Drôme"/>
    <tag k="boundary" v="local_authority"/>
    <tag k="local_authority:FR" v="CC"/>
    <tag k="name" v="Val de Drôme"/>
    <tag k="ref:INSEE" v="242600252"/>
    <tag k="type" v="boundary"/>
    <tag k="website" v="http://www.valdedrome.com/"/>
    <tag k="wikipedia" v="fr:Communauté de communes du Val de Drôme"/>
  </relation>
</osm>
