<?xml version="1.0" encoding="UTF-8"?>
<osm version="0.6" generator="OpenStreetMap server" copyright="OpenStreetMap and contributors" attribution="http://www.openstreetmap.org/copyright" license="http://opendatacommons.org/licenses/odbl/1-0/">
  <relation id="2939600" visible="true" timestamp="2013-05-19T09:23:38Z" version="1" changeset="16190685" user="Denis_Helfer" uid="22165">
    <member type="way" ref="222106852" role=""/>
    <member type="way" ref="222119103" role=""/>
    <member type="way" ref="221998206" role=""/>
    <member type="way" ref="221562256" role=""/>
    <member type="way" ref="64314431" role=""/>
    <member type="node" ref="1163686138" role="admin_centre"/>
    <tag k="admin_level" v="8"/>
    <tag k="boundary" v="administrative"/>
    <tag k="name" v="Chaumeil"/>
    <tag k="ref:INSEE" v="19051"/>
    <tag k="type" v="boundary"/>
    <tag k="wikipedia" v="fr:Chaumeil"/>
  </relation>
</osm>
