<?xml version="1.0" encoding="UTF-8"?>
<osm version="0.6" generator="OpenStreetMap server" copyright="OpenStreetMap and contributors" attribution="http://www.openstreetmap.org/copyright" license="http://opendatacommons.org/licenses/odbl/1-0/">
  <relation id="2955300" visible="true" timestamp="2013-05-23T21:09:18Z" version="1" changeset="16258216" user="NicolasDumoulin" uid="143932">
    <member type="node" ref="95578811" role="admin_centre"/>
    <member type="way" ref="222819541" role="outer"/>
    <member type="way" ref="222822916" role="outer"/>
    <member type="way" ref="222823130" role="outer"/>
    <member type="way" ref="222823128" role="outer"/>
    <member type="way" ref="222823129" role="outer"/>
    <tag k="addr:postcode" v="02850"/>
    <tag k="admin_level" v="8"/>
    <tag k="boundary" v="administrative"/>
    <tag k="name" v="Passy-sur-Marne"/>
    <tag k="ref:INSEE" v="02595"/>
    <tag k="type" v="boundary"/>
  </relation>
</osm>
