<?xml version="1.0" encoding="UTF-8"?>
<osm version="0.6" generator="OpenStreetMap server" copyright="OpenStreetMap and contributors" attribution="http://www.openstreetmap.org/copyright" license="http://opendatacommons.org/licenses/odbl/1-0/">
  <relation id="2955100" visible="true" timestamp="2013-05-23T19:39:04Z" version="1" changeset="16257075" user="Denis_Helfer" uid="22165">
    <member type="way" ref="222726951" role=""/>
    <member type="way" ref="222813409" role=""/>
    <member type="way" ref="222813408" role=""/>
    <member type="way" ref="62287466" role=""/>
    <member type="way" ref="51008515" role=""/>
    <member type="way" ref="35576336" role=""/>
    <member type="way" ref="222726953" role=""/>
    <member type="way" ref="222726952" role=""/>
    <member type="node" ref="95578628" role="admin_centre"/>
    <tag k="admin_level" v="8"/>
    <tag k="boundary" v="administrative"/>
    <tag k="name" v="Marchais"/>
    <tag k="ref:INSEE" v="02457"/>
    <tag k="type" v="boundary"/>
    <tag k="wikipedia" v="fr:Marchais (Aisne)"/>
  </relation>
</osm>
