<?xml version="1.0" encoding="UTF-8"?>
<osm version="0.6" generator="OpenStreetMap server" copyright="OpenStreetMap and contributors" attribution="http://www.openstreetmap.org/copyright" license="http://opendatacommons.org/licenses/odbl/1-0/">
  <relation id="2958300" visible="true" timestamp="2013-05-25T10:04:23Z" version="1" changeset="16276859" user="monsieur a" uid="97101">
    <member type="way" ref="222988763" role="outer"/>
    <member type="way" ref="177208181" role="outer"/>
    <member type="way" ref="222985276" role="outer"/>
    <member type="way" ref="222985278" role="outer"/>
    <member type="way" ref="222985277" role="outer"/>
    <member type="node" ref="282463598" role="admin_centre"/>
    <tag k="admin_level" v="8"/>
    <tag k="boundary" v="administrative"/>
    <tag k="name" v="Ferrières"/>
    <tag k="type" v="boundary"/>
  </relation>
</osm>
