<?xml version="1.0" encoding="UTF-8"?>
<osm version="0.6" generator="OpenStreetMap server" copyright="OpenStreetMap and contributors" attribution="http://www.openstreetmap.org/copyright" license="http://opendatacommons.org/licenses/odbl/1-0/">
  <relation id="2963100" visible="true" timestamp="2013-05-28T07:20:33Z" version="1" changeset="16319769" user="Verdy_p" uid="90780">
    <member type="node" ref="26692561" role="admin_centre"/>
    <member type="way" ref="60170713" role="outer"/>
    <member type="way" ref="65075468" role="outer"/>
    <member type="way" ref="60170711" role="outer"/>
    <member type="way" ref="65642562" role="outer"/>
    <member type="way" ref="198251020" role="outer"/>
    <member type="way" ref="198251021" role="outer"/>
    <member type="way" ref="65642557" role="outer"/>
    <member type="way" ref="35326006" role="outer"/>
    <member type="way" ref="35325756" role="outer"/>
    <member type="way" ref="35324357" role="outer"/>
    <member type="way" ref="35713402" role="outer"/>
    <member type="way" ref="205321481" role="outer"/>
    <member type="way" ref="205321482" role="outer"/>
    <member type="way" ref="194898495" role="outer"/>
    <member type="way" ref="35324354" role="outer"/>
    <member type="way" ref="35323879" role="outer"/>
    <member type="way" ref="194898494" role="outer"/>
    <member type="way" ref="35323609" role="outer"/>
    <member type="way" ref="223163351" role="outer"/>
    <member type="way" ref="35322635" role="outer"/>
    <member type="way" ref="97566605" role="outer"/>
    <member type="way" ref="97566608" role="outer"/>
    <member type="way" ref="185564760" role="outer"/>
    <member type="way" ref="194896855" role="outer"/>
    <member type="way" ref="223284739" role="outer"/>
    <member type="way" ref="194896853" role="outer"/>
    <member type="way" ref="194896854" role="outer"/>
    <member type="way" ref="194896617" role="outer"/>
    <member type="way" ref="194896615" role="outer"/>
    <member type="way" ref="223155482" role="outer"/>
    <member type="way" ref="194896616" role="outer"/>
    <member type="way" ref="132691743" role="outer"/>
    <member type="way" ref="125634179" role="outer"/>
    <member type="way" ref="222989200" role="outer"/>
    <member type="way" ref="177208181" role="outer"/>
    <member type="way" ref="222985276" role="outer"/>
    <member type="way" ref="132691745" role="outer"/>
    <member type="way" ref="109648906" role="outer"/>
    <member type="way" ref="109648904" role="outer"/>
    <member type="way" ref="97094317" role="outer"/>
    <member type="way" ref="97094323" role="outer"/>
    <member type="way" ref="125631181" role="outer"/>
    <member type="way" ref="125631188" role="outer"/>
    <member type="way" ref="135037296" role="outer"/>
    <member type="way" ref="135047457" role="outer"/>
    <member type="way" ref="33157377" role="outer"/>
    <member type="way" ref="33157545" role="outer"/>
    <member type="way" ref="33157653" role="outer"/>
    <member type="way" ref="217685082" role="outer"/>
    <member type="way" ref="33157222" role="outer"/>
    <member type="way" ref="33157659" role="outer"/>
    <member type="way" ref="33157422" role="outer"/>
    <member type="way" ref="33157555" role="outer"/>
    <member type="way" ref="33157754" role="outer"/>
    <member type="way" ref="33157139" role="outer"/>
    <member type="way" ref="223241720" role="outer"/>
    <member type="way" ref="33176368" role="outer"/>
    <member type="way" ref="33280424" role="outer"/>
    <member type="way" ref="84598540" role="outer"/>
    <member type="way" ref="33176367" role="outer"/>
    <member type="way" ref="84727362" role="outer"/>
    <member type="way" ref="84598539" role="outer"/>
    <member type="way" ref="74851380" role="outer"/>
    <member type="way" ref="135039289" role="outer"/>
    <member type="way" ref="74851375" role="outer"/>
    <member type="way" ref="139296930" role="outer"/>
    <member type="way" ref="139296935" role="outer"/>
    <member type="way" ref="136531435" role="outer"/>
    <member type="way" ref="108409766" role="outer"/>
    <member type="way" ref="108409775" role="outer"/>
    <member type="way" ref="84727360" role="outer"/>
    <member type="way" ref="84627453" role="outer"/>
    <member type="way" ref="180721155" role="outer"/>
    <member type="way" ref="74981273" role="outer"/>
    <member type="way" ref="180721140" role="outer"/>
    <member type="way" ref="135037961" role="outer"/>
    <member type="way" ref="32762297" role="outer"/>
    <member type="way" ref="180736361" role="outer"/>
    <member type="way" ref="135037962" role="outer"/>
    <member type="way" ref="83895264" role="outer"/>
    <member type="way" ref="84627450" role="outer"/>
    <member type="way" ref="83895266" role="outer"/>
    <member type="way" ref="139447922" role="outer"/>
    <member type="way" ref="139447929" role="outer"/>
    <member type="way" ref="139447921" role="outer"/>
    <member type="way" ref="135802034" role="outer"/>
    <member type="way" ref="132022025" role="outer"/>
    <member type="way" ref="99500820" role="outer"/>
    <member type="way" ref="136537924" role="outer"/>
    <member type="way" ref="136537911" role="outer"/>
    <member type="way" ref="135802888" role="outer"/>
    <member type="way" ref="86484961" role="outer"/>
    <member type="way" ref="86484964" role="outer"/>
    <member type="way" ref="33157761" role="outer"/>
    <member type="way" ref="33157906" role="outer"/>
    <member type="way" ref="75845599" role="outer"/>
    <member type="way" ref="33157839" role="outer"/>
    <member type="way" ref="33197286" role="outer"/>
    <member type="way" ref="98351889" role="outer"/>
    <member type="way" ref="33197650" role="outer"/>
    <member type="way" ref="33157201" role="outer"/>
    <member type="way" ref="99775754" role="outer"/>
    <member type="way" ref="99775752" role="outer"/>
    <member type="way" ref="99779572" role="outer"/>
    <member type="way" ref="99779579" role="outer"/>
    <member type="way" ref="100081779" role="outer"/>
    <member type="way" ref="100081776" role="outer"/>
    <member type="way" ref="100081773" role="outer"/>
    <member type="way" ref="100081808" role="outer"/>
    <member type="way" ref="100081800" role="outer"/>
    <member type="way" ref="100081784" role="outer"/>
    <member type="way" ref="100084761" role="outer"/>
    <member type="way" ref="100084751" role="outer"/>
    <member type="way" ref="181224112" role="outer"/>
    <member type="way" ref="181224111" role="outer"/>
    <member type="way" ref="223269109" role="outer"/>
    <member type="way" ref="223277025" role="outer"/>
    <member type="way" ref="223273759" role="outer"/>
    <member type="way" ref="194285086" role="outer"/>
    <member type="way" ref="33157366" role="outer"/>
    <member type="way" ref="33157446" role="outer"/>
    <member type="way" ref="139595531" role="outer"/>
    <member type="way" ref="139595540" role="outer"/>
    <member type="way" ref="135037590" role="outer"/>
    <member type="way" ref="140050297" role="outer"/>
    <member type="way" ref="132627653" role="outer"/>
    <member type="way" ref="33157818" role="outer"/>
    <member type="way" ref="33157803" role="outer"/>
    <member type="way" ref="33157835" role="outer"/>
    <member type="way" ref="30889809" role="outer"/>
    <member type="way" ref="30889915" role="outer"/>
    <member type="way" ref="30889860" role="outer"/>
    <member type="way" ref="30891819" role="outer"/>
    <member type="way" ref="83602958" role="outer"/>
    <member type="way" ref="97681309" role="outer"/>
    <member type="way" ref="33157715" role="outer"/>
    <member type="way" ref="33157137" role="outer"/>
    <member type="way" ref="33157357" role="outer"/>
    <member type="way" ref="33157179" role="outer"/>
    <member type="way" ref="33157163" role="outer"/>
    <member type="way" ref="105049194" role="outer"/>
    <member type="way" ref="177788434" role="outer"/>
    <member type="way" ref="86385227" role="outer"/>
    <member type="way" ref="86385232" role="outer"/>
    <member type="way" ref="86385229" role="outer"/>
    <member type="way" ref="86385231" role="outer"/>
    <member type="way" ref="86385219" role="outer"/>
    <member type="way" ref="184611571" role="outer"/>
    <member type="way" ref="222948235" role="outer"/>
    <member type="way" ref="222977921" role="outer"/>
    <member type="way" ref="217993516" role="outer"/>
    <member type="way" ref="217993518" role="outer"/>
    <member type="way" ref="222980926" role="outer"/>
    <member type="way" ref="206342036" role="outer"/>
    <member type="way" ref="206342029" role="outer"/>
    <member type="way" ref="181193103" role="outer"/>
    <member type="way" ref="181193089" role="outer"/>
    <member type="way" ref="217995086" role="outer"/>
    <member type="way" ref="220710144" role="outer"/>
    <member type="way" ref="220710145" role="outer"/>
    <member type="way" ref="200201544" role="outer"/>
    <member type="way" ref="217932664" role="outer"/>
    <tag k="admin_level" v="7"/>
    <tag k="boundary" v="administrative"/>
    <tag k="name" v="Nancy"/>
    <tag k="name:lb" v="Nanzeg"/>
    <tag k="name:oc" v="Nancí"/>
    <tag k="name:ru" v="Нанси"/>
    <tag k="name:sr" v="Нанси"/>
    <tag k="old_name:de" v="Nanzig"/>
    <tag k="ref:INSEE" v="543"/>
    <tag k="type" v="boundary"/>
    <tag k="wikipedia" v="fr:Arrondissement de Nancy"/>
  </relation>
</osm>
