<?xml version="1.0" encoding="UTF-8"?>
<osm version="0.6" generator="OpenStreetMap server" copyright="OpenStreetMap and contributors" attribution="http://www.openstreetmap.org/copyright" license="http://opendatacommons.org/licenses/odbl/1-0/">
  <relation id="2969300" visible="true" timestamp="2013-05-30T17:29:28Z" version="1" changeset="16354634" user="didier2020" uid="300459">
    <member type="way" ref="223694545" role="outer"/>
    <member type="way" ref="223714564" role="outer"/>
    <member type="way" ref="223714566" role="outer"/>
    <member type="way" ref="223714563" role="outer"/>
    <member type="way" ref="223694549" role="outer"/>
    <member type="node" ref="288030722" role="admin_centre"/>
    <tag k="addr:postcode" v="55160"/>
    <tag k="admin_level" v="8"/>
    <tag k="boundary" v="administrative"/>
    <tag k="name" v="Doncourt-aux-Templiers"/>
    <tag k="ref:INSEE" v="55163"/>
    <tag k="type" v="boundary"/>
    <tag k="wikipedia" v="fr:Doncourt-aux-Templiers"/>
  </relation>
</osm>
