<?xml version="1.0" encoding="UTF-8"?>
<osm version="0.6" generator="OpenStreetMap server" copyright="OpenStreetMap and contributors" attribution="http://www.openstreetmap.org/copyright" license="http://opendatacommons.org/licenses/odbl/1-0/">
  <relation id="2983800" visible="true" timestamp="2013-06-06T07:24:14Z" version="1" changeset="16441389" user="StephaneP" uid="439947">
    <member type="node" ref="263741024" role="admin_centre"/>
    <member type="way" ref="158055305" role="outer"/>
    <member type="way" ref="223925937" role="outer"/>
    <member type="way" ref="224613559" role="outer"/>
    <member type="way" ref="224613558" role="outer"/>
    <member type="way" ref="224613560" role="outer"/>
    <member type="way" ref="223907590" role="outer"/>
    <member type="way" ref="223907583" role="outer"/>
    <tag k="addr:postcode" v="55400"/>
    <tag k="admin_level" v="8"/>
    <tag k="boundary" v="administrative"/>
    <tag k="census" v="2008"/>
    <tag k="name" v="Gincrey"/>
    <tag k="population" v="64"/>
    <tag k="ref:INSEE" v="55211"/>
    <tag k="type" v="boundary"/>
    <tag k="wikipedia" v="fr:Gincrey"/>
  </relation>
</osm>
