<?xml version="1.0" encoding="UTF-8"?>
<osm version="0.6" generator="OpenStreetMap server" copyright="OpenStreetMap and contributors" attribution="http://www.openstreetmap.org/copyright" license="http://opendatacommons.org/licenses/odbl/1-0/">
  <relation id="2992000" visible="true" timestamp="2013-06-10T05:00:45Z" version="1" changeset="16490927" user="vincent_95" uid="49047">
    <member type="way" ref="225060746" role=""/>
    <member type="way" ref="224995651" role=""/>
    <member type="way" ref="210188369" role=""/>
    <member type="way" ref="225060748" role=""/>
    <member type="way" ref="225060749" role=""/>
    <member type="way" ref="225060745" role=""/>
    <member type="way" ref="224367451" role=""/>
    <member type="node" ref="1549173442" role="admin_centre"/>
    <tag k="addr:postcode" v="55500"/>
    <tag k="admin_level" v="8"/>
    <tag k="boundary" v="administrative"/>
    <tag k="name" v="Chanteraine"/>
    <tag k="population" v="215"/>
    <tag k="ref:INSEE" v="55358"/>
    <tag k="type" v="boundary"/>
    <tag k="wikipedia" v="fr:Chanteraine"/>
  </relation>
</osm>
