<?xml version="1.0" encoding="UTF-8"?>
<osm version="0.6" generator="OpenStreetMap server" copyright="OpenStreetMap and contributors" attribution="http://www.openstreetmap.org/copyright" license="http://opendatacommons.org/licenses/odbl/1-0/">
  <relation id="2992100" visible="true" timestamp="2013-06-10T07:28:49Z" version="1" changeset="16491907" user="Pinpin" uid="1685">
    <member type="node" ref="293502386" role="admin_centre"/>
    <member type="way" ref="225034650" role="outer"/>
    <member type="way" ref="225004609" role="outer"/>
    <member type="way" ref="224921516" role="outer"/>
    <tag k="addr:postcode" v="55320"/>
    <tag k="admin_level" v="8"/>
    <tag k="boundary" v="administrative"/>
    <tag k="name" v="Ancemont"/>
    <tag k="ref:INSEE" v="55009"/>
    <tag k="type" v="boundary"/>
  </relation>
</osm>
