<?xml version="1.0" encoding="UTF-8"?>
<osm version="0.6" generator="OpenStreetMap server" copyright="OpenStreetMap and contributors" attribution="http://www.openstreetmap.org/copyright" license="http://opendatacommons.org/licenses/odbl/1-0/">
  <relation id="2992900" visible="true" timestamp="2013-06-10T17:06:06Z" version="1" changeset="16498700" user="Eric V" uid="163480">
    <member type="way" ref="218490339" role="outer"/>
    <member type="way" ref="218490338" role="outer"/>
    <member type="way" ref="218897119" role="outer"/>
    <member type="way" ref="225118751" role="outer"/>
    <member type="node" ref="2339450528" role="admin_centre"/>
    <tag k="admin_level" v="8"/>
    <tag k="boundary" v="administrative"/>
    <tag k="name" v="Valeuil"/>
    <tag k="ref:INSEE" v="24561"/>
    <tag k="type" v="boundary"/>
  </relation>
</osm>
