<?xml version="1.0" encoding="UTF-8"?>
<osm version="0.6" generator="OpenStreetMap server" copyright="OpenStreetMap and contributors" attribution="http://www.openstreetmap.org/copyright" license="http://opendatacommons.org/licenses/odbl/1-0/">
  <relation id="2994100" visible="true" timestamp="2013-06-11T10:03:54Z" version="1" changeset="16507964" user="StephaneP" uid="439947">
    <member type="node" ref="1427429647" role="admin_centre"/>
    <member type="way" ref="225216028" role="outer"/>
    <member type="way" ref="225219544" role="outer"/>
    <member type="way" ref="225219540" role="outer"/>
    <member type="way" ref="225171646" role="outer"/>
    <member type="way" ref="225171647" role="outer"/>
    <member type="way" ref="225141727" role="outer"/>
    <member type="way" ref="225216113" role="outer"/>
    <tag k="addr:postcode" v="55000"/>
    <tag k="admin_level" v="8"/>
    <tag k="boundary" v="administrative"/>
    <tag k="census" v="2010"/>
    <tag k="name" v="Salmagne"/>
    <tag k="population" v="310"/>
    <tag k="ref:INSEE" v="55466"/>
    <tag k="type" v="boundary"/>
    <tag k="wikipedia" v="fr:Salmagne"/>
  </relation>
</osm>
