<?xml version="1.0" encoding="UTF-8"?>
<osm version="0.6" generator="OpenStreetMap server" copyright="OpenStreetMap and contributors" attribution="http://www.openstreetmap.org/copyright" license="http://opendatacommons.org/licenses/odbl/1-0/">
  <relation id="2998400" visible="true" timestamp="2013-06-14T05:54:20Z" version="1" changeset="16545768" user="Denis_Helfer" uid="22165">
    <member type="way" ref="225646730" role=""/>
    <member type="way" ref="225646729" role=""/>
    <member type="way" ref="225613719" role=""/>
    <member type="way" ref="225608468" role=""/>
    <member type="way" ref="142517609" role=""/>
    <member type="way" ref="225646731" role=""/>
    <member type="node" ref="296309563" role="admin_centre"/>
    <tag k="admin_level" v="8"/>
    <tag k="boundary" v="administrative"/>
    <tag k="name" v="Isle-Aubigny"/>
    <tag k="ref:INSEE" v="10174"/>
    <tag k="type" v="boundary"/>
    <tag k="wikipedia" v="fr:Isle-Aubigny"/>
  </relation>
</osm>
