<?xml version="1.0" encoding="UTF-8"?>
<osm version="0.6" generator="OpenStreetMap server" copyright="OpenStreetMap and contributors" attribution="http://www.openstreetmap.org/copyright" license="http://opendatacommons.org/licenses/odbl/1-0/">
  <relation id="3000200" visible="true" timestamp="2013-06-15T06:03:56Z" version="1" changeset="16559178" user="Damouns" uid="13442">
    <member type="node" ref="442534671" role="admin_centre"/>
    <member type="way" ref="225734625" role="outer"/>
    <member type="way" ref="225734626" role="outer"/>
    <member type="way" ref="225480997" role="outer"/>
    <member type="way" ref="134932220" role="outer"/>
    <member type="way" ref="134823228" role="outer"/>
    <member type="way" ref="225481000" role="outer"/>
    <member type="way" ref="225741047" role="outer"/>
    <member type="way" ref="225725500" role="outer"/>
    <member type="way" ref="225763921" role="outer"/>
    <member type="way" ref="225734624" role="outer"/>
    <tag k="addr:postcode" v="10310"/>
    <tag k="admin_level" v="8"/>
    <tag k="boundary" v="administrative"/>
    <tag k="name" v="Ville-sous-la-Ferté"/>
    <tag k="ref:INSEE" v="10426"/>
    <tag k="type" v="boundary"/>
    <tag k="wikipedia" v="fr:Ville-sous-la-Ferté"/>
  </relation>
</osm>
