<?xml version="1.0" encoding="UTF-8"?>
<osm version="0.6" generator="OpenStreetMap server" copyright="OpenStreetMap and contributors" attribution="http://www.openstreetmap.org/copyright" license="http://opendatacommons.org/licenses/odbl/1-0/">
  <relation id="3006300" visible="true" timestamp="2013-06-17T16:30:22Z" version="1" changeset="16591923" user="Eric V" uid="163480">
    <member type="way" ref="226097998" role="outer"/>
    <member type="way" ref="212437836" role="outer"/>
    <member type="way" ref="212430416" role="outer"/>
    <member type="way" ref="212430163" role="outer"/>
    <member type="way" ref="212439270" role="outer"/>
    <member type="way" ref="226095491" role="outer"/>
    <member type="way" ref="226095490" role="outer"/>
    <member type="node" ref="1826186590" role="admin_centre"/>
    <tag k="admin_level" v="8"/>
    <tag k="boundary" v="administrative"/>
    <tag k="name" v="Simacourbe"/>
    <tag k="ref:INSEE" v="64524"/>
    <tag k="type" v="boundary"/>
  </relation>
</osm>
