<?xml version="1.0" encoding="UTF-8"?>
<osm version="0.6" generator="OpenStreetMap server" copyright="OpenStreetMap and contributors" attribution="http://www.openstreetmap.org/copyright" license="http://opendatacommons.org/licenses/odbl/1-0/">
  <relation id="3016400" visible="true" timestamp="2013-06-23T10:08:49Z" version="1" changeset="16666992" user="vincent_95" uid="49047">
    <member type="way" ref="226961324" role=""/>
    <member type="way" ref="226961325" role=""/>
    <member type="node" ref="1707098807" role="admin_centre"/>
    <tag k="addr:postcode" v="76780"/>
    <tag k="admin_level" v="8"/>
    <tag k="boundary" v="administrative"/>
    <tag k="name" v="La Hallotière"/>
    <tag k="population" v="175"/>
    <tag k="ref:INSEE" v="76338"/>
    <tag k="type" v="boundary"/>
    <tag k="wikipedia" v="fr:La Hallotière"/>
  </relation>
</osm>
