<?xml version="1.0" encoding="UTF-8"?>
<osm version="0.6" generator="OpenStreetMap server" copyright="OpenStreetMap and contributors" attribution="http://www.openstreetmap.org/copyright" license="http://opendatacommons.org/licenses/odbl/1-0/">
  <relation id="3016700" visible="true" timestamp="2013-06-23T14:09:42Z" version="1" changeset="16669986" user="nive" uid="708987">
    <member type="node" ref="1707098743" role="admin_centre"/>
    <member type="way" ref="226866665" role="outer"/>
    <member type="way" ref="226991598" role="outer"/>
    <member type="way" ref="226420835" role="outer"/>
    <tag k="admin_level" v="8"/>
    <tag k="boundary" v="administrative"/>
    <tag k="name" v="Aubermesnil-aux-Érables"/>
    <tag k="ref:INSEE" v="76029"/>
    <tag k="type" v="boundary"/>
    <tag k="wikipedia" v="fr:Aubermesnil-aux-Érables"/>
  </relation>
</osm>
