<?xml version="1.0" encoding="UTF-8"?>
<osm version="0.6" generator="OpenStreetMap server" copyright="OpenStreetMap and contributors" attribution="http://www.openstreetmap.org/copyright" license="http://opendatacommons.org/licenses/odbl/1-0/">
  <relation id="3017000" visible="true" timestamp="2013-06-23T17:15:09Z" version="1" changeset="16672456" user="Eric V" uid="163480">
    <member type="way" ref="227013101" role="outer"/>
    <member type="way" ref="227011729" role="outer"/>
    <member type="way" ref="182511385" role="outer"/>
    <member type="way" ref="227019464" role="outer"/>
    <member type="way" ref="227013098" role="outer"/>
    <member type="node" ref="1825323142" role="admin_centre"/>
    <tag k="admin_level" v="8"/>
    <tag k="boundary" v="administrative"/>
    <tag k="name" v="Cabidos"/>
    <tag k="ref:INSEE" v="64158"/>
    <tag k="type" v="boundary"/>
  </relation>
</osm>
