<?xml version="1.0" encoding="UTF-8"?>
<osm version="0.6" generator="OpenStreetMap server" copyright="OpenStreetMap and contributors" attribution="http://www.openstreetmap.org/copyright" license="http://opendatacommons.org/licenses/odbl/1-0/">
  <relation id="301800" visible="true" timestamp="2009-10-24T18:32:27Z" version="1" changeset="2940045" user="aytfadc" uid="58255">
    <member type="way" ref="43077497" role=""/>
    <member type="way" ref="43077519" role=""/>
    <member type="way" ref="43077525" role=""/>
    <member type="way" ref="43076265" role=""/>
    <member type="way" ref="43069625" role=""/>
    <member type="way" ref="43077492" role=""/>
    <tag k="admin_level" v="8"/>
    <tag k="boundary" v="administrative"/>
    <tag k="name" v="Chaudron-en-Mauges"/>
    <tag k="type" v="boundary"/>
  </relation>
</osm>
