<?xml version="1.0" encoding="UTF-8"?>
<osm version="0.6" generator="OpenStreetMap server" copyright="OpenStreetMap and contributors" attribution="http://www.openstreetmap.org/copyright" license="http://opendatacommons.org/licenses/odbl/1-0/">
  <relation id="3019600" visible="true" timestamp="2013-06-24T21:26:54Z" version="1" changeset="16691258" user="vincent_95" uid="49047">
    <member type="way" ref="227228189" role=""/>
    <member type="way" ref="227228187" role=""/>
    <member type="way" ref="227140829" role=""/>
    <member type="way" ref="226915869" role=""/>
    <member type="way" ref="226768888" role=""/>
    <member type="way" ref="227226859" role=""/>
    <member type="way" ref="227226857" role=""/>
    <member type="way" ref="227226858" role=""/>
    <member type="node" ref="1707098810" role="admin_centre"/>
    <tag k="addr:postcode" v="76780"/>
    <tag k="admin_level" v="8"/>
    <tag k="boundary" v="administrative"/>
    <tag k="name" v="Le Héron"/>
    <tag k="population" v="246"/>
    <tag k="ref:INSEE" v="76358"/>
    <tag k="type" v="boundary"/>
    <tag k="wikipedia" v="fr:Le Héron"/>
  </relation>
</osm>
