<?xml version="1.0" encoding="UTF-8"?>
<osm version="0.6" generator="OpenStreetMap server" copyright="OpenStreetMap and contributors" attribution="http://www.openstreetmap.org/copyright" license="http://opendatacommons.org/licenses/odbl/1-0/">
  <relation id="302300" visible="true" timestamp="2009-10-25T19:19:11Z" version="1" changeset="2949880" user="Gustry" uid="86289">
    <member type="way" ref="42748800" role=""/>
    <member type="way" ref="43132565" role=""/>
    <member type="way" ref="42748795" role=""/>
    <member type="way" ref="36586501" role=""/>
    <member type="way" ref="43132567" role=""/>
    <tag k="admin_level" v="8"/>
    <tag k="boundary" v="administrative"/>
    <tag k="name" v="Fontaine-lès-Luxeuil"/>
    <tag k="type" v="boundary"/>
  </relation>
</osm>
