<?xml version="1.0" encoding="UTF-8"?>
<osm version="0.6" generator="OpenStreetMap server" copyright="OpenStreetMap and contributors" attribution="http://www.openstreetmap.org/copyright" license="http://opendatacommons.org/licenses/odbl/1-0/">
  <relation id="30300" visible="true" timestamp="2008-08-30T20:15:16Z" version="1" changeset="462385" user="Anolnx" uid="6217">
    <member type="way" ref="26653698" role=""/>
    <member type="way" ref="26653700" role=""/>
    <tag k="admin_level" v="8"/>
    <tag k="boundary" v="administrative"/>
    <tag k="name" v="Les Neyrolles"/>
    <tag k="type" v="boundary"/>
  </relation>
</osm>
