<?xml version="1.0" encoding="UTF-8"?>
<osm version="0.6" generator="OpenStreetMap server" copyright="OpenStreetMap and contributors" attribution="http://www.openstreetmap.org/copyright" license="http://opendatacommons.org/licenses/odbl/1-0/">
  <relation id="303200" visible="true" timestamp="2009-10-26T15:19:53Z" version="1" changeset="2956744" user="sly" uid="24572">
    <member type="way" ref="43164929" role=""/>
    <member type="way" ref="43164992" role=""/>
    <member type="way" ref="43164912" role=""/>
    <tag k="admin_level" v="8"/>
    <tag k="boundary" v="administrative"/>
    <tag k="name" v="Chichee"/>
    <tag k="ref" v="89104"/>
    <tag k="type" v="boundary"/>
  </relation>
</osm>
