<?xml version="1.0" encoding="UTF-8"?>
<osm version="0.6" generator="OpenStreetMap server" copyright="OpenStreetMap and contributors" attribution="http://www.openstreetmap.org/copyright" license="http://opendatacommons.org/licenses/odbl/1-0/">
  <relation id="3045300" visible="true" timestamp="2013-06-29T17:38:18Z" version="1" changeset="16755157" user="StephaneP" uid="439947">
    <member type="node" ref="563155386" role="admin_centre"/>
    <member type="way" ref="34445884" role="outer"/>
    <member type="way" ref="164068322" role="outer"/>
    <member type="way" ref="164065392" role="outer"/>
    <member type="way" ref="227968821" role="outer"/>
    <member type="way" ref="55410638" role="outer"/>
    <tag k="addr:postcode" v="43500"/>
    <tag k="admin_level" v="8"/>
    <tag k="boundary" v="administrative"/>
    <tag k="name" v="Saint-Pal-de-Chalencon"/>
    <tag k="population" v="1014"/>
    <tag k="population:date" v="2009"/>
    <tag k="ref:INSEE" v="43212"/>
    <tag k="type" v="boundary"/>
    <tag k="wikipedia" v="fr:Saint-Pal-de-Chalencon"/>
  </relation>
</osm>
