<?xml version="1.0" encoding="UTF-8"?>
<osm version="0.6" generator="OpenStreetMap server" copyright="OpenStreetMap and contributors" attribution="http://www.openstreetmap.org/copyright" license="http://opendatacommons.org/licenses/odbl/1-0/">
  <relation id="304600" visible="true" timestamp="2009-10-28T00:54:00Z" version="1" changeset="2970305" user="Jocelyn Delalande" uid="18630">
    <member type="way" ref="43248911" role=""/>
    <member type="way" ref="43248905" role=""/>
    <member type="way" ref="43248923" role=""/>
    <member type="way" ref="43248906" role=""/>
    <member type="way" ref="43248919" role=""/>
    <member type="way" ref="43248929" role=""/>
    <member type="way" ref="43248901" role=""/>
    <tag k="admin_level" v="8"/>
    <tag k="boundary" v="administrative"/>
    <tag k="name" v="Caligny"/>
    <tag k="type" v="boundary"/>
  </relation>
</osm>
