<?xml version="1.0" encoding="UTF-8"?>
<osm version="0.6" generator="OpenStreetMap server" copyright="OpenStreetMap and contributors" attribution="http://www.openstreetmap.org/copyright" license="http://opendatacommons.org/licenses/odbl/1-0/">
  <relation id="3060300" visible="true" timestamp="2013-07-03T05:51:58Z" version="1" changeset="16800598" user="HelenePETIT" uid="211286">
    <member type="way" ref="228472066" role="outer"/>
    <member type="way" ref="228472065" role="outer"/>
    <member type="way" ref="227936029" role="outer"/>
    <member type="node" ref="1347642302" role="admin_centre"/>
    <tag k="admin_level" v="8"/>
    <tag k="boundary" v="administrative"/>
    <tag k="name" v="ff"/>
    <tag k="ref:INSEE" v="ff"/>
    <tag k="source" v="cadastre-dgi-fr source : Direction Générale des Impôts - Cadastre. Mise à jour : 2013"/>
    <tag k="type" v="boundary"/>
  </relation>
</osm>
