<?xml version="1.0" encoding="UTF-8"?>
<osm version="0.6" generator="OpenStreetMap server" copyright="OpenStreetMap and contributors" attribution="http://www.openstreetmap.org/copyright" license="http://opendatacommons.org/licenses/odbl/1-0/">
  <relation id="3061900" visible="true" timestamp="2013-07-04T08:06:34Z" version="1" changeset="16817734" user="StephaneP" uid="439947">
    <member type="node" ref="26696519" role="admin_centre"/>
    <member type="way" ref="228493236" role="outer"/>
    <member type="way" ref="228493238" role="outer"/>
    <member type="way" ref="55390910" role="outer"/>
    <member type="way" ref="55390908" role="outer"/>
    <member type="way" ref="228521467" role="outer"/>
    <member type="way" ref="228493237" role="outer"/>
    <tag k="addr:postcode" v="43500"/>
    <tag k="admin_level" v="8"/>
    <tag k="boundary" v="administrative"/>
    <tag k="name" v="Craponne-sur-Arzon"/>
    <tag k="population" v="2156"/>
    <tag k="population:date" v="2009"/>
    <tag k="ref:INSEE" v="43080"/>
    <tag k="ref:SIREN" v="214300808"/>
    <tag k="type" v="boundary"/>
    <tag k="wikipedia" v="fr:Craponne-sur-Arzon"/>
  </relation>
</osm>
