<?xml version="1.0" encoding="UTF-8"?>
<osm version="0.6" generator="OpenStreetMap server" copyright="OpenStreetMap and contributors" attribution="http://www.openstreetmap.org/copyright" license="http://opendatacommons.org/licenses/odbl/1-0/">
  <relation id="3080800" visible="true" timestamp="2013-07-13T13:29:39Z" version="1" changeset="16936983" user="yoko99" uid="582049">
    <member type="way" ref="229773994" role="outer"/>
    <member type="way" ref="229773991" role="outer"/>
    <member type="way" ref="229768442" role="outer"/>
    <member type="way" ref="229188407" role="outer"/>
    <member type="way" ref="229731623" role="outer"/>
    <member type="way" ref="229764518" role="outer"/>
    <member type="node" ref="1708884684" role="admin_centre"/>
    <tag k="addr:postcode" v="52240"/>
    <tag k="admin_level" v="8"/>
    <tag k="boundary" v="administrative"/>
    <tag k="name" v="Audeloncourt"/>
    <tag k="ref:INSEE" v="52025"/>
    <tag k="type" v="boundary"/>
  </relation>
</osm>
