<?xml version="1.0" encoding="UTF-8"?>
<osm version="0.6" generator="OpenStreetMap server" copyright="OpenStreetMap and contributors" attribution="http://www.openstreetmap.org/copyright" license="http://opendatacommons.org/licenses/odbl/1-0/">
  <relation id="3160800" visible="true" timestamp="2013-08-24T10:26:09Z" version="1" changeset="17481832" user="Eric V" uid="163480">
    <member type="way" ref="234865763" role="outer"/>
    <member type="way" ref="234868249" role="outer"/>
    <member type="way" ref="234868248" role="outer"/>
    <member type="node" ref="603019638" role="admin_centre"/>
    <tag k="admin_level" v="8"/>
    <tag k="boundary" v="administrative"/>
    <tag k="name" v="Amfreville-les-Champs"/>
    <tag k="ref:INSEE" v="27012"/>
    <tag k="type" v="boundary"/>
  </relation>
</osm>
