<?xml version="1.0" encoding="UTF-8"?>
<osm version="0.6" generator="OpenStreetMap server" copyright="OpenStreetMap and contributors" attribution="http://www.openstreetmap.org/copyright" license="http://opendatacommons.org/licenses/odbl/1-0/">
  <relation id="3162900" visible="true" timestamp="2013-08-25T12:28:29Z" version="1" changeset="17497997" user="Eric V" uid="163480">
    <member type="way" ref="234897752" role="outer"/>
    <member type="way" ref="234897753" role="outer"/>
    <member type="way" ref="209666834" role="outer"/>
    <member type="way" ref="234989709" role="outer"/>
    <member type="way" ref="234986327" role="outer"/>
    <member type="node" ref="603134742" role="admin_centre"/>
    <tag k="admin_level" v="8"/>
    <tag k="boundary" v="administrative"/>
    <tag k="name" v="Saint-Julien-de-la-Liègue"/>
    <tag k="ref:INSEE" v="27553"/>
    <tag k="type" v="boundary"/>
  </relation>
</osm>
