<?xml version="1.0" encoding="UTF-8"?>
<osm version="0.6" generator="OpenStreetMap server" copyright="OpenStreetMap and contributors" attribution="http://www.openstreetmap.org/copyright" license="http://opendatacommons.org/licenses/odbl/1-0/">
  <relation id="3195400" visible="true" timestamp="2013-09-09T20:06:01Z" version="1" changeset="17756520" user="StephaneP" uid="439947">
    <member type="node" ref="1708885168" role="admin_centre"/>
    <member type="way" ref="237298989" role="outer"/>
    <member type="way" ref="229365552" role="outer"/>
    <member type="way" ref="237105503" role="outer"/>
    <member type="way" ref="237298987" role="outer"/>
    <member type="way" ref="237298988" role="outer"/>
    <tag k="addr:postcode" v="52150"/>
    <tag k="admin_level" v="8"/>
    <tag k="boundary" v="administrative"/>
    <tag k="name" v="Graffigny-Chemin"/>
    <tag k="population" v="211"/>
    <tag k="ref:INSEE" v="52227"/>
    <tag k="source:population" v="INSEE 2013"/>
    <tag k="type" v="boundary"/>
    <tag k="wikipedia" v="fr:Graffigny-Chemin"/>
  </relation>
</osm>
