<?xml version="1.0" encoding="UTF-8"?>
<osm version="0.6" generator="OpenStreetMap server" copyright="OpenStreetMap and contributors" attribution="http://www.openstreetmap.org/copyright" license="http://opendatacommons.org/licenses/odbl/1-0/">
  <relation id="3211500" visible="true" timestamp="2013-09-17T06:59:46Z" version="1" changeset="17880636" user="windu2b" uid="11068">
    <member type="way" ref="238278171" role="outer"/>
    <member type="way" ref="238278172" role="outer"/>
    <member type="way" ref="232212676" role="outer"/>
    <member type="node" ref="1708081429" role="admin_centre"/>
    <tag k="addr:postcode" v="20235"/>
    <tag k="admin_level" v="8"/>
    <tag k="boundary" v="administrative"/>
    <tag k="name" v="Castello-di-Rostino"/>
    <tag k="name:co" v="Castellu di Rustinu"/>
    <tag k="ref:INSEE" v="2B079"/>
    <tag k="type" v="boundary"/>
    <tag k="wikipedia" v="fr:Castello-di-Rostino"/>
  </relation>
</osm>
