<?xml version="1.0" encoding="UTF-8"?>
<osm version="0.6" generator="OpenStreetMap server" copyright="OpenStreetMap and contributors" attribution="http://www.openstreetmap.org/copyright" license="http://opendatacommons.org/licenses/odbl/1-0/">
  <relation id="3231200" visible="true" timestamp="2013-09-27T12:28:34Z" version="1" changeset="18060515" user="Marcussacapuces91" uid="37548">
    <member type="way" ref="228702423" role="outer"/>
    <member type="way" ref="228103231" role="outer"/>
    <member type="way" ref="228111507" role="outer"/>
    <member type="way" ref="228097853" role="outer"/>
    <member type="way" ref="228112645" role="outer"/>
    <member type="way" ref="228111506" role="outer"/>
    <member type="node" ref="1825323269" role="admin_centre"/>
    <tag k="addr:postcode" v="64410"/>
    <tag k="admin_level" v="8"/>
    <tag k="boundary" v="administrative"/>
    <tag k="name" v="Vignes"/>
    <tag k="population" v="438"/>
    <tag k="ref:INSEE" v="64557"/>
    <tag k="ref:SIREN" v="216405571"/>
    <tag k="source:population" v="INSEE 2013"/>
    <tag k="type" v="boundary"/>
    <tag k="wikipedia" v="fr:Vignes (Pyrénées-Atlantiques)"/>
  </relation>
</osm>
