<?xml version="1.0" encoding="UTF-8"?>
<osm version="0.6" generator="OpenStreetMap server" copyright="OpenStreetMap and contributors" attribution="http://www.openstreetmap.org/copyright" license="http://opendatacommons.org/licenses/odbl/1-0/">
  <relation id="3257500" visible="true" timestamp="2013-10-10T15:06:36Z" version="1" changeset="18282721" user="vincent_95" uid="49047">
    <member type="way" ref="35596401" role=""/>
    <member type="way" ref="241509296" role=""/>
    <member type="way" ref="241509295" role=""/>
    <member type="way" ref="241504030" role=""/>
    <member type="way" ref="241419363" role=""/>
    <member type="node" ref="860202092" role="admin_centre"/>
    <tag k="addr:postcode" v="08440"/>
    <tag k="admin_level" v="8"/>
    <tag k="boundary" v="administrative"/>
    <tag k="name" v="Ville-sur-Lumes"/>
    <tag k="population" v="495"/>
    <tag k="ref:INSEE" v="08483"/>
    <tag k="type" v="boundary"/>
    <tag k="wikipedia" v="fr:Ville-sur-Lumes"/>
  </relation>
</osm>
