<?xml version="1.0" encoding="UTF-8"?>
<osm version="0.6" generator="OpenStreetMap server" copyright="OpenStreetMap and contributors" attribution="http://www.openstreetmap.org/copyright" license="http://opendatacommons.org/licenses/odbl/1-0/">
  <relation id="3266700" visible="true" timestamp="2013-10-13T22:26:52Z" version="1" changeset="18341566" user="yoko99" uid="582049">
    <member type="way" ref="241986985" role="outer"/>
    <member type="way" ref="241530554" role="outer"/>
    <member type="way" ref="241988705" role="outer"/>
    <member type="way" ref="241986984" role="outer"/>
    <member type="node" ref="1709817459" role="admin_centre"/>
    <tag k="addr:postcode" v="08140"/>
    <tag k="admin_level" v="8"/>
    <tag k="boundary" v="administrative"/>
    <tag k="name" v="Brévilly"/>
    <tag k="ref:INSEE" v="08083"/>
    <tag k="source:addr:postcode" v="source of postcode is from osm nodes"/>
    <tag k="source:ref:INSEE" v="source of ref is from osm nodes"/>
    <tag k="type" v="boundary"/>
  </relation>
</osm>
