<?xml version="1.0" encoding="UTF-8"?>
<osm version="0.6" generator="OpenStreetMap server" copyright="OpenStreetMap and contributors" attribution="http://www.openstreetmap.org/copyright" license="http://opendatacommons.org/licenses/odbl/1-0/">
  <relation id="3280600" visible="true" timestamp="2013-10-19T16:24:48Z" version="1" changeset="18436605" user="monsieur a" uid="97101">
    <member type="way" ref="242721660" role="outer"/>
    <member type="way" ref="242721657" role="outer"/>
    <member type="way" ref="241598468" role="outer"/>
    <member type="way" ref="242621702" role="outer"/>
    <member type="way" ref="242722658" role="outer"/>
    <member type="node" ref="1709818315" role="admin_centre"/>
    <tag k="admin_level" v="8"/>
    <tag k="boundary" v="administrative"/>
    <tag k="name" v="Marlemont"/>
    <tag k="ref:INSEE" v="08277"/>
    <tag k="type" v="boundary"/>
  </relation>
</osm>
