<?xml version="1.0" encoding="UTF-8"?>
<osm version="0.6" generator="OpenStreetMap server" copyright="OpenStreetMap and contributors" attribution="http://www.openstreetmap.org/copyright" license="http://opendatacommons.org/licenses/odbl/1-0/">
  <relation id="3288700" visible="true" timestamp="2013-10-23T23:37:40Z" version="1" changeset="18511979" user="yoko99" uid="582049">
    <member type="way" ref="243112284" role="outer"/>
    <member type="way" ref="216605422" role="outer"/>
    <member type="way" ref="216605424" role="outer"/>
    <member type="way" ref="243239296" role="outer"/>
    <member type="way" ref="243241602" role="outer"/>
    <member type="way" ref="243112285" role="outer"/>
    <member type="node" ref="1709817732" role="admin_centre"/>
    <tag k="addr:postcode" v="08390"/>
    <tag k="admin_level" v="8"/>
    <tag k="boundary" v="administrative"/>
    <tag k="name" v="Louvergny"/>
    <tag k="ref:INSEE" v="08261"/>
    <tag k="source:addr:postcode" v="source of postcode is from osm nodes"/>
    <tag k="source:ref:INSEE" v="source of ref is from osm nodes"/>
    <tag k="type" v="boundary"/>
  </relation>
</osm>
