<?xml version="1.0" encoding="UTF-8"?>
<osm version="0.6" generator="OpenStreetMap server" copyright="OpenStreetMap and contributors" attribution="http://www.openstreetmap.org/copyright" license="http://opendatacommons.org/licenses/odbl/1-0/">
  <relation id="3323800" visible="true" timestamp="2013-11-13T17:02:30Z" version="1" changeset="18877603" user="yoko99" uid="582049">
    <member type="way" ref="245990925" role="outer"/>
    <member type="way" ref="245990924" role="outer"/>
    <member type="way" ref="245991606" role="outer"/>
    <member type="way" ref="246008369" role="outer"/>
    <member type="way" ref="194759981" role="outer"/>
    <member type="way" ref="157456473" role="outer"/>
    <member type="way" ref="172430059" role="outer"/>
    <member type="way" ref="178658664" role="outer"/>
    <member type="way" ref="178658674" role="outer"/>
    <member type="node" ref="1709256843" role="admin_centre"/>
    <tag k="addr:postcode" v="61170"/>
    <tag k="admin_level" v="8"/>
    <tag k="boundary" v="administrative"/>
    <tag k="name" v="Le Plantis"/>
    <tag k="ref:INSEE" v="61331"/>
    <tag k="type" v="boundary"/>
  </relation>
</osm>
