<?xml version="1.0" encoding="UTF-8"?>
<osm version="0.6" generator="OpenStreetMap server" copyright="OpenStreetMap and contributors" attribution="http://www.openstreetmap.org/copyright" license="http://opendatacommons.org/licenses/odbl/1-0/">
  <relation id="3327600" visible="true" timestamp="2013-11-15T22:22:45Z" version="1" changeset="18923952" user="yoko99" uid="582049">
    <member type="node" ref="794342181" role="admin_centre"/>
    <member type="way" ref="246230575" role="outer"/>
    <member type="way" ref="246230571" role="outer"/>
    <member type="way" ref="246193919" role="outer"/>
    <member type="way" ref="246193901" role="outer"/>
    <member type="way" ref="246371811" role="outer"/>
    <member type="way" ref="246245756" role="outer"/>
    <member type="way" ref="246245762" role="outer"/>
    <tag k="addr:postcode" v="61120"/>
    <tag k="admin_level" v="8"/>
    <tag k="boundary" v="administrative"/>
    <tag k="name" v="Roiville"/>
    <tag k="ref:INSEE" v="61351"/>
    <tag k="type" v="boundary"/>
  </relation>
</osm>
