<?xml version="1.0" encoding="UTF-8"?>
<osm version="0.6" generator="OpenStreetMap server" copyright="OpenStreetMap and contributors" attribution="http://www.openstreetmap.org/copyright" license="http://opendatacommons.org/licenses/odbl/1-0/">
  <relation id="332700" visible="true" timestamp="2009-11-21T09:33:15Z" version="1" changeset="3174342" user="aytfadc" uid="58255">
    <member type="way" ref="44772798" role=""/>
    <member type="way" ref="44772803" role=""/>
    <member type="way" ref="44772801" role=""/>
    <member type="way" ref="44772799" role=""/>
    <tag k="admin_level" v="8"/>
    <tag k="boundary" v="administrative"/>
    <tag k="name" v="Charcé-Saint-Ellier-sur-Aubance"/>
    <tag k="type" v="boundary"/>
  </relation>
</osm>
