<?xml version="1.0" encoding="UTF-8"?>
<osm version="0.6" generator="OpenStreetMap server" copyright="OpenStreetMap and contributors" attribution="http://www.openstreetmap.org/copyright" license="http://opendatacommons.org/licenses/odbl/1-0/">
  <relation id="3333700" visible="true" timestamp="2013-11-19T18:13:29Z" version="1" changeset="18998954" user="Romuald71" uid="178348">
    <member type="way" ref="88751352" role="outer"/>
    <member type="way" ref="77030065" role="outer"/>
    <member type="way" ref="221664939" role="outer"/>
    <member type="way" ref="221664937" role="outer"/>
    <member type="way" ref="247063183" role="outer"/>
    <member type="way" ref="247066938" role="outer"/>
    <member type="way" ref="247066940" role="outer"/>
    <member type="node" ref="282748721" role="admin_centre"/>
    <tag k="addr:postcode" v="71390"/>
    <tag k="admin_level" v="8"/>
    <tag k="boundary" v="administrative"/>
    <tag k="name" v="Messey-sur-Grosne"/>
    <tag k="ref:INSEE" v="71296"/>
    <tag k="type" v="boundary"/>
    <tag k="wikipedia" v="fr:Messey-sur-Grosne"/>
  </relation>
</osm>
