<?xml version="1.0" encoding="UTF-8"?>
<osm version="0.6" generator="OpenStreetMap server" copyright="OpenStreetMap and contributors" attribution="http://www.openstreetmap.org/copyright" license="http://opendatacommons.org/licenses/odbl/1-0/">
  <relation id="3337300" visible="true" timestamp="2013-11-21T20:44:42Z" version="1" changeset="19044692" user="NicolasDumoulin" uid="143932">
    <member type="way" ref="36600021" role="outer"/>
    <member type="way" ref="247528641" role="outer"/>
    <member type="way" ref="247528638" role="outer"/>
    <member type="way" ref="36693169" role="outer"/>
    <member type="node" ref="282748820" role="admin_centre"/>
    <tag k="addr:postcode" v="71190"/>
    <tag k="admin_level" v="8"/>
    <tag k="boundary" v="administrative"/>
    <tag k="name" v="Saint-Didier-sur-Arroux"/>
    <tag k="ref:INSEE" v="71407"/>
    <tag k="type" v="boundary"/>
  </relation>
</osm>
