<?xml version="1.0" encoding="UTF-8"?>
<osm version="0.6" generator="OpenStreetMap server" copyright="OpenStreetMap and contributors" attribution="http://www.openstreetmap.org/copyright" license="http://opendatacommons.org/licenses/odbl/1-0/">
  <relation id="334200" visible="true" timestamp="2009-11-22T16:23:21Z" version="1" changeset="3187751" user="BrunoC" uid="125252">
    <member type="way" ref="44128121" role=""/>
    <member type="way" ref="44840427" role=""/>
    <member type="way" ref="44839246" role=""/>
    <member type="way" ref="44840426" role=""/>
    <member type="way" ref="44129329" role=""/>
    <tag k="admin_level" v="8"/>
    <tag k="boundary" v="administrative"/>
    <tag k="name" v="Kerlaz"/>
    <tag k="ref:INSEE" v="29090"/>
    <tag k="type" v="boundary"/>
  </relation>
</osm>
