<?xml version="1.0" encoding="UTF-8"?>
<osm version="0.6" generator="OpenStreetMap server" copyright="OpenStreetMap and contributors" attribution="http://www.openstreetmap.org/copyright" license="http://opendatacommons.org/licenses/odbl/1-0/">
  <relation id="3358700" visible="true" timestamp="2013-12-03T20:50:13Z" version="1" changeset="19260325" user="vincent_95" uid="49047">
    <member type="way" ref="249800254" role=""/>
    <member type="way" ref="249800252" role=""/>
    <member type="node" ref="751783205" role="admin_centre"/>
    <tag k="addr:postcode" v="80500"/>
    <tag k="admin_level" v="8"/>
    <tag k="boundary" v="administrative"/>
    <tag k="name" v="Becquigny"/>
    <tag k="population" v="104"/>
    <tag k="ref:INSEE" v="80074"/>
    <tag k="type" v="boundary"/>
    <tag k="wikipedia" v="fr:Becquigny (Somme)"/>
  </relation>
</osm>
