<?xml version="1.0" encoding="UTF-8"?>
<osm version="0.6" generator="OpenStreetMap server" copyright="OpenStreetMap and contributors" attribution="http://www.openstreetmap.org/copyright" license="http://opendatacommons.org/licenses/odbl/1-0/">
  <relation id="3359700" changeset="19269806" timestamp="2013-12-04T11:00:15Z" version="1" visible="true" user="julien76100" uid="97036">
    <member type="node" ref="670247893" role="admin_centre"/>
    <member type="way" ref="249883356" role="outer"/>
    <member type="way" ref="249875170" role="outer"/>
    <member type="way" ref="249875169" role="outer"/>
    <member type="way" ref="249411518" role="outer"/>
    <member type="way" ref="226064636" role="outer"/>
    <member type="way" ref="226212305" role="outer"/>
    <member type="way" ref="226212304" role="outer"/>
    <member type="way" ref="249883358" role="outer"/>
    <tag k="addr:postcode" v="80320"/>
    <tag k="admin_level" v="8"/>
    <tag k="boundary" v="administrative"/>
    <tag k="name" v="Ablaincourt-Pressoir"/>
    <tag k="ref:INSEE" v="80002"/>
    <tag k="type" v="boundary"/>
  </relation>
</osm>
