<?xml version="1.0" encoding="UTF-8"?>
<osm version="0.6" generator="OpenStreetMap server" copyright="OpenStreetMap and contributors" attribution="http://www.openstreetmap.org/copyright" license="http://opendatacommons.org/licenses/odbl/1-0/">
  <relation id="338000" visible="true" timestamp="2009-11-27T23:08:14Z" version="1" changeset="3232543" user="ndecaris" uid="155015">
    <member type="way" ref="35739337" role=""/>
    <member type="way" ref="35287049" role=""/>
    <member type="way" ref="35167211" role=""/>
    <member type="way" ref="35210261" role=""/>
    <member type="way" ref="35384517" role=""/>
    <tag k="admin_level" v="8"/>
    <tag k="boundary" v="administrative"/>
    <tag k="name" v="Saint Clémentin"/>
    <tag k="population" v="534"/>
    <tag k="ref:INSEE" v="79242"/>
    <tag k="type" v="boundary"/>
  </relation>
</osm>
