<?xml version="1.0" encoding="UTF-8"?>
<osm version="0.6" generator="OpenStreetMap server" copyright="OpenStreetMap and contributors" attribution="http://www.openstreetmap.org/copyright" license="http://opendatacommons.org/licenses/odbl/1-0/">
  <relation id="358800" visible="true" timestamp="2009-12-09T12:25:38Z" version="1" changeset="3333186" user="BrunoC" uid="125252">
    <member type="node" ref="470443217" role=""/>
    <member type="way" ref="45851728" role=""/>
    <member type="way" ref="45851722" role=""/>
    <member type="way" ref="45824019" role=""/>
    <member type="way" ref="45851723" role=""/>
    <member type="way" ref="45851729" role=""/>
    <tag k="admin_level" v="8"/>
    <tag k="boundary" v="administrative"/>
    <tag k="name" v="Saint-Gilles-du-Mené"/>
    <tag k="ref:INSEE" v="22292"/>
    <tag k="type" v="boundary"/>
  </relation>
</osm>
