<?xml version="1.0" encoding="UTF-8"?>
<osm version="0.6" generator="OpenStreetMap server" copyright="OpenStreetMap and contributors" attribution="http://www.openstreetmap.org/copyright" license="http://opendatacommons.org/licenses/odbl/1-0/">
  <relation id="359900" visible="true" timestamp="2009-12-11T12:13:08Z" version="1" changeset="3348502" user="BrunoC" uid="125252">
    <member type="node" ref="26698337" role=""/>
    <member type="way" ref="45985775" role=""/>
    <member type="way" ref="45985776" role=""/>
    <tag k="admin_level" v="8"/>
    <tag k="boundary" v="administrative"/>
    <tag k="name" v="Broons"/>
    <tag k="ref:INSEE" v="22020"/>
    <tag k="type" v="boundary"/>
  </relation>
</osm>
