<?xml version="1.0" encoding="UTF-8"?>
<osm version="0.6" generator="OpenStreetMap server" copyright="OpenStreetMap and contributors" attribution="http://www.openstreetmap.org/copyright" license="http://opendatacommons.org/licenses/odbl/1-0/">
  <relation id="363700" visible="true" timestamp="2009-12-14T20:27:01Z" version="1" changeset="3374877" user="BrunoC" uid="125252">
    <member type="node" ref="470443000" role=""/>
    <member type="way" ref="46159466" role=""/>
    <member type="way" ref="46269905" role=""/>
    <member type="way" ref="46269943" role=""/>
    <member type="way" ref="46269945" role=""/>
    <member type="way" ref="46269906" role=""/>
    <member type="way" ref="46269911" role=""/>
    <tag k="admin_level" v="8"/>
    <tag k="boundary" v="administrative"/>
    <tag k="name" v="Landébia"/>
    <tag k="ref:INSEE" v="22096"/>
    <tag k="type" v="boundary"/>
  </relation>
</osm>
