<?xml version="1.0" encoding="UTF-8"?>
<osm version="0.6" generator="OpenStreetMap server" copyright="OpenStreetMap and contributors" attribution="http://www.openstreetmap.org/copyright" license="http://opendatacommons.org/licenses/odbl/1-0/">
  <relation id="367800" visible="true" timestamp="2009-12-21T19:02:23Z" version="1" changeset="3422296" user="BrunoC" uid="125252">
    <member type="node" ref="470442952" role=""/>
    <member type="way" ref="46781637" role=""/>
    <member type="way" ref="46781636" role=""/>
    <tag k="admin_level" v="8"/>
    <tag k="boundary" v="administrative"/>
    <tag k="name" v="Bourseul"/>
    <tag k="ref:INSEE" v="22014"/>
    <tag k="type" v="boundary"/>
  </relation>
</osm>
