<?xml version="1.0" encoding="UTF-8"?>
<osm version="0.6" generator="OpenStreetMap server" copyright="OpenStreetMap and contributors" attribution="http://www.openstreetmap.org/copyright" license="http://opendatacommons.org/licenses/odbl/1-0/">
  <relation id="372200" visible="true" timestamp="2009-12-29T14:08:39Z" version="1" changeset="3481373" user="BrunoC" uid="125252">
    <member type="node" ref="470443239" role=""/>
    <member type="way" ref="47126802" role=""/>
    <member type="way" ref="47126807" role=""/>
    <member type="way" ref="47126804" role=""/>
    <member type="way" ref="47126805" role=""/>
    <tag k="admin_level" v="8"/>
    <tag k="boundary" v="administrative"/>
    <tag k="name" v="Trébédan"/>
    <tag k="ref:INSEE" v="22342"/>
    <tag k="type" v="boundary"/>
  </relation>
</osm>
