<?xml version="1.0" encoding="UTF-8"?>
<osm version="0.6" generator="OpenStreetMap server" copyright="OpenStreetMap and contributors" attribution="http://www.openstreetmap.org/copyright" license="http://opendatacommons.org/licenses/odbl/1-0/">
  <relation id="374700" visible="true" timestamp="2010-01-02T15:16:25Z" version="1" changeset="3519207" user="xschaeffer" uid="89861">
    <member type="way" ref="47368673" role=""/>
    <member type="way" ref="47368674" role=""/>
    <tag k="admin_level" v="8"/>
    <tag k="boundary" v="administrative"/>
    <tag k="name" v="Vibrac"/>
    <tag k="ref:INSEE" v="16402"/>
    <tag k="type" v="boundary"/>
  </relation>
</osm>
