<?xml version="1.0" encoding="UTF-8"?>
<osm version="0.6" generator="OpenStreetMap server" copyright="OpenStreetMap and contributors" attribution="http://www.openstreetmap.org/copyright" license="http://opendatacommons.org/licenses/odbl/1-0/">
  <relation id="374900" visible="true" timestamp="2010-01-02T21:16:55Z" version="1" changeset="3522328" user="Eric V" uid="163480">
    <member type="way" ref="47388770" role=""/>
    <member type="way" ref="47389396" role=""/>
    <tag k="admin_level" v="8"/>
    <tag k="boundary" v="administrative"/>
    <tag k="name" v="Trie Château"/>
    <tag k="type" v="boundary"/>
  </relation>
</osm>
