<?xml version="1.0" encoding="UTF-8"?>
<osm version="0.6" generator="OpenStreetMap server" copyright="OpenStreetMap and contributors" attribution="http://www.openstreetmap.org/copyright" license="http://opendatacommons.org/licenses/odbl/1-0/">
  <relation id="377000" visible="true" timestamp="2010-01-05T11:17:57Z" version="1" changeset="3544433" user="BrunoC" uid="125252">
    <member type="node" ref="26698445" role=""/>
    <member type="way" ref="47575185" role=""/>
    <member type="way" ref="47575160" role=""/>
    <member type="way" ref="47575161" role=""/>
    <member type="way" ref="47575184" role=""/>
    <tag k="admin_level" v="8"/>
    <tag k="boundary" v="administrative"/>
    <tag k="name" v="Quévert"/>
    <tag k="ref:INSEE" v="22259"/>
    <tag k="type" v="boundary"/>
  </relation>
</osm>
