<?xml version="1.0" encoding="UTF-8"?>
<osm version="0.6" generator="OpenStreetMap server" copyright="OpenStreetMap and contributors" attribution="http://www.openstreetmap.org/copyright" license="http://opendatacommons.org/licenses/odbl/1-0/">
  <relation id="379900" visible="true" timestamp="2010-01-08T20:19:12Z" version="1" changeset="3573227" user="Balooval" uid="145184">
    <member type="way" ref="47934854" role=""/>
    <member type="way" ref="47893349" role=""/>
    <member type="way" ref="47934855" role=""/>
    <tag k="admin_level" v="8"/>
    <tag k="boundary" v="administrative"/>
    <tag k="name" v="Collias"/>
    <tag k="ref:INSEE" v="30085"/>
    <tag k="type" v="boundary"/>
  </relation>
</osm>
