<?xml version="1.0" encoding="UTF-8"?>
<osm version="0.6" generator="OpenStreetMap server" copyright="OpenStreetMap and contributors" attribution="http://www.openstreetmap.org/copyright" license="http://opendatacommons.org/licenses/odbl/1-0/">
  <relation id="384100" visible="true" timestamp="2010-01-13T14:19:22Z" version="1" changeset="3610243" user="Balooval" uid="145184">
    <member type="way" ref="48229106" role=""/>
    <member type="way" ref="48229108" role=""/>
    <tag k="addr:postcode" v="30300"/>
    <tag k="admin_level" v="8"/>
    <tag k="boundary" v="administrative"/>
    <tag k="name" v="Comps"/>
    <tag k="ref:INSEE" v="30089"/>
    <tag k="type" v="boundary"/>
  </relation>
</osm>
