<?xml version="1.0" encoding="UTF-8"?>
<osm version="0.6" generator="OpenStreetMap server" copyright="OpenStreetMap and contributors" attribution="http://www.openstreetmap.org/copyright" license="http://opendatacommons.org/licenses/odbl/1-0/">
  <relation id="390300" visible="true" timestamp="2010-01-20T16:51:22Z" version="1" changeset="3668272" user="petrovsk" uid="90394">
    <member type="way" ref="48596776" role=""/>
    <member type="way" ref="48596795" role=""/>
    <member type="way" ref="37035174" role=""/>
    <member type="way" ref="37034919" role=""/>
    <member type="way" ref="48594257" role=""/>
    <member type="way" ref="48596780" role=""/>
    <member type="way" ref="48596804" role=""/>
    <member type="way" ref="48596822" role=""/>
    <tag k="admin_level" v="8"/>
    <tag k="boundary" v="administrative"/>
    <tag k="name" v="La Couvertoirade"/>
    <tag k="ref:INSEE" v="12082"/>
    <tag k="type" v="boundary"/>
  </relation>
</osm>
