<?xml version="1.0" encoding="UTF-8"?>
<osm version="0.6" generator="OpenStreetMap server" copyright="OpenStreetMap and contributors" attribution="http://www.openstreetmap.org/copyright" license="http://opendatacommons.org/licenses/odbl/1-0/">
  <relation id="391000" visible="true" timestamp="2010-01-21T12:29:30Z" version="1" changeset="3674192" user="CedricDV" uid="65701">
    <member type="way" ref="48630285" role=""/>
    <member type="way" ref="48630284" role=""/>
    <member type="way" ref="48557543" role=""/>
    <member type="way" ref="48557539" role=""/>
    <member type="way" ref="27892447" role=""/>
    <member type="way" ref="48630286" role=""/>
    <member type="way" ref="48630283" role=""/>
    <member type="node" ref="617592185" role=""/>
    <tag k="addr:postcode" v="18130"/>
    <tag k="admin_level" v="8"/>
    <tag k="boundary" v="administrative"/>
    <tag k="name" v="Saint-Denis-de-Palin"/>
    <tag k="ref:INSEE" v="18204"/>
    <tag k="source:addr:postcode" v="http://fr.wikipedia.org/wiki/Liste_des_communes_du_Cher"/>
    <tag k="source:ref:INSEE" v="http://fr.wikipedia.org/wiki/Liste_des_communes_du_Cher"/>
    <tag k="type" v="boundary"/>
  </relation>
</osm>
