<?xml version="1.0" encoding="UTF-8"?>
<osm version="0.6" generator="OpenStreetMap server" copyright="OpenStreetMap and contributors" attribution="http://www.openstreetmap.org/copyright" license="http://opendatacommons.org/licenses/odbl/1-0/">
  <relation id="391200" visible="true" timestamp="2010-01-21T19:34:37Z" version="1" changeset="3677440" user="xschaeffer" uid="89861">
    <member type="way" ref="48652665" role=""/>
    <member type="way" ref="48652666" role=""/>
    <member type="way" ref="48652661" role=""/>
    <tag k="addr:postcode" v="31160"/>
    <tag k="admin_level" v="8"/>
    <tag k="boundary" v="administrative"/>
    <tag k="name" v="Moncaup"/>
    <tag k="ref:INSEE" v="31348"/>
    <tag k="type" v="boundary"/>
  </relation>
</osm>
