<?xml version="1.0" encoding="UTF-8"?>
<osm version="0.6" generator="OpenStreetMap server" copyright="OpenStreetMap and contributors" attribution="http://www.openstreetmap.org/copyright" license="http://opendatacommons.org/licenses/odbl/1-0/">
  <relation id="395200" visible="true" timestamp="2010-01-26T17:35:11Z" version="1" changeset="3721278" user="Damouns" uid="13442">
    <member type="way" ref="48916502" role=""/>
    <member type="way" ref="48916515" role=""/>
    <member type="way" ref="48916506" role=""/>
    <tag k="admin_level" v="8"/>
    <tag k="boundary" v="administrative"/>
    <tag k="name" v="Auxon"/>
    <tag k="ref:INSEE" v="70044"/>
    <tag k="type" v="boundary"/>
  </relation>
</osm>
