<?xml version="1.0" encoding="UTF-8"?>
<osm version="0.6" generator="OpenStreetMap server" copyright="OpenStreetMap and contributors" attribution="http://www.openstreetmap.org/copyright" license="http://opendatacommons.org/licenses/odbl/1-0/">
  <relation id="399900" visible="true" timestamp="2010-02-02T12:07:20Z" version="1" changeset="3775025" user="BrunoC" uid="125252">
    <member type="node" ref="297327256" role="admin_centre"/>
    <member type="way" ref="49332277" role=""/>
    <member type="way" ref="49332278" role=""/>
    <tag k="admin_level" v="8"/>
    <tag k="boundary" v="administrative"/>
    <tag k="name" v="Corlay"/>
    <tag k="ref:INSEE" v="22047"/>
    <tag k="type" v="boundary"/>
  </relation>
</osm>
