<?xml version="1.0" encoding="UTF-8"?>
<osm version="0.6" generator="OpenStreetMap server" copyright="OpenStreetMap and contributors" attribution="http://www.openstreetmap.org/copyright" license="http://opendatacommons.org/licenses/odbl/1-0/">
  <relation id="400500" visible="true" timestamp="2010-02-03T11:23:34Z" version="1" changeset="3782242" user="BrunoC" uid="125252">
    <member type="node" ref="387200847" role="admin_centre"/>
    <member type="way" ref="49409051" role=""/>
    <member type="way" ref="49409075" role=""/>
    <member type="way" ref="48854442" role=""/>
    <member type="way" ref="48854478" role=""/>
    <member type="way" ref="49409058" role=""/>
    <member type="way" ref="49409055" role=""/>
    <tag k="admin_level" v="8"/>
    <tag k="boundary" v="administrative"/>
    <tag k="name" v="Loguivy-Plougras"/>
    <tag k="ref:INSEE" v="22131"/>
    <tag k="type" v="boundary"/>
  </relation>
</osm>
