<?xml version="1.0" encoding="UTF-8"?>
<osm version="0.6" generator="OpenStreetMap server" copyright="OpenStreetMap and contributors" attribution="http://www.openstreetmap.org/copyright" license="http://opendatacommons.org/licenses/odbl/1-0/">
  <relation id="401300" visible="true" timestamp="2010-02-04T12:41:41Z" version="1" changeset="3790016" user="CedricDV" uid="65701">
    <member type="way" ref="48630460" role=""/>
    <member type="way" ref="48630285" role=""/>
    <member type="way" ref="48678573" role=""/>
    <member type="way" ref="49493628" role=""/>
    <member type="way" ref="49493630" role=""/>
    <member type="way" ref="49493629" role=""/>
    <member type="way" ref="48903382" role=""/>
    <member type="way" ref="48649263" role=""/>
    <member type="way" ref="48630657" role=""/>
    <member type="node" ref="628847302" role=""/>
    <tag k="addr:postcode" v="18340"/>
    <tag k="admin_level" v="8"/>
    <tag k="boundary" v="administrative"/>
    <tag k="name" v="Saint-Germain-des-Bois"/>
    <tag k="ref:INSEE" v="18212"/>
    <tag k="source:addr:postcode" v="http://fr.wikipedia.org/wiki/Liste_des_communes_du_Cher"/>
    <tag k="source:ref:INSEE" v="http://fr.wikipedia.org/wiki/Liste_des_communes_du_Cher"/>
    <tag k="type" v="boundary"/>
  </relation>
</osm>
