<?xml version="1.0" encoding="UTF-8"?>
<osm version="0.6" generator="OpenStreetMap server" copyright="OpenStreetMap and contributors" attribution="http://www.openstreetmap.org/copyright" license="http://opendatacommons.org/licenses/odbl/1-0/">
  <relation id="404200" visible="true" timestamp="2010-02-08T04:08:42Z" version="1" changeset="3820696" user="Guillaume Audirac" uid="89411">
    <member type="node" ref="633091235" role="admin_centre"/>
    <member type="way" ref="49828583" role=""/>
    <member type="way" ref="49828582" role=""/>
    <member type="way" ref="49458455" role=""/>
    <tag k="addr:postcode" v="50420"/>
    <tag k="admin_level" v="8"/>
    <tag k="boundary" v="administrative"/>
    <tag k="name" v="Saint-Louet-sur-Vire"/>
    <tag k="ref:INSEE" v="50504"/>
    <tag k="source" v="http://fr.wikipedia.org/wiki/Saint-Louet-sur-Vire"/>
    <tag k="type" v="boundary"/>
  </relation>
</osm>
