<?xml version="1.0" encoding="UTF-8"?>
<osm version="0.6" generator="OpenStreetMap server" copyright="OpenStreetMap and contributors" attribution="http://www.openstreetmap.org/copyright" license="http://opendatacommons.org/licenses/odbl/1-0/">
  <relation id="406900" visible="true" timestamp="2010-02-12T13:03:20Z" version="1" changeset="3856208" user="Mawie" uid="150619">
    <member type="way" ref="31893616" role=""/>
    <member type="way" ref="50131542" role=""/>
    <member type="way" ref="50064285" role=""/>
    <member type="way" ref="50064286" role=""/>
    <member type="way" ref="50061390" role=""/>
    <member type="way" ref="31670458" role=""/>
    <member type="way" ref="50131540" role=""/>
    <tag k="addr:postcode" v="77100"/>
    <tag k="admin_level" v="8"/>
    <tag k="boundary" v="administrative"/>
    <tag k="name" v="Mareuil-Lès-Meaux"/>
    <tag k="ref:INSEE" v="77276"/>
    <tag k="source:addr:postcode" v="source of postcode is from osm nodes"/>
    <tag k="source:ref:INSEE" v="source of ref is from osm nodes"/>
    <tag k="type" v="boundary"/>
  </relation>
</osm>
