<?xml version="1.0" encoding="UTF-8"?>
<osm version="0.6" generator="OpenStreetMap server" copyright="OpenStreetMap and contributors" attribution="http://www.openstreetmap.org/copyright" license="http://opendatacommons.org/licenses/odbl/1-0/">
  <relation id="414400" visible="true" timestamp="2010-02-20T18:58:51Z" version="1" changeset="3926608" user="xschaeffer" uid="89861">
    <member type="way" ref="50837567" role=""/>
    <member type="way" ref="50837544" role=""/>
    <tag k="addr:postcode" v="08260"/>
    <tag k="admin_level" v="8"/>
    <tag k="boundary" v="administrative"/>
    <tag k="name" v="Flaignes-Havys"/>
    <tag k="ref:INSEE" v="08169"/>
    <tag k="type" v="boundary"/>
  </relation>
</osm>
