<?xml version="1.0" encoding="UTF-8"?>
<osm version="0.6" generator="OpenStreetMap server" copyright="OpenStreetMap and contributors" attribution="http://www.openstreetmap.org/copyright" license="http://opendatacommons.org/licenses/odbl/1-0/">
  <relation id="414500" visible="true" timestamp="2010-02-20T20:35:24Z" version="1" changeset="3927496" user="xschaeffer" uid="89861">
    <member type="way" ref="50843358" role=""/>
    <member type="way" ref="38390451" role=""/>
    <member type="way" ref="38580398" role=""/>
    <tag k="addr:postcode" v="77131"/>
    <tag k="admin_level" v="8"/>
    <tag k="boundary" v="administrative"/>
    <tag k="name" v="Touquin"/>
    <tag k="ref:INSEE" v="77469"/>
    <tag k="type" v="boundary"/>
  </relation>
</osm>
