<?xml version="1.0" encoding="UTF-8"?>
<osm version="0.6" generator="OpenStreetMap server" copyright="OpenStreetMap and contributors" attribution="http://www.openstreetmap.org/copyright" license="http://opendatacommons.org/licenses/odbl/1-0/">
  <relation id="419500" visible="true" timestamp="2010-02-28T12:42:04Z" version="1" changeset="3997428" user="TomTom777" uid="82887">
    <member type="way" ref="51398784" role=""/>
    <member type="way" ref="51398783" role=""/>
    <tag k="admin_level" v="8"/>
    <tag k="boundary" v="administrative"/>
    <tag k="name" v="Montgru-Saint-Hilaire"/>
    <tag k="ref:INSEE" v="02507"/>
    <tag k="type" v="boundary"/>
  </relation>
</osm>
