<?xml version="1.0" encoding="UTF-8"?>
<osm version="0.6" generator="OpenStreetMap server" copyright="OpenStreetMap and contributors" attribution="http://www.openstreetmap.org/copyright" license="http://opendatacommons.org/licenses/odbl/1-0/">
  <relation id="423100" visible="true" timestamp="2010-03-04T04:19:50Z" version="1" changeset="4030089" user="Guillaume Audirac" uid="89411">
    <member type="node" ref="660053016" role="admin_centre"/>
    <member type="way" ref="51713675" role=""/>
    <member type="way" ref="51713676" role=""/>
    <member type="way" ref="51713674" role=""/>
    <member type="way" ref="51713677" role=""/>
    <tag k="addr:postcode" v="50200"/>
    <tag k="admin_level" v="8"/>
    <tag k="boundary" v="administrative"/>
    <tag k="name" v="Courcy"/>
    <tag k="ref:INSEE" v="50145"/>
    <tag k="source" v="http://fr.wikipedia.org/wiki/Courcy_(Manche)"/>
    <tag k="type" v="boundary"/>
  </relation>
</osm>
