<?xml version="1.0" encoding="UTF-8"?>
<osm version="0.6" generator="OpenStreetMap server" copyright="OpenStreetMap and contributors" attribution="http://www.openstreetmap.org/copyright" license="http://opendatacommons.org/licenses/odbl/1-0/">
  <relation id="446100" visible="true" timestamp="2010-03-09T03:52:08Z" version="1" changeset="4078025" user="Guillaume Audirac" uid="89411">
    <member type="node" ref="663126095" role="admin_centre"/>
    <member type="way" ref="52013884" role=""/>
    <member type="way" ref="52013885" role=""/>
    <tag k="addr:postcode" v="50750"/>
    <tag k="admin_level" v="8"/>
    <tag k="boundary" v="administrative"/>
    <tag k="name" v="Saint-Martin-de-Bonfossé"/>
    <tag k="ref:INSEE" v="50512"/>
    <tag k="source" v="http://fr.wikipedia.org/wiki/Saint-Martin-de-Bonfossé"/>
    <tag k="type" v="boundary"/>
  </relation>
</osm>
