<?xml version="1.0" encoding="UTF-8"?>
<osm version="0.6" generator="OpenStreetMap server" copyright="OpenStreetMap and contributors" attribution="http://www.openstreetmap.org/copyright" license="http://opendatacommons.org/licenses/odbl/1-0/">
  <relation id="452400" visible="true" timestamp="2010-03-16T19:42:33Z" version="1" changeset="4146058" user="BrunoC" uid="125252">
    <member type="node" ref="411903489" role="admin_centre"/>
    <member type="way" ref="45849374" role=""/>
    <member type="way" ref="52519980" role=""/>
    <member type="way" ref="52519970" role=""/>
    <member type="way" ref="45824972" role=""/>
    <member type="way" ref="45778471" role=""/>
    <tag k="admin_level" v="8"/>
    <tag k="boundary" v="administrative"/>
    <tag k="name" v="Grâce-Uzel"/>
    <tag k="ref:INSEE" v="22068"/>
    <tag k="type" v="boundary"/>
  </relation>
</osm>
