<?xml version="1.0" encoding="UTF-8"?>
<osm version="0.6" generator="OpenStreetMap server" copyright="OpenStreetMap and contributors" attribution="http://www.openstreetmap.org/copyright" license="http://opendatacommons.org/licenses/odbl/1-0/">
  <relation id="457000" visible="true" timestamp="2010-03-20T14:34:18Z" version="1" changeset="4180366" user="Mawie" uid="150619">
    <member type="way" ref="52890346" role=""/>
    <member type="way" ref="52890348" role=""/>
    <member type="way" ref="48802130" role=""/>
    <member type="way" ref="48802134" role=""/>
    <member type="way" ref="37041981" role=""/>
    <member type="way" ref="52890104" role=""/>
    <tag k="addr:postcode" v="60790"/>
    <tag k="admin_level" v="8"/>
    <tag k="boundary" v="administrative"/>
    <tag k="name" v="La Neuville-d'Aumont"/>
    <tag k="ref:INSEE" v="60453"/>
    <tag k="source:addr:postcode" v="source of postcode is from osm nodes"/>
    <tag k="source:ref:INSEE" v="source of ref is from osm nodes"/>
    <tag k="type" v="boundary"/>
  </relation>
</osm>
