<?xml version="1.0" encoding="UTF-8"?>
<osm version="0.6" generator="OpenStreetMap server" copyright="OpenStreetMap and contributors" attribution="http://www.openstreetmap.org/copyright" license="http://opendatacommons.org/licenses/odbl/1-0/">
  <relation id="52400" visible="true" timestamp="2008-11-18T18:52:11Z" version="1" changeset="764883" user="Aurelien Jacobs" uid="19237">
    <member type="way" ref="28311449" role=""/>
    <member type="way" ref="28311455" role=""/>
    <member type="way" ref="28311460" role=""/>
    <member type="way" ref="28311469" role=""/>
    <tag k="admin_level" v="8"/>
    <tag k="boundary" v="administrative"/>
    <tag k="name" v="Maxeville"/>
    <tag k="type" v="boundary"/>
  </relation>
</osm>
