<?xml version="1.0" encoding="UTF-8"?>
<osm version="0.6" generator="OpenStreetMap server" copyright="OpenStreetMap and contributors" attribution="http://www.openstreetmap.org/copyright" license="http://opendatacommons.org/licenses/odbl/1-0/">
  <relation id="531300" visible="true" timestamp="2010-03-21T14:28:15Z" version="1" changeset="4191602" user="the_smile" uid="178396">
    <member type="way" ref="53010861" role=""/>
    <member type="way" ref="53010860" role=""/>
    <member type="way" ref="51829339" role=""/>
    <member type="way" ref="51829349" role=""/>
    <member type="way" ref="30837189" role=""/>
    <tag k="admin_level" v="8"/>
    <tag k="boundary" v="administrative"/>
    <tag k="name" v="Sainte-Geneviève-lès-Gasny"/>
    <tag k="ref:INSEE" v="27540"/>
    <tag k="type" v="boundary"/>
  </relation>
</osm>
