<?xml version="1.0" encoding="UTF-8"?>
<osm version="0.6" generator="OpenStreetMap server" copyright="OpenStreetMap and contributors" attribution="http://www.openstreetmap.org/copyright" license="http://opendatacommons.org/licenses/odbl/1-0/">
  <relation id="532000" visible="true" timestamp="2010-03-22T03:08:49Z" version="1" changeset="4198845" user="Guillaume Audirac" uid="89411">
    <member type="node" ref="671850868" role="admin_centre"/>
    <member type="way" ref="53056069" role=""/>
    <member type="way" ref="53056070" role=""/>
    <member type="way" ref="52095135" role=""/>
    <tag k="addr:postcode" v="50420"/>
    <tag k="admin_level" v="8"/>
    <tag k="boundary" v="administrative"/>
    <tag k="name" v="Gouvets"/>
    <tag k="ref:INSEE" v="50214"/>
    <tag k="source" v="http://fr.wikipedia.org/wiki/Gouvets"/>
    <tag k="type" v="boundary"/>
  </relation>
</osm>
