<?xml version="1.0" encoding="UTF-8"?>
<osm version="0.6" generator="OpenStreetMap server" copyright="OpenStreetMap and contributors" attribution="http://www.openstreetmap.org/copyright" license="http://opendatacommons.org/licenses/odbl/1-0/">
  <relation id="532300" visible="true" timestamp="2010-03-22T15:48:28Z" version="1" changeset="4203696" user="Mawie" uid="150619">
    <member type="way" ref="52890685" role=""/>
    <member type="way" ref="48394893" role=""/>
    <member type="way" ref="48064358" role=""/>
    <member type="way" ref="47999192" role=""/>
    <member type="way" ref="48394322" role=""/>
    <member type="way" ref="48394324" role=""/>
    <member type="way" ref="48399996" role=""/>
    <member type="way" ref="48400000" role=""/>
    <tag k="addr:postcode" v="60149"/>
    <tag k="admin_level" v="8"/>
    <tag k="boundary" v="administrative"/>
    <tag k="name" v="Saint-Crépin-Ibouvillers"/>
    <tag k="ref:INSEE" v="60570"/>
    <tag k="source:addr:postcode" v="source of postcode is from osm nodes"/>
    <tag k="source:ref:INSEE" v="source of ref is from osm nodes"/>
    <tag k="type" v="boundary"/>
  </relation>
</osm>
