<?xml version="1.0" encoding="UTF-8"?>
<osm version="0.6" generator="OpenStreetMap server" copyright="OpenStreetMap and contributors" attribution="http://www.openstreetmap.org/copyright" license="http://opendatacommons.org/licenses/odbl/1-0/">
  <relation id="53800" visible="true" timestamp="2008-11-25T18:47:03Z" version="1" changeset="792847" user="wagner51" uid="11699">
    <member type="way" ref="28605348" role=""/>
    <member type="way" ref="28607837" role=""/>
    <member type="way" ref="28631242" role=""/>
    <tag k="admin_level" v="8"/>
    <tag k="boundary" v="administrative"/>
    <tag k="name" v="Saint-Aubin"/>
    <tag k="type" v="boundary"/>
  </relation>
</osm>
