<?xml version="1.0" encoding="UTF-8"?>
<osm version="0.6" generator="OpenStreetMap server" copyright="OpenStreetMap and contributors" attribution="http://www.openstreetmap.org/copyright" license="http://opendatacommons.org/licenses/odbl/1-0/">
  <relation id="539500" visible="true" timestamp="2010-03-31T19:47:05Z" version="1" changeset="4288770" user="Art Penteur" uid="92075">
    <member type="way" ref="52916427" role=""/>
    <member type="way" ref="53003585" role=""/>
    <member type="way" ref="32514462" role=""/>
    <member type="node" ref="282748747" role="admin_centre"/>
    <tag k="admin_level" v="8"/>
    <tag k="boundary" v="administrative"/>
    <tag k="type" v="boundary"/>
  </relation>
</osm>
