<?xml version="1.0" encoding="UTF-8"?>
<osm version="0.6" generator="OpenStreetMap server" copyright="OpenStreetMap and contributors" attribution="http://www.openstreetmap.org/copyright" license="http://opendatacommons.org/licenses/odbl/1-0/">
  <relation id="55100" visible="true" timestamp="2008-12-01T14:03:42Z" version="1" changeset="32400" user="Frop" uid="67553">
    <member type="way" ref="28744525" role=""/>
    <member type="way" ref="28744527" role=""/>
    <tag k="admin_level" v="8"/>
    <tag k="boundary" v="administrative"/>
    <tag k="name" v="Éclaibes"/>
    <tag k="type" v="boundary"/>
  </relation>
</osm>
