<?xml version="1.0" encoding="UTF-8"?>
<osm version="0.6" generator="OpenStreetMap server" copyright="OpenStreetMap and contributors" attribution="http://www.openstreetmap.org/copyright" license="http://opendatacommons.org/licenses/odbl/1-0/">
  <relation id="555800" visible="true" timestamp="2010-04-14T18:31:16Z" version="1" changeset="4424921" user="the_smile" uid="178396">
    <member type="way" ref="48402008" role=""/>
    <member type="way" ref="30836499" role=""/>
    <member type="way" ref="30836531" role=""/>
    <member type="way" ref="30836538" role=""/>
    <member type="way" ref="47050390" role=""/>
    <member type="way" ref="47050393" role=""/>
    <tag k="admin_level" v="8"/>
    <tag k="boundary" v="administrative"/>
    <tag k="name" v="Buchelay"/>
    <tag k="ref:INSEE" v="78118"/>
    <tag k="type" v="boundary"/>
  </relation>
</osm>
