<?xml version="1.0" encoding="UTF-8"?>
<osm version="0.6" generator="OpenStreetMap server" copyright="OpenStreetMap and contributors" attribution="http://www.openstreetmap.org/copyright" license="http://opendatacommons.org/licenses/odbl/1-0/">
  <relation id="56100" visible="true" timestamp="2008-12-04T18:21:49Z" version="1" changeset="105445" user="Frop" uid="67553">
    <member type="way" ref="28799696" role=""/>
    <member type="way" ref="28801172" role=""/>
    <member type="way" ref="28801284" role=""/>
    <member type="way" ref="28801285" role=""/>
    <tag k="admin_level" v="8"/>
    <tag k="boundary" v="administrative"/>
    <tag k="name" v="Monchecourt"/>
    <tag k="type" v="boundary"/>
  </relation>
</osm>
