<?xml version="1.0" encoding="UTF-8"?>
<osm version="0.6" generator="OpenStreetMap server" copyright="OpenStreetMap and contributors" attribution="http://www.openstreetmap.org/copyright" license="http://opendatacommons.org/licenses/odbl/1-0/">
  <relation id="56400" visible="true" timestamp="2008-12-06T01:39:35Z" version="1" changeset="143616" user="Frop" uid="67553">
    <member type="way" ref="28581783" role=""/>
    <member type="way" ref="28824020" role=""/>
    <member type="way" ref="28824022" role=""/>
    <member type="way" ref="28824023" role=""/>
    <tag k="admin_level" v="8"/>
    <tag k="boundary" v="administrative"/>
    <tag k="name" v="Odomez"/>
    <tag k="type" v="boundary"/>
  </relation>
</osm>
