<?xml version="1.0" encoding="UTF-8"?>
<osm version="0.6" generator="OpenStreetMap server" copyright="OpenStreetMap and contributors" attribution="http://www.openstreetmap.org/copyright" license="http://opendatacommons.org/licenses/odbl/1-0/">
  <relation id="571100" visible="true" timestamp="2010-04-21T18:54:53Z" version="1" changeset="4489541" user="the_smile" uid="178396">
    <member type="way" ref="56036118" role=""/>
    <member type="way" ref="56036117" role=""/>
    <member type="way" ref="56036126" role=""/>
    <member type="way" ref="31898445" role=""/>
    <member type="way" ref="31898481" role=""/>
    <member type="way" ref="31799465" role=""/>
    <member type="way" ref="31991266" role=""/>
    <tag k="admin_level" v="8"/>
    <tag k="boundary" v="administrative"/>
    <tag k="name" v="La Sauve"/>
    <tag k="ref:INSEE" v="33505"/>
    <tag k="type" v="boundary"/>
  </relation>
</osm>
