<?xml version="1.0" encoding="UTF-8"?>
<osm version="0.6" generator="OpenStreetMap server" copyright="OpenStreetMap and contributors" attribution="http://www.openstreetmap.org/copyright" license="http://opendatacommons.org/licenses/odbl/1-0/">
  <relation id="61000" visible="true" timestamp="2008-12-26T23:21:42Z" version="1" changeset="622853" user="DrazziB" uid="53081">
    <member type="way" ref="20357614" role=""/>
    <member type="way" ref="21630646" role=""/>
    <member type="way" ref="21630655" role=""/>
    <member type="way" ref="21630663" role=""/>
    <member type="way" ref="29272445" role=""/>
    <member type="way" ref="29272446" role=""/>
    <member type="way" ref="29272447" role=""/>
    <member type="way" ref="29272449" role=""/>
    <member type="way" ref="29272450" role=""/>
    <member type="way" ref="29272453" role=""/>
    <member type="way" ref="29272454" role=""/>
    <member type="way" ref="29272455" role=""/>
    <member type="way" ref="29272458" role=""/>
    <member type="way" ref="29272459" role=""/>
    <member type="way" ref="29272460" role=""/>
    <member type="way" ref="29272462" role=""/>
    <member type="way" ref="29272463" role=""/>
    <member type="way" ref="29272464" role=""/>
    <member type="way" ref="29272465" role=""/>
    <tag k="admin_level" v="8"/>
    <tag k="boundary" v="administrative"/>
    <tag k="name" v="Basse-Goulaine"/>
    <tag k="type" v="boundary"/>
  </relation>
</osm>
