<?xml version="1.0" encoding="UTF-8"?>
<osm version="0.6" generator="OpenStreetMap server" copyright="OpenStreetMap and contributors" attribution="http://www.openstreetmap.org/copyright" license="http://opendatacommons.org/licenses/odbl/1-0/">
  <relation id="610900" visible="true" timestamp="2010-04-26T07:44:39Z" version="1" changeset="4529182" user="Jeffdelonge" uid="121295">
    <member type="way" ref="55603957" role=""/>
    <member type="way" ref="56015603" role=""/>
    <member type="way" ref="56015607" role=""/>
    <member type="way" ref="56016352" role=""/>
    <member type="way" ref="56016351" role=""/>
    <member type="way" ref="54447035" role=""/>
    <member type="way" ref="55603954" role=""/>
    <tag k="admin_level" v="8"/>
    <tag k="boundary" v="administrative"/>
    <tag k="name" v="Hugier"/>
    <tag k="ref:INSEE" v="70286"/>
    <tag k="type" v="boundary"/>
  </relation>
</osm>
