<?xml version="1.0" encoding="UTF-8"?>
<osm version="0.6" generator="OpenStreetMap server" copyright="OpenStreetMap and contributors" attribution="http://www.openstreetmap.org/copyright" license="http://opendatacommons.org/licenses/odbl/1-0/">
  <relation id="63300" visible="true" timestamp="2009-01-03T13:15:45Z" version="1" changeset="720017" user="Alban" uid="2488">
    <member type="way" ref="29489847" role=""/>
    <member type="way" ref="29489849" role=""/>
    <member type="way" ref="29489850" role=""/>
    <tag k="admin_level" v="8"/>
    <tag k="boundary" v="administrative"/>
    <tag k="name" v="Lapeyrouse-Mornay"/>
    <tag k="type" v="boundary"/>
  </relation>
</osm>
