<?xml version="1.0" encoding="UTF-8"?>
<osm version="0.6" generator="OpenStreetMap server" copyright="OpenStreetMap and contributors" attribution="http://www.openstreetmap.org/copyright" license="http://opendatacommons.org/licenses/odbl/1-0/">
  <relation id="659900" visible="true" timestamp="2010-04-27T14:06:05Z" version="1" changeset="4541371" user="Pmz" uid="4363">
    <member type="way" ref="51574632" role=""/>
    <member type="way" ref="51575099" role=""/>
    <member type="way" ref="51575085" role=""/>
    <member type="way" ref="35301885" role=""/>
    <member type="way" ref="35301886" role=""/>
    <tag k="addr:postcode" v="79310"/>
    <tag k="admin_level" v="8"/>
    <tag k="boundary" v="administrative"/>
    <tag k="name" v="Soutiers"/>
    <tag k="ref:INSEE" v="79318"/>
    <tag k="source:addr:postcode" v="source of postcode is from galichon.com/INSEE"/>
    <tag k="source:ref:INSEE" v="source of ref is from galichon.com/INSEE"/>
    <tag k="type" v="boundary"/>
  </relation>
</osm>
