<?xml version="1.0" encoding="UTF-8"?>
<osm version="0.6" generator="OpenStreetMap server" copyright="OpenStreetMap and contributors" attribution="http://www.openstreetmap.org/copyright" license="http://opendatacommons.org/licenses/odbl/1-0/">
  <relation id="68000" visible="true" timestamp="2009-01-17T17:47:01Z" version="1" changeset="799780" user="Frop" uid="67553">
    <member type="way" ref="30189740" role=""/>
    <member type="way" ref="30189891" role=""/>
    <member type="way" ref="30189892" role=""/>
    <tag k="admin_level" v="8"/>
    <tag k="boundary" v="administrative"/>
    <tag k="name" v="Armentières"/>
    <tag k="type" v="boundary"/>
  </relation>
</osm>
