<?xml version="1.0" encoding="UTF-8"?>
<osm version="0.6" generator="OpenStreetMap server" copyright="OpenStreetMap and contributors" attribution="http://www.openstreetmap.org/copyright" license="http://opendatacommons.org/licenses/odbl/1-0/">
  <relation id="70700" visible="true" timestamp="2009-01-25T18:20:40Z" version="1" changeset="834615" user="Alban" uid="2488">
    <member type="way" ref="30471367" role=""/>
    <member type="way" ref="30471368" role=""/>
    <member type="way" ref="30471398" role=""/>
    <member type="way" ref="30491183" role=""/>
    <member type="way" ref="30491798" role=""/>
    <tag k="admin_level" v="8"/>
    <tag k="boundary" v="administrative"/>
    <tag k="name" v="Saint-Paul-Trois-Châteaux"/>
    <tag k="type" v="boundary"/>
  </relation>
</osm>
