<?xml version="1.0" encoding="UTF-8"?>
<osm version="0.6" generator="OpenStreetMap server" copyright="OpenStreetMap and contributors" attribution="http://www.openstreetmap.org/copyright" license="http://opendatacommons.org/licenses/odbl/1-0/">
  <relation id="7400" visible="true" timestamp="2008-03-15T14:46:17Z" version="1" changeset="325575" user="Alban" uid="2488">
    <member type="way" ref="23301544" role=""/>
    <member type="way" ref="23301551" role=""/>
    <member type="way" ref="23301556" role=""/>
    <member type="way" ref="23301712" role=""/>
    <tag k="converted_by" v="Editop_2_OSM_v0016"/>
    <tag k="created_by" v="Editop"/>
    <tag k="name" v="Nord"/>
  </relation>
</osm>
