<?xml version="1.0" encoding="UTF-8"?>
<osm version="0.6" generator="OpenStreetMap server" copyright="OpenStreetMap and contributors" attribution="http://www.openstreetmap.org/copyright" license="http://opendatacommons.org/licenses/odbl/1-0/">
  <relation id="74000" visible="true" timestamp="2009-02-05T13:51:30Z" version="1" changeset="156902" user="mat" uid="3085">
    <member type="way" ref="30799106" role=""/>
    <member type="way" ref="30799266" role=""/>
    <member type="way" ref="30799390" role=""/>
    <member type="way" ref="30799393" role=""/>
    <member type="way" ref="30799394" role=""/>
    <tag k="admin_level" v="8"/>
    <tag k="boundary" v="administrative"/>
    <tag k="name" v="Missy-Sur-Aisne"/>
    <tag k="type" v="boundary"/>
  </relation>
</osm>
