<?xml version="1.0" encoding="UTF-8"?>
<osm version="0.6" generator="OpenStreetMap server" copyright="OpenStreetMap and contributors" attribution="http://www.openstreetmap.org/copyright" license="http://opendatacommons.org/licenses/odbl/1-0/">
  <relation id="74400" visible="true" timestamp="2009-02-06T15:51:29Z" version="1" changeset="188413" user="Gand'" uid="22685">
    <member type="way" ref="30818562" role=""/>
    <member type="way" ref="30818564" role=""/>
    <member type="way" ref="30818567" role=""/>
    <member type="way" ref="30818569" role=""/>
    <member type="way" ref="30818573" role=""/>
    <tag k="admin_level" v="8"/>
    <tag k="boundary" v="administrative"/>
    <tag k="name" v="Sonnaz"/>
    <tag k="type" v="boundary"/>
  </relation>
</osm>
