<?xml version="1.0" encoding="UTF-8"?>
<osm version="0.6" generator="OpenStreetMap server" copyright="OpenStreetMap and contributors" attribution="http://www.openstreetmap.org/copyright" license="http://opendatacommons.org/licenses/odbl/1-0/">
  <relation id="74500" visible="true" timestamp="2009-02-06T19:36:33Z" version="1" changeset="191923" user="mat" uid="3085">
    <member type="way" ref="30823933" role=""/>
    <member type="way" ref="30823936" role=""/>
    <member type="way" ref="30823943" role=""/>
    <member type="way" ref="30823944" role=""/>
    <member type="way" ref="30823945" role=""/>
    <member type="way" ref="30823953" role=""/>
    <tag k="admin_level" v="8"/>
    <tag k="boundary" v="administrative"/>
    <tag k="name" v="Rimbez et Baudiets"/>
    <tag k="type" v="boundary"/>
  </relation>
</osm>
