<?xml version="1.0" encoding="UTF-8"?>
<osm version="0.6" generator="OpenStreetMap server" copyright="OpenStreetMap and contributors" attribution="http://www.openstreetmap.org/copyright" license="http://opendatacommons.org/licenses/odbl/1-0/">
  <relation id="74700" visible="true" timestamp="2009-02-07T11:14:53Z" version="1" changeset="221139" user="Cyrille Nofficial" uid="29467">
    <member type="way" ref="24796768" role=""/>
    <member type="way" ref="26933970" role=""/>
    <member type="way" ref="27070074" role=""/>
    <member type="way" ref="30836398" role=""/>
    <member type="way" ref="30836400" role=""/>
    <member type="way" ref="30836404" role=""/>
    <member type="way" ref="30836406" role=""/>
    <tag k="admin_level" v="8"/>
    <tag k="boundary" v="administrative"/>
    <tag k="name" v="Cléguer"/>
    <tag k="type" v="boundary"/>
  </relation>
</osm>
