<?xml version="1.0" encoding="UTF-8"?>
<osm version="0.6" generator="OpenStreetMap server" copyright="OpenStreetMap and contributors" attribution="http://www.openstreetmap.org/copyright" license="http://opendatacommons.org/licenses/odbl/1-0/">
  <relation id="74800" visible="true" timestamp="2009-02-07T15:54:58Z" version="1" changeset="235373" user="mat" uid="3085">
    <member type="way" ref="30843286" role=""/>
    <member type="way" ref="30843290" role=""/>
    <member type="way" ref="30843291" role=""/>
    <member type="way" ref="30843294" role=""/>
    <tag k="admin_level" v="8"/>
    <tag k="boundary" v="administrative"/>
    <tag k="name" v="Merey"/>
    <tag k="type" v="boundary"/>
  </relation>
</osm>
