<?xml version="1.0" encoding="UTF-8"?>
<osm version="0.6" generator="OpenStreetMap server" copyright="OpenStreetMap and contributors" attribution="http://www.openstreetmap.org/copyright" license="http://opendatacommons.org/licenses/odbl/1-0/">
  <relation id="75500" visible="true" timestamp="2009-02-08T23:52:52Z" version="1" changeset="290689" user="Aurelien Jacobs" uid="19237">
    <member type="way" ref="30808868" role=""/>
    <member type="way" ref="30809031" role=""/>
    <member type="way" ref="30905857" role=""/>
    <member type="way" ref="30905859" role=""/>
    <member type="way" ref="30905862" role=""/>
    <member type="way" ref="30905876" role=""/>
    <tag k="admin_level" v="8"/>
    <tag k="boundary" v="administrative"/>
    <tag k="name" v="Vix"/>
    <tag k="type" v="boundary"/>
  </relation>
</osm>
