<?xml version="1.0" encoding="UTF-8"?>
<osm version="0.6" generator="OpenStreetMap server" copyright="OpenStreetMap and contributors" attribution="http://www.openstreetmap.org/copyright" license="http://opendatacommons.org/licenses/odbl/1-0/">
  <relation id="75600" visible="true" timestamp="2009-02-09T10:44:41Z" version="1" changeset="292996" user="Aurelien Jacobs" uid="19237">
    <member type="way" ref="26678155" role=""/>
    <member type="way" ref="26678166" role=""/>
    <member type="way" ref="30802184" role=""/>
    <member type="way" ref="30911866" role=""/>
    <member type="way" ref="30912278" role=""/>
    <tag k="admin_level" v="8"/>
    <tag k="boundary" v="administrative"/>
    <tag k="name" v="Quimperlé"/>
    <tag k="type" v="boundary"/>
  </relation>
</osm>
