<?xml version="1.0" encoding="UTF-8"?>
<osm version="0.6" generator="OpenStreetMap server" copyright="OpenStreetMap and contributors" attribution="http://www.openstreetmap.org/copyright" license="http://opendatacommons.org/licenses/odbl/1-0/">
  <relation id="75900" visible="true" timestamp="2009-02-10T00:45:38Z" version="1" changeset="316478" user="mat" uid="3085">
    <member type="way" ref="30929672" role=""/>
    <member type="way" ref="30929673" role=""/>
    <member type="way" ref="30929674" role=""/>
    <member type="way" ref="30929675" role=""/>
    <tag k="admin_level" v="8"/>
    <tag k="boundary" v="administrative"/>
    <tag k="name" v="Bégaar"/>
    <tag k="type" v="boundary"/>
  </relation>
</osm>
