<?xml version="1.0" encoding="UTF-8"?>
<osm version="0.6" generator="OpenStreetMap server" copyright="OpenStreetMap and contributors" attribution="http://www.openstreetmap.org/copyright" license="http://opendatacommons.org/licenses/odbl/1-0/">
  <relation id="76000" visible="true" timestamp="2009-02-10T08:34:44Z" version="1" changeset="320245" user="aikon" uid="44329">
    <member type="way" ref="30813444" role=""/>
    <member type="way" ref="30845121" role=""/>
    <member type="way" ref="30845123" role=""/>
    <tag k="admin_level" v="8"/>
    <tag k="name" v="Pietralba"/>
    <tag k="ref_INSEE" v="2B223"/>
    <tag k="type" v="boundary"/>
  </relation>
</osm>
