<?xml version="1.0" encoding="UTF-8"?>
<osm version="0.6" generator="OpenStreetMap server" copyright="OpenStreetMap and contributors" attribution="http://www.openstreetmap.org/copyright" license="http://opendatacommons.org/licenses/odbl/1-0/">
  <relation id="76500" visible="true" timestamp="2009-02-11T12:29:23Z" version="1" changeset="349791" user="petrovsk" uid="90394">
    <member type="way" ref="30971199" role=""/>
    <member type="way" ref="30974653" role=""/>
    <tag k="admin_level" v="8"/>
    <tag k="boundary" v="administrative"/>
    <tag k="name" v="Versols-et-Lapeyre"/>
    <tag k="type" v="boundary"/>
  </relation>
</osm>
