<?xml version="1.0" encoding="UTF-8"?>
<osm version="0.6" generator="OpenStreetMap server" copyright="OpenStreetMap and contributors" attribution="http://www.openstreetmap.org/copyright" license="http://opendatacommons.org/licenses/odbl/1-0/">
  <relation id="78300" visible="true" timestamp="2009-02-15T22:33:45Z" version="1" changeset="466392" user="DrazziB" uid="53081">
    <member type="way" ref="31117607" role=""/>
    <member type="way" ref="31117610" role=""/>
    <member type="way" ref="31117612" role=""/>
    <member type="way" ref="31117613" role=""/>
    <member type="way" ref="31117620" role=""/>
    <tag k="admin_level" v="8"/>
    <tag k="boundary" v="administrative"/>
    <tag k="name" v="Montbert"/>
    <tag k="type" v="boundary"/>
  </relation>
</osm>
