<?xml version="1.0" encoding="UTF-8"?>
<osm version="0.6" generator="OpenStreetMap server" copyright="OpenStreetMap and contributors" attribution="http://www.openstreetmap.org/copyright" license="http://opendatacommons.org/licenses/odbl/1-0/">
  <relation id="80300" visible="true" timestamp="2009-02-22T08:52:19Z" version="1" changeset="614225" user="Alban" uid="2488">
    <member type="way" ref="31337079" role=""/>
    <member type="way" ref="31337081" role=""/>
    <member type="way" ref="31337082" role=""/>
    <member type="way" ref="31337307" role=""/>
    <member type="way" ref="31337788" role=""/>
    <member type="way" ref="31337791" role=""/>
    <member type="way" ref="31337793" role=""/>
    <tag k="admin_level" v="8"/>
    <tag k="boundary" v="administrative"/>
    <tag k="name" v="Véronne"/>
    <tag k="type" v="boundary"/>
  </relation>
</osm>
