<?xml version="1.0" encoding="UTF-8"?>
<osm version="0.6" generator="OpenStreetMap server" copyright="OpenStreetMap and contributors" attribution="http://www.openstreetmap.org/copyright" license="http://opendatacommons.org/licenses/odbl/1-0/">
  <relation id="812300" visible="true" timestamp="2010-04-30T14:18:35Z" version="1" changeset="4565961" user="Eric V" uid="163480">
    <member type="way" ref="56312074" role=""/>
    <member type="way" ref="56220942" role=""/>
    <member type="way" ref="56220937" role=""/>
    <member type="way" ref="56467373" role=""/>
    <tag k="admin_level" v="8"/>
    <tag k="boundary" v="administrative"/>
    <tag k="name" v="Chambon"/>
    <tag k="type" v="boundary"/>
  </relation>
</osm>
