<?xml version="1.0" encoding="UTF-8"?>
<osm version="0.6" generator="OpenStreetMap server" copyright="OpenStreetMap and contributors" attribution="http://www.openstreetmap.org/copyright" license="http://opendatacommons.org/licenses/odbl/1-0/">
  <relation id="84000" visible="true" timestamp="2009-02-24T14:49:24Z" version="1" changeset="651279" user="Pieren" uid="17286">
    <member type="node" ref="97966658" role=""/>
    <member type="way" ref="30083035" role=""/>
    <member type="way" ref="30083036" role=""/>
    <member type="way" ref="31464236" role=""/>
    <member type="way" ref="31464336" role=""/>
    <tag k="admin_level" v="8"/>
    <tag k="boundary" v="administrative"/>
    <tag k="name" v="Baldenheim"/>
    <tag k="type" v="boundary"/>
  </relation>
</osm>
