<?xml version="1.0" encoding="UTF-8"?>
<osm version="0.6" generator="OpenStreetMap server" copyright="OpenStreetMap and contributors" attribution="http://www.openstreetmap.org/copyright" license="http://opendatacommons.org/licenses/odbl/1-0/">
  <relation id="86800" visible="true" timestamp="2009-03-01T22:37:51Z" version="1" changeset="715133" user="OlivierM" uid="13289">
    <member type="way" ref="30965003" role=""/>
    <member type="way" ref="30965006" role=""/>
    <member type="way" ref="30965013" role=""/>
    <member type="way" ref="30965014" role=""/>
    <tag k="admin_level" v="8"/>
    <tag k="boundary" v="administrative"/>
    <tag k="name" v="May-en-Multien"/>
    <tag k="type" v="boundary"/>
  </relation>
</osm>
