<?xml version="1.0" encoding="UTF-8"?>
<osm version="0.6" generator="OpenStreetMap server" copyright="OpenStreetMap and contributors" attribution="http://www.openstreetmap.org/copyright" license="http://opendatacommons.org/licenses/odbl/1-0/">
  <relation id="88600" visible="true" timestamp="2009-03-05T22:39:27Z" version="1" changeset="740163" user="frodrigo" uid="25762">
    <member type="way" ref="31799305" role=""/>
    <member type="way" ref="31799306" role=""/>
    <member type="way" ref="31799340" role=""/>
    <member type="way" ref="31799341" role=""/>
    <tag k="admin_level" v="8"/>
    <tag k="boundary" v="administrative"/>
    <tag k="name" v="Cadarsac"/>
    <tag k="type" v="boundary"/>
  </relation>
</osm>
