<?xml version="1.0" encoding="UTF-8"?>
<osm version="0.6" generator="OpenStreetMap server" copyright="OpenStreetMap and contributors" attribution="http://www.openstreetmap.org/copyright" license="http://opendatacommons.org/licenses/odbl/1-0/">
  <relation id="88800" visible="true" timestamp="2009-03-06T17:52:35Z" version="1" changeset="745212" user="frodrigo" uid="25762">
    <member type="way" ref="31799330" role=""/>
    <member type="way" ref="31799375" role=""/>
    <member type="way" ref="31799441" role=""/>
    <member type="way" ref="31799443" role=""/>
    <member type="way" ref="31799445" role=""/>
    <tag k="admin_level" v="8"/>
    <tag k="boundary" v="administrative"/>
    <tag k="name" v="Sallebœuf"/>
    <tag k="type" v="boundary"/>
  </relation>
</osm>
