<?xml version="1.0" encoding="UTF-8"?>
<osm version="0.6" generator="OpenStreetMap server" copyright="OpenStreetMap and contributors" attribution="http://www.openstreetmap.org/copyright" license="http://opendatacommons.org/licenses/odbl/1-0/">
  <relation id="889100" visible="true" timestamp="2010-05-01T12:10:05Z" version="1" changeset="4573646" user="monsieur a" uid="97101">
    <member type="way" ref="57690536" role=""/>
    <member type="way" ref="57690534" role=""/>
    <member type="way" ref="37276987" role=""/>
    <member type="way" ref="37731676" role=""/>
    <member type="way" ref="51686752" role=""/>
    <tag k="admin_level" v="8"/>
    <tag k="boundary" v="administrative"/>
    <tag k="name" v="Mace sur Esves"/>
    <tag k="type" v="boundary"/>
  </relation>
</osm>
