<?xml version="1.0" encoding="UTF-8"?>
<osm version="0.6" generator="OpenStreetMap server" copyright="OpenStreetMap and contributors" attribution="http://www.openstreetmap.org/copyright" license="http://opendatacommons.org/licenses/odbl/1-0/">
  <relation id="897900" visible="true" timestamp="2010-05-02T06:50:17Z" version="1" changeset="4581508" user="vincent_95" uid="49047">
    <member type="way" ref="55290502" role=""/>
    <member type="way" ref="57768145" role=""/>
    <member type="way" ref="57768148" role=""/>
    <member type="way" ref="57768146" role=""/>
    <member type="way" ref="57768147" role=""/>
    <tag k="addr:postcode" v="95570"/>
    <tag k="admin_level" v="8"/>
    <tag k="boundary" v="administrative"/>
    <tag k="name" v="Attainville"/>
    <tag k="ref:INSEE" v="95028"/>
    <tag k="source:addr:postcode" v="source of postcode is from osm nodes"/>
    <tag k="source:ref:INSEE" v="source of ref is from osm nodes"/>
    <tag k="type" v="boundary"/>
  </relation>
</osm>
