<?xml version="1.0" encoding="UTF-8"?>
<osm version="0.6" generator="OpenStreetMap server" copyright="OpenStreetMap and contributors" attribution="http://www.openstreetmap.org/copyright" license="http://opendatacommons.org/licenses/odbl/1-0/">
  <relation id="903800" visible="true" timestamp="2010-05-06T13:37:07Z" version="1" changeset="4621773" user="Jeffdelonge" uid="121295">
    <member type="way" ref="58370686" role=""/>
    <member type="way" ref="58112749" role=""/>
    <member type="way" ref="58233351" role=""/>
    <member type="way" ref="51382660" role=""/>
    <member type="way" ref="55277835" role=""/>
    <member type="way" ref="51444641" role=""/>
    <tag k="admin_level" v="8"/>
    <tag k="boundary" v="administrative"/>
    <tag k="name" v="Savoyeux"/>
    <tag k="ref:INSEE" v="70481"/>
    <tag k="type" v="boundary"/>
  </relation>
</osm>
