<?xml version="1.0" encoding="UTF-8"?>
<osm version="0.6" generator="OpenStreetMap server" copyright="OpenStreetMap and contributors" attribution="http://www.openstreetmap.org/copyright" license="http://opendatacommons.org/licenses/odbl/1-0/">
  <relation id="904700" visible="true" timestamp="2010-05-07T15:56:14Z" version="1" changeset="4631327" user="Mawie" uid="150619">
    <member type="way" ref="58523360" role=""/>
    <member type="way" ref="58522823" role=""/>
    <member type="way" ref="58523358" role=""/>
    <tag k="addr:postcode" v="52000"/>
    <tag k="admin_level" v="8"/>
    <tag k="boundary" v="administrative"/>
    <tag k="name" v="Laville-aux-Bois"/>
    <tag k="ref:INSEE" v="52276"/>
    <tag k="source:addr:postcode" v="source of postcode is from osm nodes"/>
    <tag k="source:ref:INSEE" v="source of ref is from osm nodes"/>
    <tag k="type" v="boundary"/>
  </relation>
</osm>
