<?xml version="1.0" encoding="UTF-8"?>
<osm version="0.6" generator="OpenStreetMap server" copyright="OpenStreetMap and contributors" attribution="http://www.openstreetmap.org/copyright" license="http://opendatacommons.org/licenses/odbl/1-0/">
  <relation id="912200" visible="true" timestamp="2010-05-13T20:09:11Z" version="1" changeset="4689922" user="eiger" uid="221846">
    <member type="way" ref="59129988" role=""/>
    <member type="way" ref="59130093" role=""/>
    <member type="way" ref="59130136" role=""/>
    <member type="way" ref="59130132" role=""/>
    <member type="node" ref="282748706" role="admin_centre"/>
    <tag k="admin_level" v="8"/>
    <tag k="boundary" v="administrative"/>
    <tag k="name" v="Lugny"/>
    <tag k="ref:INSEE" v="71267"/>
    <tag k="type" v="boundary"/>
  </relation>
</osm>
