<?xml version="1.0" encoding="UTF-8"?>
<osm version="0.6" generator="OpenStreetMap server" copyright="OpenStreetMap and contributors" attribution="http://www.openstreetmap.org/copyright" license="http://opendatacommons.org/licenses/odbl/1-0/">
  <relation id="915400" visible="true" timestamp="2010-05-15T13:48:53Z" version="1" changeset="4706358" user="eiger" uid="221846">
    <member type="node" ref="97991434" role="admin_centre"/>
    <member type="way" ref="59279995" role=""/>
    <member type="way" ref="33095893" role=""/>
    <member type="way" ref="33095894" role=""/>
    <member type="way" ref="59282402" role=""/>
    <member type="way" ref="59279996" role=""/>
    <member type="way" ref="59282401" role=""/>
    <tag k="addr:postcode" v="68320"/>
    <tag k="admin_level" v="8"/>
    <tag k="boundary" v="administrative"/>
    <tag k="name" v="Fortschwihr"/>
    <tag k="ref:INSEE" v="68095"/>
    <tag k="type" v="boundary"/>
  </relation>
</osm>
