<?xml version="1.0" encoding="UTF-8"?>
<osm version="0.6" generator="OpenStreetMap server" copyright="OpenStreetMap and contributors" attribution="http://www.openstreetmap.org/copyright" license="http://opendatacommons.org/licenses/odbl/1-0/">
  <relation id="919500" visible="true" timestamp="2010-05-18T21:20:17Z" version="1" changeset="4743173" user="quicky" uid="99151">
    <member type="node" ref="82344895" role="admin_centre"/>
    <member type="way" ref="59576350" role=""/>
    <member type="way" ref="59576352" role=""/>
    <member type="way" ref="34684326" role=""/>
    <member type="way" ref="59576351" role=""/>
    <tag k="addr:postcode" v="42460"/>
    <tag k="admin_level" v="8"/>
    <tag k="boundary" v="administrative"/>
    <tag k="name" v="Sevelinges"/>
    <tag k="ref:INSEE" v="42300"/>
    <tag k="type" v="boundary"/>
  </relation>
</osm>
