<?xml version="1.0" encoding="UTF-8"?>
<osm version="0.6" generator="OpenStreetMap server" copyright="OpenStreetMap and contributors" attribution="http://www.openstreetmap.org/copyright" license="http://opendatacommons.org/licenses/odbl/1-0/">
  <relation id="935000" visible="true" timestamp="2010-05-24T09:46:24Z" version="1" changeset="4791019" user="Gustry" uid="86289">
    <member type="way" ref="60125103" role=""/>
    <member type="way" ref="60125107" role=""/>
    <member type="way" ref="60125110" role=""/>
    <member type="way" ref="60125108" role=""/>
    <member type="way" ref="60125106" role=""/>
    <tag k="admin_level" v="8"/>
    <tag k="boundary" v="administrative"/>
    <tag k="name" v="Liffol-le-Grand"/>
    <tag k="ref:INSEE" v="88270"/>
    <tag k="type" v="boundary"/>
  </relation>
</osm>
