<?xml version="1.0" encoding="UTF-8"?>
<osm version="0.6" generator="OpenStreetMap server" copyright="OpenStreetMap and contributors" attribution="http://www.openstreetmap.org/copyright" license="http://opendatacommons.org/licenses/odbl/1-0/">
  <relation id="939200" visible="true" timestamp="2010-05-27T13:20:58Z" version="1" changeset="4821903" user="sly" uid="24572">
    <member type="way" ref="60265845" role=""/>
    <member type="way" ref="60265793" role=""/>
    <member type="way" ref="60265795" role=""/>
    <tag k="admin_level" v="8"/>
    <tag k="boundary" v="administrative"/>
    <tag k="name" v="La Haute-Beaume"/>
    <tag k="ref:INSEE" v="05066"/>
    <tag k="type" v="boundary"/>
  </relation>
</osm>
