<?xml version="1.0" encoding="UTF-8"?>
<osm version="0.6" generator="OpenStreetMap server" copyright="OpenStreetMap and contributors" attribution="http://www.openstreetmap.org/copyright" license="http://opendatacommons.org/licenses/odbl/1-0/">
  <relation id="941100" visible="true" timestamp="2010-05-28T21:49:01Z" version="1" changeset="4836391" user="Gustry" uid="86289">
    <member type="way" ref="60494744" role=""/>
    <member type="way" ref="60494743" role=""/>
    <member type="way" ref="60120094" role=""/>
    <member type="way" ref="60494741" role=""/>
    <member type="way" ref="60494742" role=""/>
    <tag k="admin_level" v="8"/>
    <tag k="boundary" v="administrative"/>
    <tag k="name" v="Dommartin-lès-Remiremont"/>
    <tag k="ref:INSEE" v="88148"/>
    <tag k="type" v="boundary"/>
  </relation>
</osm>
