<?xml version="1.0" encoding="UTF-8"?>
<osm version="0.6" generator="OpenStreetMap server" copyright="OpenStreetMap and contributors" attribution="http://www.openstreetmap.org/copyright" license="http://opendatacommons.org/licenses/odbl/1-0/">
  <relation id="941600" visible="true" timestamp="2010-05-29T10:14:04Z" version="1" changeset="4840125" user="Gustry" uid="86289">
    <member type="way" ref="60541315" role=""/>
    <member type="way" ref="60540559" role=""/>
    <member type="way" ref="60540517" role=""/>
    <member type="way" ref="60541318" role=""/>
    <member type="way" ref="60541309" role=""/>
    <tag k="admin_level" v="8"/>
    <tag k="boundary" v="administrative"/>
    <tag k="name" v="Les Ableuvenettes"/>
    <tag k="ref:INSEE" v="88001"/>
    <tag k="type" v="boundary"/>
  </relation>
</osm>
