<?xml version="1.0" encoding="UTF-8"?>
<osm version="0.6" generator="OpenStreetMap server" copyright="OpenStreetMap and contributors" attribution="http://www.openstreetmap.org/copyright" license="http://opendatacommons.org/licenses/odbl/1-0/">
  <relation id="946600" visible="true" timestamp="2010-06-02T12:08:10Z" version="1" changeset="4883315" user="Mawie" uid="150619">
    <member type="way" ref="60892073" role=""/>
    <tag k="addr:postcode" v="89260"/>
    <tag k="admin_level" v="8"/>
    <tag k="boundary" v="administrative"/>
    <tag k="name" v="Voisines"/>
    <tag k="ref:INSEE" v="89483"/>
    <tag k="source:addr:postcode" v="source of postcode is from osm nodes"/>
    <tag k="source:ref:INSEE" v="source of ref is from osm nodes"/>
    <tag k="type" v="boundary"/>
  </relation>
</osm>
