<?xml version="1.0" encoding="UTF-8"?>
<osm version="0.6" generator="OpenStreetMap server" copyright="OpenStreetMap and contributors" attribution="http://www.openstreetmap.org/copyright" license="http://opendatacommons.org/licenses/odbl/1-0/">
  <relation id="958700" visible="true" timestamp="2010-06-11T11:14:50Z" version="1" changeset="4961651" user="Pmz" uid="4363">
    <member type="way" ref="58557286" role=""/>
    <member type="way" ref="58555560" role=""/>
    <member type="way" ref="57093135" role=""/>
    <member type="way" ref="58557292" role=""/>
    <tag k="addr:postcode" v="37140"/>
    <tag k="admin_level" v="8"/>
    <tag k="boundary" v="administrative"/>
    <tag k="name" v="Saint-Nicolas-de-Bourgueil"/>
    <tag k="ref:INSEE" v="37228"/>
    <tag k="type" v="boundary"/>
  </relation>
</osm>
