<?xml version="1.0" encoding="UTF-8"?>
<osm version="0.6" generator="OpenStreetMap server" copyright="OpenStreetMap and contributors" attribution="http://www.openstreetmap.org/copyright" license="http://opendatacommons.org/licenses/odbl/1-0/">
  <relation id="963200" visible="true" timestamp="2010-06-15T22:09:24Z" version="1" changeset="4996245" user="frodrigo" uid="25762">
    <member type="way" ref="62043844" role=""/>
    <member type="way" ref="62043858" role=""/>
    <tag k="admin_level" v="8"/>
    <tag k="boundary" v="administrative"/>
    <tag k="name" v="Queyrac"/>
    <tag k="ref:INSEE" v="33348"/>
    <tag k="type" v="boundary"/>
  </relation>
</osm>
