<?xml version="1.0" encoding="UTF-8"?>
<osm version="0.6" generator="OpenStreetMap server" copyright="OpenStreetMap and contributors" attribution="http://www.openstreetmap.org/copyright" license="http://opendatacommons.org/licenses/odbl/1-0/">
  <relation id="970000" visible="true" timestamp="2010-06-20T17:20:05Z" version="1" changeset="5035032" user="ab_fab" uid="167634">
    <member type="way" ref="62303912" role=""/>
    <member type="way" ref="62303892" role=""/>
    <tag k="admin_level" v="8"/>
    <tag k="boundary" v="administrative"/>
    <tag k="name" v="Crollon"/>
    <tag k="postal_code" v="50220"/>
    <tag k="ref:INSEE" v="50155"/>
    <tag k="type" v="boundary"/>
  </relation>
</osm>
