<?xml version="1.0" encoding="UTF-8"?>
<osm version="0.6" generator="OpenStreetMap server" copyright="OpenStreetMap and contributors" attribution="http://www.openstreetmap.org/copyright" license="http://opendatacommons.org/licenses/odbl/1-0/">
  <relation id="1003301" visible="true" timestamp="2010-06-24T16:17:46Z" version="1" changeset="5067132" user="ab_fab" uid="167634">
    <member type="way" ref="63657798" role=""/>
    <member type="way" ref="63656867" role=""/>
    <member type="way" ref="63656851" role=""/>
    <member type="way" ref="62751815" role=""/>
    <member type="way" ref="63657797" role=""/>
    <tag k="admin_level" v="8"/>
    <tag k="boundary" v="administrative"/>
    <tag k="name" v="Martigny"/>
    <tag k="postal_code" v="50600"/>
    <tag k="ref:INSEE" v="50293"/>
    <tag k="type" v="boundary"/>
  </relation>
</osm>
