<?xml version="1.0" encoding="UTF-8"?>
<osm version="0.6" generator="OpenStreetMap server" copyright="OpenStreetMap and contributors" attribution="http://www.openstreetmap.org/copyright" license="http://opendatacommons.org/licenses/odbl/1-0/">
  <relation id="1004401" visible="true" timestamp="2010-06-24T21:31:06Z" version="1" changeset="5069775" user="xschaeffer" uid="89861">
    <member type="way" ref="63826236" role=""/>
    <member type="way" ref="63826237" role=""/>
    <tag k="addr:postcode" v="65140"/>
    <tag k="admin_level" v="8"/>
    <tag k="boundary" v="administrative"/>
    <tag k="name" v="Sarriac-Bigorre"/>
    <tag k="ref:INSEE" v="65409"/>
    <tag k="type" v="boundary"/>
  </relation>
</osm>
