<?xml version="1.0" encoding="UTF-8"?>
<osm version="0.6" generator="OpenStreetMap server" copyright="OpenStreetMap and contributors" attribution="http://www.openstreetmap.org/copyright" license="http://opendatacommons.org/licenses/odbl/1-0/">
  <relation id="1014001" visible="true" timestamp="2010-06-25T11:56:57Z" version="1" changeset="5073085" user="ab_fab" uid="167634">
    <member type="way" ref="64000354" role=""/>
    <member type="way" ref="64000393" role=""/>
    <member type="way" ref="63832219" role=""/>
    <member type="way" ref="64000409" role=""/>
    <member type="way" ref="64000435" role=""/>
    <tag k="admin_level" v="8"/>
    <tag k="boundary" v="administrative"/>
    <tag k="name" v="Le Grand-Celland"/>
    <tag k="postal_code" v="50230"/>
    <tag k="ref:INSEE" v="50217"/>
    <tag k="type" v="boundary"/>
  </relation>
</osm>
