<?xml version="1.0" encoding="UTF-8"?>
<osm version="0.6" generator="OpenStreetMap server" copyright="OpenStreetMap and contributors" attribution="http://www.openstreetmap.org/copyright" license="http://opendatacommons.org/licenses/odbl/1-0/">
  <relation id="1016001" visible="true" timestamp="2010-06-27T08:30:28Z" version="1" changeset="5087326" user="ab_fab" uid="167634">
    <member type="way" ref="64388045" role=""/>
    <member type="way" ref="64388047" role=""/>
    <member type="way" ref="64388049" role=""/>
    <member type="way" ref="64109008" role=""/>
    <member type="way" ref="64103565" role=""/>
    <member type="way" ref="58057006" role=""/>
    <member type="node" ref="26694427" role="admin_centre"/>
    <tag k="admin_level" v="8"/>
    <tag k="boundary" v="administrative"/>
    <tag k="name" v="Saint-Pair-sur-Mer"/>
    <tag k="postal_code" v="50380"/>
    <tag k="ref:INSEE" v="50532"/>
    <tag k="type" v="boundary"/>
  </relation>
</osm>
