<?xml version="1.0" encoding="UTF-8"?>
<osm version="0.6" generator="OpenStreetMap server" copyright="OpenStreetMap and contributors" attribution="http://www.openstreetmap.org/copyright" license="http://opendatacommons.org/licenses/odbl/1-0/">
  <relation id="1028001" visible="true" timestamp="2010-07-06T12:18:02Z" version="1" changeset="5150048" user="Damouns" uid="13442">
    <member type="way" ref="34480590" role=""/>
    <member type="way" ref="55495797" role=""/>
    <member type="way" ref="55495795" role=""/>
    <member type="way" ref="55488877" role=""/>
    <member type="way" ref="55488876" role=""/>
    <member type="way" ref="61635752" role=""/>
    <member type="way" ref="52582576" role=""/>
    <tag k="admin_level" v="8"/>
    <tag k="boundary" v="administrative"/>
    <tag k="name" v="Burgille"/>
    <tag k="ref:INSEE" v="25101"/>
    <tag k="type" v="boundary"/>
  </relation>
</osm>
