<?xml version="1.0" encoding="UTF-8"?>
<osm version="0.6" generator="OpenStreetMap server" copyright="OpenStreetMap and contributors" attribution="http://www.openstreetmap.org/copyright" license="http://opendatacommons.org/licenses/odbl/1-0/">
  <relation id="103501" visible="true" timestamp="2009-03-23T16:40:49Z" version="1" changeset="848212" user="sly" uid="24572">
    <member type="way" ref="32471228" role=""/>
    <member type="way" ref="32471367" role=""/>
    <tag k="admin_level" v="8"/>
    <tag k="boundary" v="administrative"/>
    <tag k="name" v="Jarsy"/>
    <tag k="type" v="boundary"/>
  </relation>
</osm>
