<?xml version="1.0" encoding="UTF-8"?>
<osm version="0.6" generator="OpenStreetMap server" copyright="OpenStreetMap and contributors" attribution="http://www.openstreetmap.org/copyright" license="http://opendatacommons.org/licenses/odbl/1-0/">
  <relation id="104001" visible="true" timestamp="2009-03-24T21:05:13Z" version="1" changeset="853766" user="Zedh" uid="24200">
    <member type="way" ref="32496705" role=""/>
    <member type="way" ref="32499133" role=""/>
    <member type="way" ref="32499670" role=""/>
    <member type="way" ref="32500213" role=""/>
    <tag k="admin_level" v="8"/>
    <tag k="boundary" v="administrative"/>
    <tag k="name" v="Challonges"/>
    <tag k="type" v="boundary"/>
  </relation>
</osm>
