<?xml version="1.0" encoding="UTF-8"?>
<osm version="0.6" generator="OpenStreetMap server" copyright="OpenStreetMap and contributors" attribution="http://www.openstreetmap.org/copyright" license="http://opendatacommons.org/licenses/odbl/1-0/">
  <relation id="104301" visible="true" timestamp="2009-03-25T20:11:46Z" version="1" changeset="857796" user="Denis_Helfer" uid="22165">
    <member type="way" ref="32443634" role=""/>
    <member type="way" ref="32443635" role=""/>
    <member type="way" ref="32519698" role=""/>
    <member type="way" ref="32519900" role=""/>
    <member type="way" ref="32520623" role=""/>
    <tag k="admin_level" v="8"/>
    <tag k="boundary" v="administrative"/>
    <tag k="name" v="Marray"/>
    <tag k="ref" v="37149"/>
    <tag k="type" v="boundary"/>
  </relation>
</osm>
