<?xml version="1.0" encoding="UTF-8"?>
<osm version="0.6" generator="OpenStreetMap server" copyright="OpenStreetMap and contributors" attribution="http://www.openstreetmap.org/copyright" license="http://opendatacommons.org/licenses/odbl/1-0/">
  <relation id="1050401" visible="true" timestamp="2010-07-09T09:29:38Z" version="1" changeset="5172201" user="petrovsk" uid="90394">
    <member type="way" ref="66832265" role=""/>
    <member type="way" ref="66832264" role=""/>
    <tag k="admin_level" v="8"/>
    <tag k="boundary" v="administrative"/>
    <tag k="name" v="Belvezet"/>
    <tag k="ref:INSEE" v="48023"/>
    <tag k="type" v="boundary"/>
  </relation>
</osm>
