<?xml version="1.0" encoding="UTF-8"?>
<osm version="0.6" generator="OpenStreetMap server" copyright="OpenStreetMap and contributors" attribution="http://www.openstreetmap.org/copyright" license="http://opendatacommons.org/licenses/odbl/1-0/">
  <relation id="106001" visible="true" timestamp="2009-03-30T11:40:16Z" version="1" changeset="869322" user="Zedh" uid="24200">
    <member type="way" ref="32661698" role=""/>
    <member type="way" ref="32661857" role=""/>
    <member type="way" ref="32661858" role=""/>
    <tag k="admin_level" v="8"/>
    <tag k="boundary" v="administrative"/>
    <tag k="name" v="Nernier"/>
    <tag k="type" v="boundary"/>
  </relation>
</osm>
