<?xml version="1.0" encoding="UTF-8"?>
<osm version="0.6" generator="OpenStreetMap server" copyright="OpenStreetMap and contributors" attribution="http://www.openstreetmap.org/copyright" license="http://opendatacommons.org/licenses/odbl/1-0/">
  <relation id="1066801" visible="true" timestamp="2010-07-12T13:58:36Z" version="1" changeset="5199344" user="ab_fab" uid="167634">
    <member type="way" ref="67347500" role=""/>
    <member type="way" ref="67346129" role=""/>
    <member type="way" ref="67347502" role=""/>
    <tag k="admin_level" v="8"/>
    <tag k="boundary" v="administrative"/>
    <tag k="name" v="Turqueville"/>
    <tag k="postal_code" v="50480"/>
    <tag k="ref:INSEE" v="50609"/>
    <tag k="type" v="boundary"/>
  </relation>
</osm>
