<?xml version="1.0" encoding="UTF-8"?>
<osm version="0.6" generator="OpenStreetMap server" copyright="OpenStreetMap and contributors" attribution="http://www.openstreetmap.org/copyright" license="http://opendatacommons.org/licenses/odbl/1-0/">
  <relation id="1070501" visible="true" timestamp="2010-07-15T07:35:17Z" version="1" changeset="5224187" user="petrovsk" uid="90394">
    <member type="way" ref="67802517" role=""/>
    <member type="way" ref="67091642" role=""/>
    <member type="way" ref="67091653" role=""/>
    <member type="way" ref="67092091" role=""/>
    <member type="way" ref="67802518" role=""/>
    <tag k="admin_level" v="8"/>
    <tag k="boundary" v="administrative"/>
    <tag k="name" v="Pierrefiche"/>
    <tag k="ref:INSEE" v="48112"/>
    <tag k="type" v="boundary"/>
  </relation>
</osm>
