<?xml version="1.0" encoding="UTF-8"?>
<osm version="0.6" generator="OpenStreetMap server" copyright="OpenStreetMap and contributors" attribution="http://www.openstreetmap.org/copyright" license="http://opendatacommons.org/licenses/odbl/1-0/">
  <relation id="107401" visible="true" timestamp="2009-04-03T21:06:50Z" version="1" changeset="136410" user="EtienneChove" uid="30252">
    <member type="way" ref="32794015" role=""/>
    <member type="way" ref="32794278" role=""/>
    <member type="way" ref="32794310" role=""/>
    <member type="way" ref="32794373" role=""/>
    <member type="way" ref="32794892" role=""/>
    <tag k="admin_level" v="8"/>
    <tag k="boundary" v="administrative"/>
    <tag k="name" v="Beaumont-sur-Sarthe"/>
    <tag k="ref_INSEE" v="72029"/>
    <tag k="type" v="boundary"/>
  </relation>
</osm>
