<?xml version="1.0" encoding="UTF-8"?>
<osm version="0.6" generator="OpenStreetMap server" copyright="OpenStreetMap and contributors" attribution="http://www.openstreetmap.org/copyright" license="http://opendatacommons.org/licenses/odbl/1-0/">
  <relation id="107501" visible="true" timestamp="2009-04-03T21:21:07Z" version="1" changeset="136410" user="EtienneChove" uid="30252">
    <member type="way" ref="32793729" role=""/>
    <member type="way" ref="32793880" role=""/>
    <member type="way" ref="32794536" role=""/>
    <member type="way" ref="32795002" role=""/>
    <member type="way" ref="32795287" role=""/>
    <tag k="admin_level" v="8"/>
    <tag k="boundary" v="administrative"/>
    <tag k="name" v="Saint-Paterne"/>
    <tag k="ref_INSEE" v="72308"/>
    <tag k="type" v="boundary"/>
  </relation>
</osm>
