<?xml version="1.0" encoding="UTF-8"?>
<osm version="0.6" generator="OpenStreetMap server" copyright="OpenStreetMap and contributors" attribution="http://www.openstreetmap.org/copyright" license="http://opendatacommons.org/licenses/odbl/1-0/">
  <relation id="107601" visible="true" timestamp="2009-04-03T21:26:21Z" version="1" changeset="136410" user="EtienneChove" uid="30252">
    <member type="way" ref="32793214" role=""/>
    <member type="way" ref="32793425" role=""/>
    <member type="way" ref="32793604" role=""/>
    <member type="way" ref="32793658" role=""/>
    <member type="way" ref="32794657" role=""/>
    <member type="way" ref="32794875" role=""/>
    <tag k="admin_level" v="8"/>
    <tag k="boundary" v="administrative"/>
    <tag k="name" v="Changé"/>
    <tag k="ref_INSEE" v="72058"/>
    <tag k="type" v="boundary"/>
  </relation>
</osm>
