<?xml version="1.0" encoding="UTF-8"?>
<osm version="0.6" generator="OpenStreetMap server" copyright="OpenStreetMap and contributors" attribution="http://www.openstreetmap.org/copyright" license="http://opendatacommons.org/licenses/odbl/1-0/">
  <relation id="107701" visible="true" timestamp="2009-04-03T21:30:41Z" version="1" changeset="136410" user="EtienneChove" uid="30252">
    <member type="way" ref="32793148" role=""/>
    <member type="way" ref="32793975" role=""/>
    <member type="way" ref="32793976" role=""/>
    <member type="way" ref="32794115" role=""/>
    <member type="way" ref="32794436" role=""/>
    <member type="way" ref="32794571" role=""/>
    <tag k="admin_level" v="8"/>
    <tag k="boundary" v="administrative"/>
    <tag k="name" v="Marolles-les-Braults"/>
    <tag k="ref_INSEE" v="72189"/>
    <tag k="type" v="boundary"/>
  </relation>
</osm>
