<?xml version="1.0" encoding="UTF-8"?>
<osm version="0.6" generator="OpenStreetMap server" copyright="OpenStreetMap and contributors" attribution="http://www.openstreetmap.org/copyright" license="http://opendatacommons.org/licenses/odbl/1-0/">
  <relation id="1083801" visible="true" timestamp="2010-07-21T21:34:26Z" version="1" changeset="5282685" user="Thomas Petillon" uid="23966">
    <member type="way" ref="68997782" role="outer"/>
    <member type="way" ref="68997702" role="outer"/>
    <member type="way" ref="68997749" role="outer"/>
    <member type="way" ref="52959756" role="outer"/>
    <member type="node" ref="470366739" role="admin_centre"/>
    <tag k="addr:postcode" v="35330"/>
    <tag k="admin_level" v="8"/>
    <tag k="boundary" v="administrative"/>
    <tag k="name" v="Loutehel"/>
    <tag k="ref:INSEE" v="35160"/>
    <tag k="type" v="boundary"/>
  </relation>
</osm>
