<?xml version="1.0" encoding="UTF-8"?>
<osm version="0.6" generator="OpenStreetMap server" copyright="OpenStreetMap and contributors" attribution="http://www.openstreetmap.org/copyright" license="http://opendatacommons.org/licenses/odbl/1-0/">
  <relation id="1084201" visible="true" timestamp="2010-07-22T09:52:32Z" version="1" changeset="5285662" user="Mawie" uid="150619">
    <member type="way" ref="69042183" role=""/>
    <member type="way" ref="69042182" role=""/>
    <member type="way" ref="69034278" role=""/>
    <member type="way" ref="69034265" role=""/>
    <tag k="addr:postcode" v="60410"/>
    <tag k="admin_level" v="8"/>
    <tag k="boundary" v="administrative"/>
    <tag k="name" v="Saint-Vaast-de-Longmont"/>
    <tag k="ref:INSEE" v="60600"/>
    <tag k="source:addr:postcode" v="source of postcode is from osm nodes"/>
    <tag k="source:ref:INSEE" v="source of ref is from osm nodes"/>
    <tag k="type" v="boundary"/>
  </relation>
</osm>
