<?xml version="1.0" encoding="UTF-8"?>
<osm version="0.6" generator="OpenStreetMap server" copyright="OpenStreetMap and contributors" attribution="http://www.openstreetmap.org/copyright" license="http://opendatacommons.org/licenses/odbl/1-0/">
  <relation id="109901" visible="true" timestamp="2009-04-09T09:21:13Z" version="1" changeset="353144" user="wouldsmina" uid="33805">
    <member type="way" ref="32794672" role=""/>
    <member type="way" ref="32794700" role=""/>
    <member type="way" ref="32794731" role=""/>
    <member type="way" ref="32947586" role=""/>
    <tag k="admin_level" v="8"/>
    <tag k="boundary" v="administratvie"/>
    <tag k="INSEE" v="72066"/>
    <tag k="name" v="La Chapelle Saint Fray"/>
    <tag k="type" v="boundary"/>
  </relation>
</osm>
