<?xml version="1.0" encoding="UTF-8"?>
<osm version="0.6" generator="OpenStreetMap server" copyright="OpenStreetMap and contributors" attribution="http://www.openstreetmap.org/copyright" license="http://opendatacommons.org/licenses/odbl/1-0/">
  <relation id="1109201" visible="true" timestamp="2010-08-02T18:52:26Z" version="1" changeset="5383638" user="the_smile" uid="178396">
    <member type="way" ref="70754868" role=""/>
    <member type="way" ref="70754866" role=""/>
    <member type="way" ref="67333461" role=""/>
    <tag k="admin_level" v="8"/>
    <tag k="boundary" v="administrative"/>
    <tag k="name" v="Saint-Martin-le-Hébert"/>
    <tag k="ref:INSEE" v="50520"/>
    <tag k="type" v="boundary"/>
  </relation>
</osm>
