<?xml version="1.0" encoding="UTF-8"?>
<osm version="0.6" generator="OpenStreetMap server" copyright="OpenStreetMap and contributors" attribution="http://www.openstreetmap.org/copyright" license="http://opendatacommons.org/licenses/odbl/1-0/">
  <relation id="111101" visible="true" timestamp="2009-04-11T13:06:26Z" version="1" changeset="419791" user="s_Frantz" uid="47355">
    <member type="way" ref="33040686" role=""/>
    <member type="way" ref="33040688" role=""/>
    <member type="way" ref="33042232" role=""/>
    <member type="way" ref="33042233" role=""/>
    <tag k="admin_level" v="8"/>
    <tag k="boundary" v="administrative"/>
    <tag k="name" v="Lanquetot"/>
    <tag k="type" v="boundary"/>
  </relation>
</osm>
