<?xml version="1.0" encoding="UTF-8"?>
<osm version="0.6" generator="OpenStreetMap server" copyright="OpenStreetMap and contributors" attribution="http://www.openstreetmap.org/copyright" license="http://opendatacommons.org/licenses/odbl/1-0/">
  <relation id="111301" visible="true" timestamp="2009-04-11T19:54:47Z" version="1" changeset="412941" user="sly" uid="24572">
    <member type="way" ref="33056606" role=""/>
    <member type="way" ref="33056611" role=""/>
    <member type="way" ref="33056613" role=""/>
    <member type="way" ref="33056632" role=""/>
    <member type="way" ref="33056638" role=""/>
    <member type="way" ref="33056648" role=""/>
    <tag k="admin_level" v="8"/>
    <tag k="boundary" v="administrative"/>
    <tag k="name" v="Saint-Pierre d'Albigny"/>
    <tag k="type" v="boundary"/>
  </relation>
</osm>
