<?xml version="1.0" encoding="UTF-8"?>
<osm version="0.6" generator="OpenStreetMap server" copyright="OpenStreetMap and contributors" attribution="http://www.openstreetmap.org/copyright" license="http://opendatacommons.org/licenses/odbl/1-0/">
  <relation id="111401" visible="true" timestamp="2009-04-11T20:05:03Z" version="1" changeset="413060" user="delagela" uid="578">
    <member type="way" ref="33056762" role=""/>
    <member type="way" ref="33056847" role=""/>
    <member type="way" ref="33056897" role=""/>
    <member type="way" ref="33056906" role=""/>
    <member type="way" ref="33056908" role=""/>
    <tag k="admin_level" v="8"/>
    <tag k="boundary" v="administrative"/>
    <tag k="name" v="JUILLAC-LE-COQ"/>
    <tag k="note" v="import automatique. Nommer comme il faut et rajouter le code_insee"/>
    <tag k="type" v="boundary"/>
  </relation>
</osm>
