<?xml version="1.0" encoding="UTF-8"?>
<osm version="0.6" generator="OpenStreetMap server" copyright="OpenStreetMap and contributors" attribution="http://www.openstreetmap.org/copyright" license="http://opendatacommons.org/licenses/odbl/1-0/">
  <relation id="111601" visible="true" timestamp="2009-04-12T06:53:52Z" version="1" changeset="434903" user="Gustry" uid="86289">
    <member type="way" ref="33069406" role=""/>
    <member type="way" ref="33069412" role=""/>
    <member type="way" ref="33069423" role=""/>
    <member type="way" ref="33069431" role=""/>
    <member type="way" ref="33069433" role=""/>
    <tag k="admin_level" v="8"/>
    <tag k="boundary" v="administrative"/>
    <tag k="name" v="CHALEZEULE"/>
    <tag k="type" v="boundary"/>
  </relation>
</osm>
