<?xml version="1.0" encoding="UTF-8"?>
<osm version="0.6" generator="OpenStreetMap server" copyright="OpenStreetMap and contributors" attribution="http://www.openstreetmap.org/copyright" license="http://opendatacommons.org/licenses/odbl/1-0/">
  <relation id="111901" visible="true" timestamp="2009-04-12T17:07:24Z" version="1" changeset="447632" user="Julien Catalano" uid="10449">
    <member type="way" ref="33082705" role=""/>
    <member type="way" ref="33082711" role=""/>
    <member type="way" ref="33082768" role=""/>
    <member type="way" ref="33082778" role=""/>
    <member type="way" ref="33082781" role=""/>
    <member type="way" ref="33082807" role=""/>
    <member type="way" ref="33082892" role=""/>
    <member type="way" ref="33082919" role=""/>
    <tag k="admin_level" v="8"/>
    <tag k="boundary" v="administrative"/>
    <tag k="name" v="Saint-Chély-d'Apcher"/>
    <tag k="type" v="boundary"/>
  </relation>
</osm>
