<?xml version="1.0" encoding="UTF-8"?>
<osm version="0.6" generator="OpenStreetMap server" copyright="OpenStreetMap and contributors" attribution="http://www.openstreetmap.org/copyright" license="http://opendatacommons.org/licenses/odbl/1-0/">
  <relation id="1120701" visible="true" timestamp="2010-08-11T11:16:09Z" version="1" changeset="5461844" user="Mawie" uid="150619">
    <member type="way" ref="71892026" role=""/>
    <tag k="addr:postcode" v="62157"/>
    <tag k="admin_level" v="8"/>
    <tag k="boundary" v="administrative"/>
    <tag k="name" v="Allouagne"/>
    <tag k="ref:INSEE" v="62023"/>
    <tag k="source:addr:postcode" v="source of postcode is from osm node"/>
    <tag k="source:ref:INSEE" v="source of ref is from osm node"/>
    <tag k="type" v="boundary"/>
  </relation>
</osm>
