<?xml version="1.0" encoding="UTF-8"?>
<osm version="0.6" generator="OpenStreetMap server" copyright="OpenStreetMap and contributors" attribution="http://www.openstreetmap.org/copyright" license="http://opendatacommons.org/licenses/odbl/1-0/">
  <relation id="112501" visible="true" timestamp="2009-04-13T13:40:34Z" version="1" changeset="474129" user="DrazziB" uid="53081">
    <member type="way" ref="33121565" role=""/>
    <member type="way" ref="33121570" role=""/>
    <member type="way" ref="33121572" role=""/>
    <member type="way" ref="33121685" role=""/>
    <member type="way" ref="33121691" role=""/>
    <member type="way" ref="33121702" role=""/>
    <member type="way" ref="33121727" role=""/>
    <member type="way" ref="33121786" role=""/>
    <member type="way" ref="33121855" role=""/>
    <tag k="admin_level" v="8"/>
    <tag k="boundary" v="administrative"/>
    <tag k="name" v="Saint-Aubin-des-Chateaux"/>
    <tag k="type" v="boundary"/>
  </relation>
</osm>
