<?xml version="1.0" encoding="UTF-8"?>
<osm version="0.6" generator="OpenStreetMap server" copyright="OpenStreetMap and contributors" attribution="http://www.openstreetmap.org/copyright" license="http://opendatacommons.org/licenses/odbl/1-0/">
  <relation id="1125901" visible="true" timestamp="2010-08-14T17:33:17Z" version="1" changeset="5492797" user="ab_fab" uid="167634">
    <member type="way" ref="72465646" role=""/>
    <member type="way" ref="72465643" role=""/>
    <member type="way" ref="40752129" role=""/>
    <member type="way" ref="48990852" role=""/>
    <member type="way" ref="48990849" role=""/>
    <tag k="admin_level" v="8"/>
    <tag k="boundary" v="administrative"/>
    <tag k="name" v="Montmelas-Saint-Sorlin"/>
    <tag k="postal_code" v="69640"/>
    <tag k="ref:INSEE" v="69137"/>
    <tag k="type" v="boundary"/>
  </relation>
</osm>
