<?xml version="1.0" encoding="UTF-8"?>
<osm version="0.6" generator="OpenStreetMap server" copyright="OpenStreetMap and contributors" attribution="http://www.openstreetmap.org/copyright" license="http://opendatacommons.org/licenses/odbl/1-0/">
  <relation id="113101" visible="true" timestamp="2009-04-14T03:01:38Z" version="1" changeset="508871" user="Aurelien Jacobs" uid="19237">
    <member type="way" ref="33157090" role=""/>
    <member type="way" ref="33157720" role=""/>
    <member type="way" ref="33157794" role=""/>
    <member type="way" ref="33157828" role=""/>
    <tag k="admin_level" v="8"/>
    <tag k="boundary" v="administrative"/>
    <tag k="name" v="Montenoy"/>
    <tag k="ref" v="54376"/>
    <tag k="type" v="boundary"/>
  </relation>
</osm>
