<?xml version="1.0" encoding="UTF-8"?>
<osm version="0.6" generator="OpenStreetMap server" copyright="OpenStreetMap and contributors" attribution="http://www.openstreetmap.org/copyright" license="http://opendatacommons.org/licenses/odbl/1-0/">
  <relation id="1140201" visible="true" timestamp="2010-08-22T10:36:07Z" version="1" changeset="5559685" user="Nolwenn" uid="322726">
    <member type="way" ref="73831097" role=""/>
    <member type="way" ref="62330444" role=""/>
    <member type="way" ref="62330453" role=""/>
    <member type="way" ref="73831114" role=""/>
    <tag k="admin_level" v="8"/>
    <tag k="boundary" v="administrative"/>
    <tag k="name" v="La Brillanne"/>
    <tag k="ref:INSEE" v="04700"/>
    <tag k="source" v="cadastre-dgi-fr source : Direction Générale des Impôts - Cadastre ; mise à jour : 2009"/>
  </relation>
</osm>
