<?xml version="1.0" encoding="UTF-8"?>
<osm version="0.6" generator="OpenStreetMap server" copyright="OpenStreetMap and contributors" attribution="http://www.openstreetmap.org/copyright" license="http://opendatacommons.org/licenses/odbl/1-0/">
  <relation id="1140101" visible="true" timestamp="2010-08-22T06:52:30Z" version="1" changeset="5558064" user="the_smile" uid="178396">
    <member type="way" ref="71326004" role=""/>
    <member type="way" ref="73811346" role=""/>
    <member type="way" ref="73811340" role=""/>
    <member type="way" ref="63576686" role=""/>
    <member type="way" ref="71326008" role=""/>
    <tag k="admin_level" v="8"/>
    <tag k="boundary" v="administrative"/>
    <tag k="name" v="Saint-Hilaire-du-Maine"/>
    <tag k="ref:INSEE" v="53226"/>
    <tag k="type" v="boundary"/>
  </relation>
</osm>
