<?xml version="1.0" encoding="UTF-8"?>
<osm version="0.6" generator="OpenStreetMap server" copyright="OpenStreetMap and contributors" attribution="http://www.openstreetmap.org/copyright" license="http://opendatacommons.org/licenses/odbl/1-0/">
  <relation id="115801" visible="true" timestamp="2009-04-21T13:40:59Z" version="1" changeset="879459" user="petrovsk" uid="90394">
    <member type="way" ref="33331778" role=""/>
    <member type="way" ref="33331828" role=""/>
    <member type="way" ref="33331834" role=""/>
    <member type="way" ref="33331744" role=""/>
    <tag k="admin_level" v="8"/>
    <tag k="boundary" v="administrative"/>
    <tag k="name" v="Camboulazet"/>
    <tag k="type" v="boundary"/>
  </relation>
</osm>
