<?xml version="1.0" encoding="UTF-8"?>
<osm version="0.6" generator="OpenStreetMap server" copyright="OpenStreetMap and contributors" attribution="http://www.openstreetmap.org/copyright" license="http://opendatacommons.org/licenses/odbl/1-0/">
  <relation id="1163201" visible="true" timestamp="2010-09-04T16:37:16Z" version="1" changeset="5680387" user="the_smile" uid="178396">
    <member type="way" ref="32729235" role=""/>
    <member type="way" ref="75897088" role=""/>
    <tag k="admin_level" v="8"/>
    <tag k="boundary" v="administrative"/>
    <tag k="name" v="Saint-Hubert"/>
    <tag k="ref:INSEE" v="57612"/>
    <tag k="type" v="boundary"/>
  </relation>
</osm>
