<?xml version="1.0" encoding="UTF-8"?>
<osm version="0.6" generator="OpenStreetMap server" copyright="OpenStreetMap and contributors" attribution="http://www.openstreetmap.org/copyright" license="http://opendatacommons.org/licenses/odbl/1-0/">
  <relation id="1165801" visible="true" timestamp="2010-09-06T22:23:21Z" version="1" changeset="5703432" user="Pieren" uid="17286">
    <member type="node" ref="261855874" role="admin_centre"/>
    <member type="way" ref="76273972" role=""/>
    <member type="way" ref="47067168" role=""/>
    <member type="way" ref="76131322" role=""/>
    <tag k="admin_level" v="8"/>
    <tag k="boundary" v="administrative"/>
    <tag k="name" v="Kirrwiller"/>
    <tag k="ref:INSEE" v="67242"/>
    <tag k="type" v="boundary"/>
  </relation>
</osm>
