<?xml version="1.0" encoding="UTF-8"?>
<osm version="0.6" generator="OpenStreetMap server" copyright="OpenStreetMap and contributors" attribution="http://www.openstreetmap.org/copyright" license="http://opendatacommons.org/licenses/odbl/1-0/">
  <relation id="1173301" visible="true" timestamp="2010-09-12T07:46:00Z" version="1" changeset="5756366" user="Gustry" uid="86289">
    <member type="way" ref="77095956" role=""/>
    <member type="way" ref="76903748" role=""/>
    <member type="way" ref="59037849" role=""/>
    <member type="way" ref="77095957" role=""/>
    <member type="node" ref="282748851" role="admin_centre"/>
    <tag k="admin_level" v="8"/>
    <tag k="boundary" v="administrative"/>
    <tag k="name" v="Saint-Martin-du-Tartre"/>
    <tag k="ref:INSEE" v="71455"/>
    <tag k="type" v="boundary"/>
  </relation>
</osm>
