<?xml version="1.0" encoding="UTF-8"?>
<osm version="0.6" generator="OpenStreetMap server" copyright="OpenStreetMap and contributors" attribution="http://www.openstreetmap.org/copyright" license="http://opendatacommons.org/licenses/odbl/1-0/">
  <relation id="117601" visible="true" timestamp="2009-04-23T19:41:49Z" version="1" changeset="917151" user="yoann" uid="12116">
    <member type="way" ref="33528511" role=""/>
    <member type="way" ref="33528512" role=""/>
    <tag k="admin_level" v="8"/>
    <tag k="boundary" v="administrative"/>
    <tag k="name" v="Gouise"/>
    <tag k="type" v="boundary"/>
  </relation>
</osm>
