<?xml version="1.0" encoding="UTF-8"?>
<osm version="0.6" generator="OpenStreetMap server" copyright="OpenStreetMap and contributors" attribution="http://www.openstreetmap.org/copyright" license="http://opendatacommons.org/licenses/odbl/1-0/">
  <relation id="118401" visible="true" timestamp="2009-04-24T15:36:49Z" version="1" changeset="928863" user="Damouns" uid="13442">
    <member type="way" ref="33570466" role=""/>
    <member type="way" ref="33505740" role=""/>
    <member type="way" ref="33570465" role=""/>
    <tag k="admin_level" v="8"/>
    <tag k="boundary" v="administrative"/>
    <tag k="code_INSEE" v="15255"/>
    <tag k="name" v="Vézac"/>
    <tag k="type" v="boundary"/>
  </relation>
</osm>
