<?xml version="1.0" encoding="UTF-8"?>
<osm version="0.6" generator="OpenStreetMap server" copyright="OpenStreetMap and contributors" attribution="http://www.openstreetmap.org/copyright" license="http://opendatacommons.org/licenses/odbl/1-0/">
  <relation id="1185201" visible="true" timestamp="2010-09-20T07:25:06Z" version="1" changeset="5826531" user="Damouns" uid="13442">
    <member type="way" ref="48614384" role=""/>
    <member type="way" ref="48650071" role=""/>
    <member type="way" ref="48650247" role=""/>
    <member type="way" ref="48652057" role=""/>
    <member type="way" ref="48652058" role=""/>
    <member type="way" ref="48649824" role=""/>
    <member type="way" ref="48649823" role=""/>
    <member type="way" ref="48649741" role=""/>
    <tag k="admin_level" v="8"/>
    <tag k="boundary" v="administrative"/>
    <tag k="name" v="Aspet"/>
    <tag k="ref:INSEE" v="31020"/>
    <tag k="type" v="boundary"/>
  </relation>
</osm>
