<?xml version="1.0" encoding="UTF-8"?>
<osm version="0.6" generator="OpenStreetMap server" copyright="OpenStreetMap and contributors" attribution="http://www.openstreetmap.org/copyright" license="http://opendatacommons.org/licenses/odbl/1-0/">
  <relation id="119301" visible="true" timestamp="2009-04-25T08:10:57Z" version="1" changeset="939282" user="mat" uid="3085">
    <member type="way" ref="33558810" role=""/>
    <member type="way" ref="33616490" role=""/>
    <member type="way" ref="33607534" role=""/>
    <member type="way" ref="33616489" role=""/>
    <member type="way" ref="33617178" role=""/>
    <member type="way" ref="33617179" role=""/>
    <tag k="admin_level" v="8"/>
    <tag k="boundary" v="administrative"/>
    <tag k="name" v="Lussat"/>
    <tag k="type" v="boundary"/>
  </relation>
</osm>
