<?xml version="1.0" encoding="UTF-8"?>
<osm version="0.6" generator="OpenStreetMap server" copyright="OpenStreetMap and contributors" attribution="http://www.openstreetmap.org/copyright" license="http://opendatacommons.org/licenses/odbl/1-0/">
  <relation id="1194101" visible="true" timestamp="2010-09-27T08:25:13Z" version="1" changeset="5889851" user="Mawie" uid="150619">
    <member type="way" ref="79488621" role=""/>
    <member type="way" ref="79488619" role=""/>
    <member type="way" ref="77454508" role=""/>
    <member type="way" ref="77357404" role=""/>
    <tag k="addr:postcode" v="62990"/>
    <tag k="admin_level" v="8"/>
    <tag k="boundary" v="administrative"/>
    <tag k="name" v="Offin"/>
    <tag k="ref:INSEE" v="62635"/>
    <tag k="source:addr:postcode" v="source of postcode is from galichon"/>
    <tag k="source:ref:INSEE" v="source of ref is from osm galichon"/>
    <tag k="type" v="boundary"/>
  </relation>
</osm>
