<?xml version="1.0" encoding="UTF-8"?>
<osm version="0.6" generator="OpenStreetMap server" copyright="OpenStreetMap and contributors" attribution="http://www.openstreetmap.org/copyright" license="http://opendatacommons.org/licenses/odbl/1-0/">
  <relation id="1198401" visible="true" timestamp="2010-09-28T10:08:49Z" version="1" changeset="5902438" user="chimel38" uid="148831">
    <member type="way" ref="38324217" role=""/>
    <member type="way" ref="38324220" role=""/>
    <member type="way" ref="38324218" role=""/>
    <member type="way" ref="38292818" role=""/>
    <tag k="addr:postcode" v="38690"/>
    <tag k="admin_level" v="8"/>
    <tag k="boundary" v="administrative"/>
    <tag k="name" v="Le Grand-Lemps"/>
    <tag k="ref:INSEE" v="38182"/>
    <tag k="source:addr:postcode" v="source of postcode is from osm nodes"/>
    <tag k="source:ref:INSEE" v="source of ref is from osm nodes"/>
    <tag k="type" v="boundary"/>
  </relation>
</osm>
