<?xml version="1.0" encoding="UTF-8"?>
<osm version="0.6" generator="OpenStreetMap server" copyright="OpenStreetMap and contributors" attribution="http://www.openstreetmap.org/copyright" license="http://opendatacommons.org/licenses/odbl/1-0/">
  <relation id="120101" visible="true" timestamp="2009-04-25T15:59:58Z" version="1" changeset="951988" user="yoann" uid="12116">
    <member type="way" ref="33516671" role=""/>
    <member type="way" ref="33635510" role=""/>
    <member type="way" ref="33635505" role=""/>
    <member type="way" ref="33635504" role=""/>
    <member type="way" ref="33635507" role=""/>
    <tag k="admin_level" v="8"/>
    <tag k="boundary" v="administrative"/>
    <tag k="name" v="Serbannes"/>
    <tag k="type" v="boundary"/>
  </relation>
</osm>
