<?xml version="1.0" encoding="UTF-8"?>
<osm version="0.6" generator="OpenStreetMap server" copyright="OpenStreetMap and contributors" attribution="http://www.openstreetmap.org/copyright" license="http://opendatacommons.org/licenses/odbl/1-0/">
  <relation id="120201" visible="true" timestamp="2009-04-25T20:00:54Z" version="1" changeset="956580" user="mat" uid="3085">
    <member type="way" ref="33647377" role=""/>
    <member type="way" ref="33609143" role=""/>
    <member type="way" ref="33647376" role=""/>
    <member type="way" ref="33625881" role=""/>
    <tag k="admin_level" v="8"/>
    <tag k="boundary" v="administrative"/>
    <tag k="name" v="Saint-Marc-à-Loubaud"/>
    <tag k="type" v="boundary"/>
  </relation>
</osm>
