<?xml version="1.0" encoding="UTF-8"?>
<osm version="0.6" generator="OpenStreetMap server" copyright="OpenStreetMap and contributors" attribution="http://www.openstreetmap.org/copyright" license="http://opendatacommons.org/licenses/odbl/1-0/">
  <relation id="120701" visible="true" timestamp="2009-04-26T16:08:42Z" version="1" changeset="975476" user="mat" uid="3085">
    <member type="way" ref="33701271" role=""/>
    <member type="way" ref="33701270" role=""/>
    <tag k="admin_level" v="8"/>
    <tag k="boundary" v="administrative"/>
    <tag k="name" v="La Chapelle-aux-Saints"/>
    <tag k="type" v="boundary"/>
  </relation>
</osm>
