<?xml version="1.0" encoding="UTF-8"?>
<osm version="0.6" generator="OpenStreetMap server" copyright="OpenStreetMap and contributors" attribution="http://www.openstreetmap.org/copyright" license="http://opendatacommons.org/licenses/odbl/1-0/">
  <relation id="121501" visible="true" timestamp="2009-04-27T12:28:58Z" version="1" changeset="989429" user="STA" uid="18744">
    <member type="way" ref="33739579" role=""/>
    <member type="way" ref="33739577" role=""/>
    <member type="way" ref="33738157" role=""/>
    <tag k="admin_level" v="8"/>
    <tag k="boundary" v="administrative"/>
    <tag k="name" v="Rochecolombe"/>
    <tag k="type" v="boundary"/>
  </relation>
</osm>
