<?xml version="1.0" encoding="UTF-8"?>
<osm version="0.6" generator="OpenStreetMap server" copyright="OpenStreetMap and contributors" attribution="http://www.openstreetmap.org/copyright" license="http://opendatacommons.org/licenses/odbl/1-0/">
  <relation id="121601" visible="true" timestamp="2009-04-27T13:35:01Z" version="1" changeset="990286" user="mat" uid="3085">
    <member type="way" ref="33707015" role=""/>
    <member type="way" ref="33741401" role=""/>
    <member type="way" ref="33741403" role=""/>
    <member type="way" ref="33719532" role=""/>
    <tag k="admin_level" v="8"/>
    <tag k="boundary" v="administrative"/>
    <tag k="name" v="Saint-Bonnet-la-Rivière"/>
    <tag k="type" v="boundary"/>
  </relation>
</osm>
