<?xml version="1.0" encoding="UTF-8"?>
<osm version="0.6" generator="OpenStreetMap server" copyright="OpenStreetMap and contributors" attribution="http://www.openstreetmap.org/copyright" license="http://opendatacommons.org/licenses/odbl/1-0/">
  <relation id="122301" visible="true" timestamp="2009-04-28T15:03:57Z" version="1" changeset="1004391" user="sly" uid="24572">
    <member type="way" ref="33778386" role=""/>
    <member type="way" ref="33778390" role=""/>
    <member type="way" ref="33778376" role=""/>
    <member type="way" ref="33778373" role=""/>
    <tag k="admin_level" v="8"/>
    <tag k="boundary" v="administrative"/>
    <tag k="name" v="Épierre"/>
    <tag k="type" v="boundary"/>
  </relation>
</osm>
