<?xml version="1.0" encoding="UTF-8"?>
<osm version="0.6" generator="OpenStreetMap server" copyright="OpenStreetMap and contributors" attribution="http://www.openstreetmap.org/copyright" license="http://opendatacommons.org/licenses/odbl/1-0/">
  <relation id="122701" visible="true" timestamp="2009-04-29T14:01:34Z" version="1" changeset="1015266" user="NicoB" uid="89288">
    <member type="way" ref="33815280" role=""/>
    <member type="way" ref="33815276" role=""/>
    <member type="way" ref="33815286" role=""/>
    <member type="way" ref="33815283" role=""/>
    <member type="way" ref="33815279" role=""/>
    <tag k="admin_level" v="8"/>
    <tag k="boundary" v="administrative"/>
    <tag k="name" v="Varennes sur Morge"/>
    <tag k="source" v="cadastre-dgi-fr source : Direction Générale des Impôts - Cadastre ; mise à jour : 2009"/>
    <tag k="type" v="boundary"/>
  </relation>
</osm>
