<?xml version="1.0" encoding="UTF-8"?>
<osm version="0.6" generator="OpenStreetMap server" copyright="OpenStreetMap and contributors" attribution="http://www.openstreetmap.org/copyright" license="http://opendatacommons.org/licenses/odbl/1-0/">
  <relation id="1227401" visible="true" timestamp="2010-10-16T16:53:43Z" version="1" changeset="6059427" user="Eric V" uid="163480">
    <member type="way" ref="81681708" role=""/>
    <member type="way" ref="81672805" role=""/>
    <tag k="admin_level" v="8"/>
    <tag k="boundary" v="administrative"/>
    <tag k="name" v="Lilly"/>
    <tag k="ref:INSEE" v="27369"/>
    <tag k="type" v="boundary"/>
  </relation>
</osm>
