<?xml version="1.0" encoding="UTF-8"?>
<osm version="0.6" generator="OpenStreetMap server" copyright="OpenStreetMap and contributors" attribution="http://www.openstreetmap.org/copyright" license="http://opendatacommons.org/licenses/odbl/1-0/">
  <relation id="122801" visible="true" timestamp="2009-04-29T18:38:12Z" version="1" changeset="1018445" user="FrViPofm" uid="107257">
    <member type="way" ref="33481692" role=""/>
    <member type="way" ref="33821868" role=""/>
    <member type="way" ref="33481760" role=""/>
    <member type="way" ref="33481766" role=""/>
    <member type="way" ref="33481761" role=""/>
    <member type="node" ref="291415634" role="admin_center"/>
    <tag k="admin_level" v="8"/>
    <tag k="boundary" v="administrative"/>
    <tag k="code_INSEE" v="25328"/>
    <tag k="name" v="Larnod"/>
    <tag k="population" v="600"/>
    <tag k="postal_code" v="25720"/>
    <tag k="ref" v="25328"/>
    <tag k="type" v="boundary"/>
  </relation>
</osm>
