<?xml version="1.0" encoding="UTF-8"?>
<osm version="0.6" generator="OpenStreetMap server" copyright="OpenStreetMap and contributors" attribution="http://www.openstreetmap.org/copyright" license="http://opendatacommons.org/licenses/odbl/1-0/">
  <relation id="123401" visible="true" timestamp="2009-04-30T23:39:49Z" version="1" changeset="1031584" user="mat" uid="3085">
    <member type="way" ref="33859847" role=""/>
    <member type="way" ref="33859907" role=""/>
    <member type="way" ref="33859905" role=""/>
    <member type="way" ref="33859906" role=""/>
    <tag k="admin_level" v="8"/>
    <tag k="boundary" v="administrative"/>
    <tag k="name" v="Vidaillac"/>
    <tag k="type" v="boundary"/>
  </relation>
</osm>
