<?xml version="1.0" encoding="UTF-8"?>
<osm version="0.6" generator="OpenStreetMap server" copyright="OpenStreetMap and contributors" attribution="http://www.openstreetmap.org/copyright" license="http://opendatacommons.org/licenses/odbl/1-0/">
  <relation id="123501" visible="true" timestamp="2009-05-01T07:31:45Z" version="1" changeset="1033081" user="Denis_Helfer" uid="22165">
    <member type="way" ref="33824716" role=""/>
    <member type="way" ref="33419343" role=""/>
    <member type="way" ref="33871584" role=""/>
    <member type="way" ref="33871585" role=""/>
    <member type="node" ref="291416113" role="admln_center"/>
    <tag k="admin_level" v="8"/>
    <tag k="boundary" v="administrative"/>
    <tag k="name" v="Vandoncourt"/>
    <tag k="ref" v="25586"/>
    <tag k="type" v="boundary"/>
  </relation>
</osm>
