<?xml version="1.0" encoding="UTF-8"?>
<osm version="0.6" generator="OpenStreetMap server" copyright="OpenStreetMap and contributors" attribution="http://www.openstreetmap.org/copyright" license="http://opendatacommons.org/licenses/odbl/1-0/">
  <relation id="123601" visible="true" timestamp="2009-05-01T10:35:43Z" version="1" changeset="1034639" user="mat" uid="3085">
    <member type="way" ref="33876171" role=""/>
    <member type="way" ref="33875205" role=""/>
    <member type="way" ref="33876170" role=""/>
    <tag k="admin_level" v="8"/>
    <tag k="boundary" v="administrative"/>
    <tag k="name" v="Saint-Vincent-du-Pendit"/>
    <tag k="type" v="boundary"/>
  </relation>
</osm>
