<?xml version="1.0" encoding="UTF-8"?>
<osm version="0.6" generator="OpenStreetMap server" copyright="OpenStreetMap and contributors" attribution="http://www.openstreetmap.org/copyright" license="http://opendatacommons.org/licenses/odbl/1-0/">
  <relation id="123801" visible="true" timestamp="2009-05-01T16:30:42Z" version="1" changeset="1038058" user="mat" uid="3085">
    <member type="way" ref="33886502" role=""/>
    <member type="way" ref="33886822" role=""/>
    <member type="way" ref="33886823" role=""/>
    <member type="way" ref="33886826" role=""/>
    <member type="way" ref="33886825" role=""/>
    <tag k="admin_level" v="8"/>
    <tag k="boundary" v="administrative"/>
    <tag k="name" v="Saint-Martin-de-Vers"/>
    <tag k="type" v="boundary"/>
  </relation>
</osm>
