<?xml version="1.0" encoding="UTF-8"?>
<osm version="0.6" generator="OpenStreetMap server" copyright="OpenStreetMap and contributors" attribution="http://www.openstreetmap.org/copyright" license="http://opendatacommons.org/licenses/odbl/1-0/">
  <relation id="123901" visible="true" timestamp="2009-05-01T20:58:32Z" version="1" changeset="1041640" user="Pinpin" uid="1685">
    <member type="way" ref="33898833" role=""/>
    <member type="way" ref="33898832" role=""/>
    <tag k="admin_level" v="8"/>
    <tag k="boundary" v="administrative"/>
    <tag k="name" v="Saint-Elix-le-Chateau"/>
    <tag k="type" v="boundary"/>
  </relation>
</osm>
