<?xml version="1.0" encoding="UTF-8"?>
<osm version="0.6" generator="OpenStreetMap server" copyright="OpenStreetMap and contributors" attribution="http://www.openstreetmap.org/copyright" license="http://opendatacommons.org/licenses/odbl/1-0/">
  <relation id="1240201" visible="true" timestamp="2010-10-22T11:52:04Z" version="1" changeset="6135397" user="Mawie" uid="150619">
    <member type="way" ref="49188472" role=""/>
    <member type="way" ref="49188470" role=""/>
    <member type="way" ref="82508276" role=""/>
    <member type="way" ref="82508278" role=""/>
    <member type="way" ref="70991735" role=""/>
    <member type="way" ref="70992020" role=""/>
    <member type="way" ref="82508264" role=""/>
    <tag k="addr:postcode" v="38350"/>
    <tag k="admin_level" v="8"/>
    <tag k="boundary" v="administrative"/>
    <tag k="name" v="La Salle-en-Beaumont"/>
    <tag k="ref:INSEE" v="38470"/>
    <tag k="source:addr:postcode" v="source of postcode is from osm nodes"/>
    <tag k="source:ref:INSEE" v="source of ref is from osm nodes"/>
    <tag k="type" v="boundary"/>
  </relation>
</osm>
