<?xml version="1.0" encoding="UTF-8"?>
<osm version="0.6" generator="OpenStreetMap server" copyright="OpenStreetMap and contributors" attribution="http://www.openstreetmap.org/copyright" license="http://opendatacommons.org/licenses/odbl/1-0/">
  <relation id="124401" visible="true" timestamp="2009-05-02T17:49:14Z" version="1" changeset="1050798" user="yoann" uid="12116">
    <member type="way" ref="33924434" role=""/>
    <member type="way" ref="33924433" role=""/>
    <member type="way" ref="33630522" role=""/>
    <member type="way" ref="33758172" role=""/>
    <member type="way" ref="33757876" role=""/>
    <tag k="admin_level" v="8"/>
    <tag k="boundary" v="administrative"/>
    <tag k="name" v="Nizerolles"/>
    <tag k="type" v="boundary"/>
  </relation>
</osm>
