<?xml version="1.0" encoding="UTF-8"?>
<osm version="0.6" generator="OpenStreetMap server" copyright="OpenStreetMap and contributors" attribution="http://www.openstreetmap.org/copyright" license="http://opendatacommons.org/licenses/odbl/1-0/">
  <relation id="124601" visible="true" timestamp="2009-05-02T21:33:21Z" version="1" changeset="1053934" user="mat" uid="3085">
    <member type="way" ref="33817282" role=""/>
    <member type="way" ref="33838702" role=""/>
    <member type="way" ref="33902581" role=""/>
    <member type="way" ref="33968776" role=""/>
    <member type="way" ref="33838700" role=""/>
    <member type="way" ref="33968775" role=""/>
    <tag k="admin_level" v="8"/>
    <tag k="boundary" v="administrative"/>
    <tag k="name" v="Reilhac"/>
    <tag k="type" v="boundary"/>
  </relation>
</osm>
