<?xml version="1.0" encoding="UTF-8"?>
<osm version="0.6" generator="OpenStreetMap server" copyright="OpenStreetMap and contributors" attribution="http://www.openstreetmap.org/copyright" license="http://opendatacommons.org/licenses/odbl/1-0/">
  <relation id="125001" visible="true" timestamp="2009-05-03T12:42:23Z" version="1" changeset="1059804" user="mat" uid="3085">
    <member type="node" ref="389522878" role="admin_centre"/>
    <member type="way" ref="34003263" role=""/>
    <member type="way" ref="34003264" role=""/>
    <tag k="admin_level" v="8"/>
    <tag k="boundary" v="administrative"/>
    <tag k="name" v="Tourdun"/>
    <tag k="type" v="boundary"/>
  </relation>
</osm>
