<?xml version="1.0" encoding="UTF-8"?>
<osm version="0.6" generator="OpenStreetMap server" copyright="OpenStreetMap and contributors" attribution="http://www.openstreetmap.org/copyright" license="http://opendatacommons.org/licenses/odbl/1-0/">
  <relation id="126401" visible="true" timestamp="2009-05-04T14:11:01Z" version="1" changeset="1074581" user="mat" uid="3085">
    <member type="node" ref="390331658" role="admin_centre"/>
    <member type="way" ref="34063106" role=""/>
    <member type="way" ref="34063107" role=""/>
    <member type="way" ref="34063105" role=""/>
    <tag k="admin_level" v="8"/>
    <tag k="boundary" v="administrative"/>
    <tag k="name" v="Ablon"/>
    <tag k="type" v="boundary"/>
  </relation>
</osm>
