<?xml version="1.0" encoding="UTF-8"?>
<osm version="0.6" generator="OpenStreetMap server" copyright="OpenStreetMap and contributors" attribution="http://www.openstreetmap.org/copyright" license="http://opendatacommons.org/licenses/odbl/1-0/">
  <relation id="1267801" visible="true" timestamp="2010-11-10T20:58:30Z" version="1" changeset="6339488" user="the_smile" uid="178396">
    <member type="way" ref="84803971" role=""/>
    <member type="way" ref="84803955" role=""/>
    <member type="way" ref="84803954" role=""/>
    <member type="way" ref="84803956" role=""/>
    <tag k="admin_level" v="8"/>
    <tag k="boundary" v="administrative"/>
    <tag k="name" v="Moutonneau"/>
    <tag k="ref:INSEE" v="16238"/>
    <tag k="type" v="boundary"/>
  </relation>
</osm>
