<?xml version="1.0" encoding="UTF-8"?>
<osm version="0.6" generator="OpenStreetMap server" copyright="OpenStreetMap and contributors" attribution="http://www.openstreetmap.org/copyright" license="http://opendatacommons.org/licenses/odbl/1-0/">
  <relation id="1268201" visible="true" timestamp="2010-11-11T10:09:13Z" version="1" changeset="6342318" user="the_smile" uid="178396">
    <member type="way" ref="33056940" role=""/>
    <member type="way" ref="84842525" role=""/>
    <member type="way" ref="84842553" role=""/>
    <member type="way" ref="84842518" role=""/>
    <member type="way" ref="84842502" role=""/>
    <member type="way" ref="84842548" role=""/>
    <member type="way" ref="33056895" role=""/>
    <tag k="admin_level" v="8"/>
    <tag k="boundary" v="administrative"/>
    <tag k="name" v="Saint-Angeau"/>
    <tag k="ref:INSEE" v="16300"/>
    <tag k="type" v="boundary"/>
  </relation>
</osm>
