<?xml version="1.0" encoding="UTF-8"?>
<osm version="0.6" generator="OpenStreetMap server" copyright="OpenStreetMap and contributors" attribution="http://www.openstreetmap.org/copyright" license="http://opendatacommons.org/licenses/odbl/1-0/">
  <relation id="1275401" visible="true" timestamp="2010-11-17T15:48:25Z" version="1" changeset="6393702" user="Jeffdelonge" uid="121295">
    <member type="way" ref="85582496" role=""/>
    <member type="way" ref="85582499" role=""/>
    <member type="way" ref="43308201" role=""/>
    <member type="way" ref="85565508" role=""/>
    <member type="way" ref="85580918" role=""/>
    <member type="way" ref="85580916" role=""/>
    <tag k="addr:postcode" v="70160"/>
    <tag k="admin_level" v="8"/>
    <tag k="boundary" v="administrative"/>
    <tag k="name" v="Senoncourt"/>
    <tag k="ref:INSEE" v="70488"/>
    <tag k="type" v="boundary"/>
  </relation>
</osm>
