<?xml version="1.0" encoding="UTF-8"?>
<osm version="0.6" generator="OpenStreetMap server" copyright="OpenStreetMap and contributors" attribution="http://www.openstreetmap.org/copyright" license="http://opendatacommons.org/licenses/odbl/1-0/">
  <relation id="1275601" visible="true" timestamp="2010-11-17T18:55:28Z" version="1" changeset="6395041" user="Jeffdelonge" uid="121295">
    <member type="way" ref="85597949" role=""/>
    <member type="way" ref="85582496" role=""/>
    <member type="way" ref="85582494" role=""/>
    <member type="way" ref="85586907" role=""/>
    <member type="way" ref="85593672" role=""/>
    <member type="way" ref="85595958" role=""/>
    <tag k="addr:postcode" v="70160"/>
    <tag k="admin_level" v="8"/>
    <tag k="boundary" v="administrative"/>
    <tag k="name" v="Menoux"/>
    <tag k="ref:INSEE" v="70341"/>
    <tag k="type" v="boundary"/>
  </relation>
</osm>
