<?xml version="1.0" encoding="UTF-8"?>
<osm version="0.6" generator="OpenStreetMap server" copyright="OpenStreetMap and contributors" attribution="http://www.openstreetmap.org/copyright" license="http://opendatacommons.org/licenses/odbl/1-0/">
  <relation id="127701" visible="true" timestamp="2009-05-05T09:39:06Z" version="1" changeset="1083878" user="delagela" uid="578">
    <member type="way" ref="34095963" role=""/>
    <member type="way" ref="34096097" role=""/>
    <member type="way" ref="34095977" role=""/>
    <member type="way" ref="34095987" role=""/>
    <member type="way" ref="34096064" role=""/>
    <member type="way" ref="34096061" role=""/>
    <member type="way" ref="34095962" role=""/>
    <tag k="admin_level" v="8"/>
    <tag k="boundary" v="administrative"/>
    <tag k="name" v="PASSIRAC"/>
    <tag k="type" v="boundary"/>
  </relation>
</osm>
