<?xml version="1.0" encoding="UTF-8"?>
<osm version="0.6" generator="OpenStreetMap server" copyright="OpenStreetMap and contributors" attribution="http://www.openstreetmap.org/copyright" license="http://opendatacommons.org/licenses/odbl/1-0/">
  <relation id="1283501" visible="true" timestamp="2010-11-23T14:23:53Z" version="1" changeset="6439859" user="Mawie" uid="150619">
    <member type="way" ref="86220159" role=""/>
    <member type="way" ref="82104529" role=""/>
    <member type="way" ref="82165093" role=""/>
    <member type="way" ref="86220161" role=""/>
    <tag k="addr:postcode" v="60960"/>
    <tag k="admin_level" v="8"/>
    <tag k="boundary" v="administrative"/>
    <tag k="name" v="Feuquières"/>
    <tag k="ref:INSEE" v="60233"/>
    <tag k="source:addr:postcode" v="source of postcode is from osm nodes"/>
    <tag k="source:ref:INSEE" v="source of ref is from osm nodes"/>
    <tag k="type" v="boundary"/>
  </relation>
</osm>
