<?xml version="1.0" encoding="UTF-8"?>
<osm version="0.6" generator="OpenStreetMap server" copyright="OpenStreetMap and contributors" attribution="http://www.openstreetmap.org/copyright" license="http://opendatacommons.org/licenses/odbl/1-0/">
  <relation id="1289101" visible="true" timestamp="2010-11-27T17:11:43Z" version="1" changeset="6471345" user="Eric V" uid="163480">
    <member type="way" ref="86677027" role=""/>
    <member type="way" ref="86339548" role=""/>
    <member type="way" ref="86419174" role=""/>
    <member type="way" ref="86334207" role=""/>
    <member type="way" ref="86654615" role=""/>
    <member type="way" ref="86654606" role=""/>
    <member type="way" ref="86677035" role=""/>
    <tag k="admin_level" v="8"/>
    <tag k="boundary" v="administrative"/>
    <tag k="name" v="Mérélessart"/>
    <tag k="ref:INSEE" v="80529"/>
    <tag k="type" v="boundary"/>
  </relation>
</osm>
