<?xml version="1.0" encoding="UTF-8"?>
<osm version="0.6" generator="OpenStreetMap server" copyright="OpenStreetMap and contributors" attribution="http://www.openstreetmap.org/copyright" license="http://opendatacommons.org/licenses/odbl/1-0/">
  <relation id="1299601" visible="true" timestamp="2010-12-02T12:37:06Z" version="1" changeset="6514182" user="Pmz" uid="4363">
    <member type="way" ref="87353560" role=""/>
    <member type="way" ref="87353559" role=""/>
    <member type="way" ref="41753480" role=""/>
    <member type="way" ref="58692748" role=""/>
    <member type="way" ref="47311122" role=""/>
    <member type="way" ref="32763526" role=""/>
    <member type="way" ref="87353558" role=""/>
    <tag k="admin_level" v="8"/>
    <tag k="boundary" v="administrative"/>
    <tag k="name" v="Valjouffrey"/>
    <tag k="ref:INSEE" v="38522"/>
    <tag k="source:ref:INSEE" v="COG"/>
    <tag k="type" v="boundary"/>
  </relation>
</osm>
