<?xml version="1.0" encoding="UTF-8"?>
<osm version="0.6" generator="OpenStreetMap server" copyright="OpenStreetMap and contributors" attribution="http://www.openstreetmap.org/copyright" license="http://opendatacommons.org/licenses/odbl/1-0/">
  <relation id="130801" visible="true" timestamp="2009-05-07T14:13:25Z" version="1" changeset="1107095" user="FrViPofm" uid="107257">
    <member type="node" ref="291416008" role="admin_center"/>
    <tag k="admin_level" v="8"/>
    <tag k="boundary" v="administrative"/>
    <tag k="code_INSEE" v="25502"/>
    <tag k="name" v="Roset-Fluans"/>
    <tag k="population" v="300"/>
    <tag k="postal_code" v="25410"/>
    <tag k="ref" v="25502"/>
    <tag k="type" v="boundary"/>
  </relation>
</osm>
