<?xml version="1.0" encoding="UTF-8"?>
<osm version="0.6" generator="OpenStreetMap server" copyright="OpenStreetMap and contributors" attribution="http://www.openstreetmap.org/copyright" license="http://opendatacommons.org/licenses/odbl/1-0/">
  <relation id="131001" visible="true" timestamp="2009-05-07T19:05:49Z" version="1" changeset="1109893" user="Denis_Helfer" uid="22165">
    <member type="way" ref="34177027" role=""/>
    <member type="way" ref="34177136" role=""/>
    <member type="way" ref="34176814" role=""/>
    <member type="way" ref="34177139" role=""/>
    <tag k="admin_level" v="8"/>
    <tag k="boundary" v="administrative"/>
    <tag k="name" v="Cormot-le-Grand"/>
    <tag k="ref" v="21195"/>
    <tag k="type" v="boundary"/>
  </relation>
</osm>
