<?xml version="1.0" encoding="UTF-8"?>
<osm version="0.6" generator="OpenStreetMap server" copyright="OpenStreetMap and contributors" attribution="http://www.openstreetmap.org/copyright" license="http://opendatacommons.org/licenses/odbl/1-0/">
  <relation id="131301" visible="true" timestamp="2009-05-08T15:00:44Z" version="1" changeset="1117813" user="mat" uid="3085">
    <member type="node" ref="392307879" role="admin_centre"/>
    <member type="way" ref="34207603" role=""/>
    <member type="way" ref="34207532" role=""/>
    <member type="way" ref="34207605" role=""/>
    <tag k="admin_level" v="8"/>
    <tag k="boundary" v="administrative"/>
    <tag k="name" v="Les Oubeaux"/>
    <tag k="type" v="boundary"/>
  </relation>
</osm>
