<?xml version="1.0" encoding="UTF-8"?>
<osm version="0.6" generator="OpenStreetMap server" copyright="OpenStreetMap and contributors" attribution="http://www.openstreetmap.org/copyright" license="http://opendatacommons.org/licenses/odbl/1-0/">
  <relation id="131401" visible="true" timestamp="2009-05-08T19:57:08Z" version="1" changeset="1120682" user="Denis_Helfer" uid="22165">
    <member type="way" ref="34214610" role=""/>
    <member type="way" ref="34214609" role=""/>
    <tag k="admin_level" v="8"/>
    <tag k="boundary" v="administrative"/>
    <tag k="name" v="Premeaux-Prissey"/>
    <tag k="ref" v="21506"/>
    <tag k="type" v="boundary"/>
  </relation>
</osm>
