<?xml version="1.0" encoding="UTF-8"?>
<osm version="0.6" generator="OpenStreetMap server" copyright="OpenStreetMap and contributors" attribution="http://www.openstreetmap.org/copyright" license="http://opendatacommons.org/licenses/odbl/1-0/">
  <relation id="1317401" visible="true" timestamp="2010-12-11T22:27:59Z" version="1" changeset="6630455" user="vincent_95" uid="49047">
    <member type="way" ref="88753749" role=""/>
    <member type="way" ref="88753741" role=""/>
    <member type="way" ref="89155366" role=""/>
    <member type="way" ref="89155382" role=""/>
    <member type="way" ref="88753744" role=""/>
    <member type="node" ref="1034195969" role="admin_centre"/>
    <tag k="addr:postcode" v="77750"/>
    <tag k="admin_level" v="8"/>
    <tag k="boundary" v="administrative"/>
    <tag k="name" v="Orly-sur-Morin"/>
    <tag k="ref:INSEE" v="77345"/>
    <tag k="type" v="boundary"/>
  </relation>
</osm>
