<?xml version="1.0" encoding="UTF-8"?>
<osm version="0.6" generator="OpenStreetMap server" copyright="OpenStreetMap and contributors" attribution="http://www.openstreetmap.org/copyright" license="http://opendatacommons.org/licenses/odbl/1-0/">
  <relation id="132601" visible="true" timestamp="2009-05-10T16:37:39Z" version="1" changeset="1141049" user="Denis_Helfer" uid="22165">
    <member type="way" ref="34296047" role=""/>
    <member type="way" ref="34295532" role=""/>
    <member type="way" ref="34296044" role=""/>
    <tag k="admin_level" v="8"/>
    <tag k="boundary" v="administrative"/>
    <tag k="name" v="Saint-Andeux"/>
    <tag k="ref" v="21538"/>
    <tag k="type" v="boundary"/>
  </relation>
</osm>
