<?xml version="1.0" encoding="UTF-8"?>
<osm version="0.6" generator="OpenStreetMap server" copyright="OpenStreetMap and contributors" attribution="http://www.openstreetmap.org/copyright" license="http://opendatacommons.org/licenses/odbl/1-0/">
  <relation id="1335801" visible="true" timestamp="2010-12-22T13:11:25Z" version="1" changeset="6735502" user="Damouns" uid="13442">
    <member type="node" ref="291415922" role="admin_centre"/>
    <member type="way" ref="34953052" role=""/>
    <member type="way" ref="34966796" role=""/>
    <member type="way" ref="34966792" role=""/>
    <member type="way" ref="91004018" role=""/>
    <member type="way" ref="91004017" role=""/>
    <member type="way" ref="48577804" role=""/>
    <tag k="admin_level" v="8"/>
    <tag k="boundary" v="administrative"/>
    <tag k="name" v="Sainte-Marie"/>
    <tag k="ref:INSEE" v="25521"/>
    <tag k="type" v="boundary"/>
  </relation>
</osm>
