<?xml version="1.0" encoding="UTF-8"?>
<osm version="0.6" generator="OpenStreetMap server" copyright="OpenStreetMap and contributors" attribution="http://www.openstreetmap.org/copyright" license="http://opendatacommons.org/licenses/odbl/1-0/">
  <relation id="1363101" visible="true" timestamp="2011-01-08T11:42:35Z" version="1" changeset="6902515" user="Greteck" uid="262836">
    <member type="way" ref="33428507" role="outer"/>
    <member type="way" ref="93866251" role="outer"/>
    <member type="way" ref="64798306" role="outer"/>
    <member type="way" ref="64798296" role="outer"/>
    <member type="way" ref="64798305" role="outer"/>
    <member type="way" ref="64798300" role="outer"/>
    <member type="way" ref="64798294" role="outer"/>
    <member type="way" ref="64798298" role="outer"/>
    <member type="way" ref="64798303" role="outer"/>
    <member type="way" ref="34839542" role="outer"/>
    <member type="way" ref="81758525" role="outer"/>
    <member type="way" ref="93866245" role="outer"/>
    <member type="way" ref="93866253" role="outer"/>
    <member type="way" ref="93866247" role="outer"/>
    <member type="way" ref="93866237" role="outer"/>
    <member type="way" ref="93866249" role="outer"/>
    <member type="way" ref="93866250" role="outer"/>
    <member type="node" ref="244938548" role="admin_centre"/>
    <tag k="addr:postcode" v="12800"/>
    <tag k="admin_level" v="8"/>
    <tag k="boundary" v="administrative"/>
    <tag k="name" v="Crespin"/>
    <tag k="ref:INSEE" v="12085"/>
    <tag k="type" v="boundary"/>
  </relation>
</osm>
