<?xml version="1.0" encoding="UTF-8"?>
<osm version="0.6" generator="OpenStreetMap server" copyright="OpenStreetMap and contributors" attribution="http://www.openstreetmap.org/copyright" license="http://opendatacommons.org/licenses/odbl/1-0/">
  <relation id="1364101" visible="true" timestamp="2011-01-08T21:46:39Z" version="1" changeset="6909384" user="vincent_95" uid="49047">
    <member type="way" ref="93975178" role=""/>
    <member type="way" ref="93975173" role=""/>
    <member type="way" ref="93799407" role=""/>
    <member type="way" ref="93800594" role=""/>
    <member type="node" ref="1092448776" role=""/>
    <tag k="addr:postcode" v="77370"/>
    <tag k="admin_level" v="8"/>
    <tag k="boundary" v="administrative"/>
    <tag k="name" v="Vieux-Champagne"/>
    <tag k="ref:INSEE" v="77496"/>
    <tag k="type" v="boundary"/>
  </relation>
</osm>
