<?xml version="1.0" encoding="UTF-8"?>
<osm version="0.6" generator="OpenStreetMap server" copyright="OpenStreetMap and contributors" attribution="http://www.openstreetmap.org/copyright" license="http://opendatacommons.org/licenses/odbl/1-0/">
  <relation id="1368601" visible="true" timestamp="2011-01-10T00:42:49Z" version="1" changeset="6922458" user="didier2020" uid="300459">
    <member type="way" ref="94261103" role="outer"/>
    <member type="way" ref="94261072" role="outer"/>
    <member type="way" ref="94255903" role="outer"/>
    <member type="way" ref="94255891" role="outer"/>
    <member type="way" ref="84774047" role="outer"/>
    <member type="way" ref="62331861" role="outer"/>
    <member type="way" ref="62331862" role="outer"/>
    <member type="way" ref="94261104" role="outer"/>
    <member type="node" ref="288377154" role="admin_centre"/>
    <tag k="addr:postcode" v="05700"/>
    <tag k="admin_level" v="8"/>
    <tag k="boundary" v="administrative"/>
    <tag k="name" v="Savournon"/>
    <tag k="ref:INSEE" v="05165"/>
    <tag k="type" v="boundary"/>
  </relation>
</osm>
