<?xml version="1.0" encoding="UTF-8"?>
<osm version="0.6" generator="OpenStreetMap server" copyright="OpenStreetMap and contributors" attribution="http://www.openstreetmap.org/copyright" license="http://opendatacommons.org/licenses/odbl/1-0/">
  <relation id="137901" visible="true" timestamp="2009-05-14T09:23:15Z" version="1" changeset="1185088" user="FrViPofm" uid="107257">
    <member type="node" ref="291415448" role="admin_center"/>
    <member type="way" ref="34479820" role=""/>
    <member type="way" ref="33481700" role=""/>
    <member type="way" ref="33754537" role=""/>
    <member type="way" ref="34479823" role=""/>
    <member type="way" ref="34479821" role=""/>
    <tag k="admin_level" v="8"/>
    <tag k="boundary" v="administrative"/>
    <tag k="code_INSEE" v="25217"/>
    <tag k="name" v="Émagny"/>
    <tag k="population" v="500"/>
    <tag k="postal_code" v="25170"/>
    <tag k="ref" v="25217"/>
    <tag k="type" v="boundary"/>
  </relation>
</osm>
