<?xml version="1.0" encoding="UTF-8"?>
<osm version="0.6" generator="OpenStreetMap server" copyright="OpenStreetMap and contributors" attribution="http://www.openstreetmap.org/copyright" license="http://opendatacommons.org/licenses/odbl/1-0/">
  <relation id="138501" visible="true" timestamp="2009-05-14T23:04:59Z" version="1" changeset="1193473" user="xschaeffer" uid="89861">
    <member type="way" ref="34527849" role=""/>
    <member type="way" ref="34527852" role=""/>
    <member type="way" ref="34527825" role=""/>
    <member type="way" ref="34527820" role=""/>
    <member type="way" ref="34527840" role=""/>
    <tag k="admin_level" v="8"/>
    <tag k="boundary" v="administrative"/>
    <tag k="name" v="Écoyeux"/>
    <tag k="type" v="boundary"/>
  </relation>
</osm>
