<?xml version="1.0" encoding="UTF-8"?>
<osm version="0.6" generator="OpenStreetMap server" copyright="OpenStreetMap and contributors" attribution="http://www.openstreetmap.org/copyright" license="http://opendatacommons.org/licenses/odbl/1-0/">
  <relation id="139001" visible="true" timestamp="2009-05-15T21:06:01Z" version="1" changeset="1203993" user="NicoB" uid="89288">
    <member type="way" ref="34571021" role=""/>
    <member type="way" ref="34570672" role=""/>
    <member type="way" ref="34571016" role=""/>
    <member type="way" ref="34571013" role=""/>
    <member type="way" ref="34571014" role=""/>
    <member type="node" ref="36787070" role="admin_center"/>
    <tag k="admin_level" v="8"/>
    <tag k="boundary" v="administrative"/>
    <tag k="name" v="Pirajoux"/>
    <tag k="source" v="cadastre-dgi-fr source : Direction Générale des Impôts - Cadastre ; mise à jour : 2009"/>
    <tag k="type" v="boundary"/>
  </relation>
</osm>
