<?xml version="1.0" encoding="UTF-8"?>
<osm version="0.6" generator="OpenStreetMap server" copyright="OpenStreetMap and contributors" attribution="http://www.openstreetmap.org/copyright" license="http://opendatacommons.org/licenses/odbl/1-0/">
  <relation id="139101" visible="true" timestamp="2009-05-16T08:11:14Z" version="1" changeset="1206765" user="Denis_Helfer" uid="22165">
    <member type="way" ref="34582596" role=""/>
    <member type="way" ref="34582386" role=""/>
    <member type="way" ref="34582597" role=""/>
    <member type="way" ref="34582201" role=""/>
    <tag k="admin_level" v="8"/>
    <tag k="boundary" v="administrative"/>
    <tag k="name" v="Mesmont"/>
    <tag k="ref" v="21406"/>
    <tag k="type" v="boundary"/>
  </relation>
</osm>
