<?xml version="1.0" encoding="UTF-8"?>
<osm version="0.6" generator="OpenStreetMap server" copyright="OpenStreetMap and contributors" attribution="http://www.openstreetmap.org/copyright" license="http://opendatacommons.org/licenses/odbl/1-0/">
  <relation id="1392201" visible="true" timestamp="2011-01-25T09:50:10Z" version="1" changeset="7081511" user="STA" uid="18744">
    <member type="way" ref="84727659" role=""/>
    <member type="way" ref="84727660" role=""/>
    <member type="way" ref="84727601" role=""/>
    <member type="way" ref="96687374" role=""/>
    <member type="way" ref="96687372" role=""/>
    <tag k="admin_level" v="8"/>
    <tag k="boundary" v="administrative"/>
    <tag k="name" v="Oriocourt"/>
    <tag k="ref:INSEE" v="57525"/>
    <tag k="type" v="boundary"/>
  </relation>
</osm>
