<?xml version="1.0" encoding="UTF-8"?>
<osm version="0.6" generator="OpenStreetMap server" copyright="OpenStreetMap and contributors" attribution="http://www.openstreetmap.org/copyright" license="http://opendatacommons.org/licenses/odbl/1-0/">
  <relation id="139201" visible="true" timestamp="2009-05-16T10:51:31Z" version="1" changeset="1208193" user="NicoB" uid="89288">
    <member type="way" ref="34584715" role=""/>
    <member type="way" ref="34585444" role=""/>
    <member type="node" ref="26698237" role=""/>
    <member type="way" ref="34585449" role=""/>
    <member type="way" ref="34585451" role=""/>
    <tag k="admin_level" v="8"/>
    <tag k="boundary" v="administrative"/>
    <tag k="name" v="Montrevel-en-Bresse"/>
    <tag k="source" v="cadastre-dgi-fr source : Direction Générale des Impôts - Cadastre ; mise à jour : 2009"/>
    <tag k="type" v="boundary"/>
  </relation>
</osm>
