<?xml version="1.0" encoding="UTF-8"?>
<osm version="0.6" generator="OpenStreetMap server" copyright="OpenStreetMap and contributors" attribution="http://www.openstreetmap.org/copyright" license="http://opendatacommons.org/licenses/odbl/1-0/">
  <relation id="1393401" visible="true" timestamp="2011-01-26T09:40:05Z" version="1" changeset="7091088" user="STA" uid="18744">
    <member type="way" ref="96792358" role=""/>
    <tag k="admin_level" v="8"/>
    <tag k="boundary" v="administrative"/>
    <tag k="name" v="Saint-Julien-sur-Cher"/>
    <tag k="ref:INSEE" v="41218"/>
    <tag k="type" v="boundary"/>
  </relation>
</osm>
