<?xml version="1.0" encoding="UTF-8"?>
<osm version="0.6" generator="OpenStreetMap server" copyright="OpenStreetMap and contributors" attribution="http://www.openstreetmap.org/copyright" license="http://opendatacommons.org/licenses/odbl/1-0/">
  <relation id="140201" visible="true" timestamp="2009-05-17T13:19:45Z" version="1" changeset="1221417" user="wouldsmina" uid="33805">
    <member type="way" ref="34629905" role=""/>
    <member type="way" ref="34629906" role=""/>
    <member type="way" ref="34629989" role=""/>
    <member type="way" ref="34629992" role=""/>
    <tag k="admin_level" v="8"/>
    <tag k="boundary" v="administrative"/>
    <tag k="name" v="Loisia"/>
    <tag k="ref_INSEE" v="39295"/>
    <tag k="type" v="boundary"/>
  </relation>
</osm>
