<?xml version="1.0" encoding="UTF-8"?>
<osm version="0.6" generator="OpenStreetMap server" copyright="OpenStreetMap and contributors" attribution="http://www.openstreetmap.org/copyright" license="http://opendatacommons.org/licenses/odbl/1-0/">
  <relation id="1420601" visible="true" timestamp="2011-02-11T12:26:56Z" version="1" changeset="7254714" user="Mawie" uid="150619">
    <member type="way" ref="82489734" role=""/>
    <member type="way" ref="82489337" role=""/>
    <member type="way" ref="98987851" role=""/>
    <member type="way" ref="98987850" role=""/>
    <member type="way" ref="83012784" role=""/>
    <member type="way" ref="83012785" role=""/>
    <tag k="addr:postcode" v="76690"/>
    <tag k="admin_level" v="8"/>
    <tag k="boundary" v="administrative"/>
    <tag k="name" v="Claville-Motteville"/>
    <tag k="ref:INSEE" v="76177"/>
    <tag k="source:addr:postcode" v="source of postcode is from osm nodes"/>
    <tag k="source:ref:INSEE" v="source of ref is from osm nodes"/>
    <tag k="type" v="boundary"/>
  </relation>
</osm>
