<?xml version="1.0" encoding="UTF-8"?>
<osm version="0.6" generator="OpenStreetMap server" copyright="OpenStreetMap and contributors" attribution="http://www.openstreetmap.org/copyright" license="http://opendatacommons.org/licenses/odbl/1-0/">
  <relation id="142101" visible="true" timestamp="2009-05-18T18:12:29Z" version="1" changeset="1239870" user="monsieur a" uid="97101">
    <member type="way" ref="34716485" role=""/>
    <member type="way" ref="34716477" role=""/>
    <member type="way" ref="34716486" role=""/>
    <member type="way" ref="34716482" role=""/>
    <tag k="admin_level" v="8"/>
    <tag k="boundary" v="administrative"/>
    <tag k="name" v="Saint Germain"/>
    <tag k="type" v="boundary"/>
  </relation>
</osm>
