<?xml version="1.0" encoding="UTF-8"?>
<osm version="0.6" generator="OpenStreetMap server" copyright="OpenStreetMap and contributors" attribution="http://www.openstreetmap.org/copyright" license="http://opendatacommons.org/licenses/odbl/1-0/">
  <relation id="142301" visible="true" timestamp="2009-05-18T22:59:26Z" version="1" changeset="1243648" user="quicky" uid="99151">
    <member type="way" ref="34731455" role=""/>
    <member type="way" ref="34731451" role=""/>
    <tag k="admin_level" v="8"/>
    <tag k="boundary" v="administrative"/>
    <tag k="name" v="Propières"/>
    <tag k="source" v="cadastre-dgi-fr source : Direction Générale des Impôts - Cadastre ; mise à jour : 2008"/>
    <tag k="type" v="boundary"/>
  </relation>
</osm>
