<?xml version="1.0" encoding="UTF-8"?>
<osm version="0.6" generator="OpenStreetMap server" copyright="OpenStreetMap and contributors" attribution="http://www.openstreetmap.org/copyright" license="http://opendatacommons.org/licenses/odbl/1-0/">
  <relation id="142701" visible="true" timestamp="2009-05-19T11:12:32Z" version="1" changeset="1246915" user="Denis_Helfer" uid="22165">
    <member type="way" ref="34753181" role=""/>
    <member type="way" ref="34696657" role=""/>
    <member type="way" ref="34753183" role=""/>
    <member type="way" ref="34753005" role=""/>
    <tag k="admin_level" v="8"/>
    <tag k="boundary" v="administrative"/>
    <tag k="name" v="Torcy-et-Pouligny"/>
    <tag k="ref" v="21640"/>
    <tag k="type" v="boundary"/>
  </relation>
</osm>
