<?xml version="1.0" encoding="UTF-8"?>
<osm version="0.6" generator="OpenStreetMap server" copyright="OpenStreetMap and contributors" attribution="http://www.openstreetmap.org/copyright" license="http://opendatacommons.org/licenses/odbl/1-0/">
  <relation id="1428801" visible="true" timestamp="2011-02-15T15:29:14Z" version="1" changeset="7295871" user="HelenePETIT" uid="211286">
    <member type="way" ref="99841258" role=""/>
    <member type="way" ref="99868775" role=""/>
    <tag k="admin_level" v="8"/>
    <tag k="boundary" v="administrative"/>
    <tag k="name" v="Trebons-de-Luchon"/>
    <tag k="population" v="6"/>
    <tag k="ref:INSEE" v="31559"/>
    <tag k="type" v="boundary"/>
  </relation>
</osm>
