<?xml version="1.0" encoding="UTF-8"?>
<osm version="0.6" generator="OpenStreetMap server" copyright="OpenStreetMap and contributors" attribution="http://www.openstreetmap.org/copyright" license="http://opendatacommons.org/licenses/odbl/1-0/">
  <relation id="1432401" visible="true" timestamp="2011-02-17T17:18:13Z" version="1" changeset="7315110" user="Mawie" uid="150619">
    <member type="way" ref="62114713" role=""/>
    <member type="way" ref="100151189" role=""/>
    <member type="way" ref="100151223" role=""/>
    <member type="way" ref="100151181" role=""/>
    <member type="way" ref="100151218" role=""/>
    <member type="way" ref="85472253" role=""/>
    <member type="way" ref="50923089" role=""/>
    <tag k="addr:postcode" v="10700"/>
    <tag k="admin_level" v="8"/>
    <tag k="boundary" v="administrative"/>
    <tag k="name" v="Chapelle-Vallon"/>
    <tag k="ref:INSEE" v="10082"/>
    <tag k="source:addr:postcode" v="source of postcode is from osm nodes"/>
    <tag k="source:ref:INSEE" v="source of ref is from  osm nodes"/>
    <tag k="type" v="boundary"/>
  </relation>
</osm>
