<?xml version="1.0" encoding="UTF-8"?>
<osm version="0.6" generator="OpenStreetMap server" copyright="OpenStreetMap and contributors" attribution="http://www.openstreetmap.org/copyright" license="http://opendatacommons.org/licenses/odbl/1-0/">
  <relation id="1433701" visible="true" timestamp="2011-02-18T12:12:30Z" version="1" changeset="7321870" user="Mawie" uid="150619">
    <member type="way" ref="100274517" role=""/>
    <member type="way" ref="100274528" role=""/>
    <member type="way" ref="53196276" role=""/>
    <member type="way" ref="100273631" role=""/>
    <tag k="addr:postcode" v="60310"/>
    <tag k="admin_level" v="8"/>
    <tag k="boundary" v="administrative"/>
    <tag k="name" v="Évricourt"/>
    <tag k="ref:INSEE" v="60227"/>
    <tag k="source:addr:postcode" v="source of postcode is from osm nodes"/>
    <tag k="source:ref:INSEE" v="source of ref is from osm nodes"/>
    <tag k="type" v="boundary"/>
  </relation>
</osm>
