<?xml version="1.0" encoding="UTF-8"?>
<osm version="0.6" generator="OpenStreetMap server" copyright="OpenStreetMap and contributors" attribution="http://www.openstreetmap.org/copyright" license="http://opendatacommons.org/licenses/odbl/1-0/">
  <relation id="144901" visible="true" timestamp="2009-05-21T09:58:47Z" version="1" changeset="1273183" user="monsieur a" uid="97101">
    <member type="way" ref="34589459" role=""/>
    <member type="way" ref="34652060" role=""/>
    <member type="way" ref="34718005" role=""/>
    <member type="way" ref="34589458" role=""/>
    <member type="way" ref="34589449" role=""/>
    <tag k="admin_level" v="8"/>
    <tag k="boundary" v="administrative"/>
    <tag k="name" v="Sommières du Clain"/>
    <tag k="type" v="boundary"/>
  </relation>
</osm>
