<?xml version="1.0" encoding="UTF-8"?>
<osm version="0.6" generator="OpenStreetMap server" copyright="OpenStreetMap and contributors" attribution="http://www.openstreetmap.org/copyright" license="http://opendatacommons.org/licenses/odbl/1-0/">
  <relation id="1450201" visible="true" timestamp="2011-02-27T14:36:30Z" version="1" changeset="7411391" user="Mawie" uid="150619">
    <member type="way" ref="101974520" role=""/>
    <member type="way" ref="101974486" role=""/>
    <member type="way" ref="33681358" role=""/>
    <member type="way" ref="83348899" role=""/>
    <member type="way" ref="83348439" role=""/>
    <member type="way" ref="83348448" role=""/>
    <member type="way" ref="83270728" role=""/>
    <member type="way" ref="59038218" role=""/>
    <member type="way" ref="59038831" role=""/>
    <member type="way" ref="76912218" role=""/>
    <member type="way" ref="76912217" role=""/>
    <member type="way" ref="77003812" role=""/>
    <member type="way" ref="76848353" role=""/>
    <member type="way" ref="33492897" role=""/>
    <member type="way" ref="76848427" role=""/>
    <member type="way" ref="51080962" role=""/>
    <member type="way" ref="33631751" role=""/>
    <member type="way" ref="33631748" role=""/>
    <member type="way" ref="51080038" role=""/>
    <member type="way" ref="50434309" role=""/>
    <member type="way" ref="50365693" role=""/>
    <member type="way" ref="50434304" role=""/>
    <member type="way" ref="48583130" role=""/>
    <member type="way" ref="48583128" role=""/>
    <member type="way" ref="76910799" role=""/>
    <member type="way" ref="23301773" role=""/>
    <member type="way" ref="35560096" role=""/>
    <member type="way" ref="35559956" role=""/>
    <member type="way" ref="35559958" role=""/>
    <member type="way" ref="33494780" role=""/>
    <member type="way" ref="33494778" role=""/>
    <member type="way" ref="35559892" role=""/>
    <member type="way" ref="35938524" role=""/>
    <member type="way" ref="33633593" role=""/>
    <member type="way" ref="33637052" role=""/>
    <member type="way" ref="33438457" role=""/>
    <member type="way" ref="35973393" role=""/>
    <member type="way" ref="33438039" role=""/>
    <member type="way" ref="35936839" role=""/>
    <member type="way" ref="35936840" role=""/>
    <member type="way" ref="23301699" role=""/>
    <member type="way" ref="67615169" role=""/>
    <member type="way" ref="67628025" role=""/>
    <member type="way" ref="67628849" role=""/>
    <member type="way" ref="35570512" role=""/>
    <member type="way" ref="33433611" role=""/>
    <member type="way" ref="35560680" role=""/>
    <member type="way" ref="35560679" role=""/>
    <member type="way" ref="35560678" role=""/>
    <member type="way" ref="35560555" role=""/>
    <member type="way" ref="35560763" role=""/>
    <member type="way" ref="68577458" role=""/>
    <member type="way" ref="68729546" role=""/>
    <member type="way" ref="68739982" role=""/>
    <member type="way" ref="69087238" role=""/>
    <member type="way" ref="69088007" role=""/>
    <member type="way" ref="69088008" role=""/>
    <member type="way" ref="33235033" role=""/>
    <member type="way" ref="33200741" role=""/>
    <member type="way" ref="33681360" role=""/>
    <member type="way" ref="33760538" role=""/>
    <member type="way" ref="29968550" role=""/>
    <member type="way" ref="33760540" role=""/>
    <member type="way" ref="29969628" role=""/>
    <member type="way" ref="29968258" role=""/>
    <member type="way" ref="29968548" role=""/>
    <member type="way" ref="33186941" role=""/>
    <member type="way" ref="33621678" role=""/>
    <member type="way" ref="33138692" role=""/>
    <member type="way" ref="33138695" role=""/>
    <member type="way" ref="33140305" role=""/>
    <member type="way" ref="33560423" role=""/>
    <member type="way" ref="33604709" role=""/>
    <member type="way" ref="70983032" role=""/>
    <member type="way" ref="33567596" role=""/>
    <member type="way" ref="70983033" role=""/>
    <member type="way" ref="70983034" role=""/>
    <member type="way" ref="33532795" role=""/>
    <member type="way" ref="33567600" role=""/>
    <member type="way" ref="33567578" role=""/>
    <member type="way" ref="33481228" role=""/>
    <member type="way" ref="34005204" role=""/>
    <member type="way" ref="34396808" role=""/>
    <member type="way" ref="34004937" role=""/>
    <member type="way" ref="33428899" role=""/>
    <member type="way" ref="34004941" role=""/>
    <member type="way" ref="33741551" role=""/>
    <member type="way" ref="33428872" role=""/>
    <member type="way" ref="34003444" role=""/>
    <member type="way" ref="33480698" role=""/>
    <member type="way" ref="33751935" role=""/>
    <member type="way" ref="33741531" role=""/>
    <member type="way" ref="33435514" role=""/>
    <member type="way" ref="33434041" role=""/>
    <member type="way" ref="33434042" role=""/>
    <member type="way" ref="33631083" role=""/>
    <member type="way" ref="33784839" role=""/>
    <member type="way" ref="33741482" role=""/>
    <member type="way" ref="33741461" role=""/>
    <member type="way" ref="33741463" role=""/>
    <member type="way" ref="33632918" role=""/>
    <member type="way" ref="33741550" role=""/>
    <member type="way" ref="33741491" role=""/>
    <member type="way" ref="34059946" role=""/>
    <member type="way" ref="34998623" role=""/>
    <member type="way" ref="70186895" role=""/>
    <member type="way" ref="70186892" role=""/>
    <member type="way" ref="70186904" role=""/>
    <member type="way" ref="34425199" role=""/>
    <member type="way" ref="34425201" role=""/>
    <member type="way" ref="34425202" role=""/>
    <member type="way" ref="33074574" role=""/>
    <member type="way" ref="33074592" role=""/>
    <member type="way" ref="34000243" role=""/>
    <member type="way" ref="33999655" role=""/>
    <member type="way" ref="33999414" role=""/>
    <member type="way" ref="33083796" role=""/>
    <member type="way" ref="33999311" role=""/>
    <member type="way" ref="33450373" role=""/>
    <member type="way" ref="33083414" role=""/>
    <member type="way" ref="33450370" role=""/>
    <member type="way" ref="33450371" role=""/>
    <member type="way" ref="33450366" role=""/>
    <member type="way" ref="34062780" role=""/>
    <member type="way" ref="33452451" role=""/>
    <member type="way" ref="34062779" role=""/>
    <member type="way" ref="48592532" role=""/>
    <member type="way" ref="33488773" role=""/>
    <member type="way" ref="33489376" role=""/>
    <member type="way" ref="33490722" role=""/>
    <member type="way" ref="54510211" role=""/>
    <member type="way" ref="33758536" role=""/>
    <member type="way" ref="33924289" role=""/>
    <member type="way" ref="46266621" role=""/>
    <member type="way" ref="46266622" role=""/>
    <member type="way" ref="55294229" role=""/>
    <member type="way" ref="55294206" role=""/>
    <member type="way" ref="54661523" role=""/>
    <member type="way" ref="54661524" role=""/>
    <member type="way" ref="41227276" role=""/>
    <member type="way" ref="41227277" role=""/>
    <member type="way" ref="54571951" role=""/>
    <member type="way" ref="54571950" role=""/>
    <member type="way" ref="53959324" role=""/>
    <member type="way" ref="33634596" role=""/>
    <member type="way" ref="33436034" role=""/>
    <member type="way" ref="53827985" role=""/>
    <member type="way" ref="53827986" role=""/>
    <member type="way" ref="53827980" role=""/>
    <member type="way" ref="53827988" role=""/>
    <member type="node" ref="26691563" role="admin_centre"/>
    <tag k="admin_level" v="6"/>
    <tag k="boundary" v="administrative"/>
    <tag k="name" v="Allier"/>
    <tag k="ref" v="03"/>
    <tag k="type" v="boundary"/>
  </relation>
</osm>
