<?xml version="1.0" encoding="UTF-8"?>
<osm version="0.6" generator="OpenStreetMap server" copyright="OpenStreetMap and contributors" attribution="http://www.openstreetmap.org/copyright" license="http://opendatacommons.org/licenses/odbl/1-0/">
  <relation id="145201" visible="true" timestamp="2009-05-21T16:58:36Z" version="1" changeset="1277824" user="Cyrille Nofficial" uid="29467">
    <member type="way" ref="34882833" role=""/>
    <member type="way" ref="34882825" role=""/>
    <member type="way" ref="34882828" role=""/>
    <member type="way" ref="34882832" role=""/>
    <member type="way" ref="34882811" role=""/>
    <member type="way" ref="34875969" role=""/>
    <tag k="admin_level" v="8"/>
    <tag k="boundary" v="administrative"/>
    <tag k="name" v="Cruguel"/>
    <tag k="type" v="boundary"/>
  </relation>
</osm>
