<?xml version="1.0" encoding="UTF-8"?>
<osm version="0.6" generator="OpenStreetMap server" copyright="OpenStreetMap and contributors" attribution="http://www.openstreetmap.org/copyright" license="http://opendatacommons.org/licenses/odbl/1-0/">
  <relation id="145301" visible="true" timestamp="2009-05-21T19:32:57Z" version="1" changeset="1279521" user="Denis_Helfer" uid="22165">
    <member type="way" ref="34867913" role=""/>
    <member type="way" ref="34887656" role=""/>
    <member type="way" ref="34867961" role=""/>
    <member type="way" ref="34887653" role=""/>
    <tag k="admin_level" v="8"/>
    <tag k="boundary" v="administrative"/>
    <tag k="name" v="Frôlois"/>
    <tag k="ref" v="21288"/>
    <tag k="type" v="boundary"/>
  </relation>
</osm>
