<?xml version="1.0" encoding="UTF-8"?>
<osm version="0.6" generator="OpenStreetMap server" copyright="OpenStreetMap and contributors" attribution="http://www.openstreetmap.org/copyright" license="http://opendatacommons.org/licenses/odbl/1-0/">
  <relation id="145501" visible="true" timestamp="2009-05-22T09:10:38Z" version="1" changeset="1283317" user="Denis_Helfer" uid="22165">
    <member type="way" ref="34907354" role=""/>
    <member type="way" ref="34907353" role=""/>
    <member type="way" ref="34907262" role=""/>
    <tag k="admin_level" v="8"/>
    <tag k="boundary" v="administrative"/>
    <tag k="name" v="Moutiers-Saint-Jean"/>
    <tag k="ref" v="21446"/>
    <tag k="type" v="boundary"/>
  </relation>
</osm>
