<?xml version="1.0" encoding="UTF-8"?>
<osm version="0.6" generator="OpenStreetMap server" copyright="OpenStreetMap and contributors" attribution="http://www.openstreetmap.org/copyright" license="http://opendatacommons.org/licenses/odbl/1-0/">
  <relation id="145801" visible="true" timestamp="2009-05-22T15:48:04Z" version="1" changeset="1287007" user="mat" uid="3085">
    <member type="node" ref="409718716" role="admin_centre"/>
    <member type="way" ref="34919482" role=""/>
    <member type="way" ref="34919483" role=""/>
    <tag k="admin_level" v="8"/>
    <tag k="boundary" v="administrative"/>
    <tag k="name" v="Le Bény-Bocage"/>
    <tag k="type" v="boundary"/>
  </relation>
</osm>
